resort_name|state|region|postal_code|summit|mid_elevation|base|vertical|lifts|runs|acres|green_percent|green_acres|blue_percent|blue_acres|black_percent|black_acres|lat|lon|mid_elevation_meters|timezone|country|ticket_currency|peak_day_ticket_local|peak_day_ticket_usd|advance_day_ticket_local|ticket_basis|map|openmeteo_hourly_api_call
49 Degrees North - WA|Washington|Pacific Northwest|99141|5774|4848.5|3923|1851|6|82|2325|0.3|697.5|0.4|930|0.3|697.5|48.302|-117.567|1477.8228|America/Los_Angeles|USA|USD|89|89|78|estimate|https://www.onthesnow.com/washington/49-degrees-north/trailmap|https://archive-api.open-meteo.com/v1/archive?latitude=48.302&longitude=-117.567&start_date=1999-06-01&end_date=2026-05-31&hourly=temperature_2m,apparent_temperature,snowfall,snow_depth,rain,cloud_cover,cloud_cover_low,cloud_cover_mid,cloud_cover_high,weather_code,wind_direction_100m,wind_direction_10m,wind_speed_100m,wind_speed_10m,wind_gusts_10m,dew_point_2m,relative_humidity_2m,sunshine_duration,direct_normal_irradiance,diffuse_radiation,shortwave_radiation,terrestrial_radiation,direct_normal_irradiance_instant,diffuse_radiation_instant,shortwave_radiation_instant,terrestrial_radiation_instant,is_day&timezone=America/Los_Angeles&temperature_unit=fahrenheit&wind_speed_unit=mph&precipitation_unit=inch&elevation=1477.8228
Afton Alps - MN|Minnesota|Midwest|55033|700|525|350|350|18|48|250|0.36|90|0.39|97.5|0.24|60|44.85|-92.79|160.02|America/Chicago|USA|USD|89|89|78|estimate|https://www.onthesnow.com/minnesota/afton-alps/trailmap|https://archive-api.open-meteo.com/v1/archive?latitude=44.85&longitude=-92.79&start_date=1999-06-01&end_date=2026-05-31&hourly=temperature_2m,apparent_temperature,snowfall,snow_depth,rain,cloud_cover,cloud_cover_low,cloud_cover_mid,cloud_cover_high,weather_code,wind_direction_100m,wind_direction_10m,wind_speed_100m,wind_speed_10m,wind_gusts_10m,dew_point_2m,relative_humidity_2m,sunshine_duration,direct_normal_irradiance,diffuse_radiation,shortwave_radiation,terrestrial_radiation,direct_normal_irradiance_instant,diffuse_radiation_instant,shortwave_radiation_instant,terrestrial_radiation_instant,is_day&timezone=America/Chicago&temperature_unit=fahrenheit&wind_speed_unit=mph&precipitation_unit=inch&elevation=160.02
Alpental - WA|Washington|Pacific Northwest|98068|5420|4275|3130|2290|6|24|825|0.05|41.25|0.26|214.5|0.68|561|47.444153|-121.42593|1303.02|America/Los_Angeles|USA|USD|107|107||published_2526|https://www.onthesnow.com/washington/alpental/trailmap|https://archive-api.open-meteo.com/v1/archive?latitude=47.444153&longitude=-121.42593&start_date=1999-06-01&end_date=2026-05-31&hourly=temperature_2m,apparent_temperature,snowfall,snow_depth,rain,cloud_cover,cloud_cover_low,cloud_cover_mid,cloud_cover_high,weather_code,wind_direction_100m,wind_direction_10m,wind_speed_100m,wind_speed_10m,wind_gusts_10m,dew_point_2m,relative_humidity_2m,sunshine_duration,direct_normal_irradiance,diffuse_radiation,shortwave_radiation,terrestrial_radiation,direct_normal_irradiance_instant,diffuse_radiation_instant,shortwave_radiation_instant,terrestrial_radiation_instant,is_day&timezone=America/Los_Angeles&temperature_unit=fahrenheit&wind_speed_unit=mph&precipitation_unit=inch&elevation=1303.02
Alpine Meadows - CA|California|Sierra Nevada|96146|8637|7736|6835|1802|13|100|2400|0.25|600|0.4|960|0.35|840|39.166|-120.239|2357.9328|America/Los_Angeles|USA|USD|289|289|217|estimate|https://www.palisadestahoe.com/mountain-information/trail-maps|https://archive-api.open-meteo.com/v1/archive?latitude=39.166&longitude=-120.239&start_date=1999-06-01&end_date=2026-05-31&hourly=temperature_2m,apparent_temperature,snowfall,snow_depth,rain,cloud_cover,cloud_cover_low,cloud_cover_mid,cloud_cover_high,weather_code,wind_direction_100m,wind_direction_10m,wind_speed_100m,wind_speed_10m,wind_gusts_10m,dew_point_2m,relative_humidity_2m,sunshine_duration,direct_normal_irradiance,diffuse_radiation,shortwave_radiation,terrestrial_radiation,direct_normal_irradiance_instant,diffuse_radiation_instant,shortwave_radiation_instant,terrestrial_radiation_instant,is_day&timezone=America/Los_Angeles&temperature_unit=fahrenheit&wind_speed_unit=mph&precipitation_unit=inch&elevation=2357.9328
Alpine Valley - MI|Michigan|Midwest|48383|1210|1060|910|300|14|25|100|0.34|34|0.36|36|0.3|30|42.72|-83.53|323.088|America/Detroit|USA|USD|55|55|48|estimate|https://www.onthesnow.com/michigan/alpine-valley-ski-area/trailmap|https://archive-api.open-meteo.com/v1/archive?latitude=42.72&longitude=-83.53&start_date=1999-06-01&end_date=2026-05-31&hourly=temperature_2m,apparent_temperature,snowfall,snow_depth,rain,cloud_cover,cloud_cover_low,cloud_cover_mid,cloud_cover_high,weather_code,wind_direction_100m,wind_direction_10m,wind_speed_100m,wind_speed_10m,wind_gusts_10m,dew_point_2m,relative_humidity_2m,sunshine_duration,direct_normal_irradiance,diffuse_radiation,shortwave_radiation,terrestrial_radiation,direct_normal_irradiance_instant,diffuse_radiation_instant,shortwave_radiation_instant,terrestrial_radiation_instant,is_day&timezone=America/Detroit&temperature_unit=fahrenheit&wind_speed_unit=mph&precipitation_unit=inch&elevation=323.088
Alpine Valley - OH|Ohio|Midwest|44024|1500|1380|1260|230|6|11|72|0.25|18|0.5|36|0.25|18|41.55|-81.2|420.624|America/New_York|USA|USD|89|89|78|estimate|https://www.onthesnow.com/ohio/alpine-valley/trailmap|https://archive-api.open-meteo.com/v1/archive?latitude=41.55&longitude=-81.2&start_date=1999-06-01&end_date=2026-05-31&hourly=temperature_2m,apparent_temperature,snowfall,snow_depth,rain,cloud_cover,cloud_cover_low,cloud_cover_mid,cloud_cover_high,weather_code,wind_direction_100m,wind_direction_10m,wind_speed_100m,wind_speed_10m,wind_gusts_10m,dew_point_2m,relative_humidity_2m,sunshine_duration,direct_normal_irradiance,diffuse_radiation,shortwave_radiation,terrestrial_radiation,direct_normal_irradiance_instant,diffuse_radiation_instant,shortwave_radiation_instant,terrestrial_radiation_instant,is_day&timezone=America/New_York&temperature_unit=fahrenheit&wind_speed_unit=mph&precipitation_unit=inch&elevation=420.624
Alpine Valley - WI|Wisconsin|Midwest|53176|1180|986|792|388|16|20|100|0.33|33|0.38|38|0.29|29|42.65|-88.4|300.5328|America/Chicago|USA|USD|65|65|57|estimate|https://www.onthesnow.com/wisconsin/alpine-valley-resort/trailmap|https://archive-api.open-meteo.com/v1/archive?latitude=42.65&longitude=-88.4&start_date=1999-06-01&end_date=2026-05-31&hourly=temperature_2m,apparent_temperature,snowfall,snow_depth,rain,cloud_cover,cloud_cover_low,cloud_cover_mid,cloud_cover_high,weather_code,wind_direction_100m,wind_direction_10m,wind_speed_100m,wind_speed_10m,wind_gusts_10m,dew_point_2m,relative_humidity_2m,sunshine_duration,direct_normal_irradiance,diffuse_radiation,shortwave_radiation,terrestrial_radiation,direct_normal_irradiance_instant,diffuse_radiation_instant,shortwave_radiation_instant,terrestrial_radiation_instant,is_day&timezone=America/Chicago&temperature_unit=fahrenheit&wind_speed_unit=mph&precipitation_unit=inch&elevation=300.5328
Alta - UT|Utah|Colorado & Utah|84092|10550|9540|8530|2020|11|119|2614|0.15|392.1|0.3|784.2|0.55|1437.7|40.59|-111.64|2907.792|America/Denver|USA|USD|199|199|149|estimate|https://www.onthesnow.com/utah/alta-ski-area/trailmap|https://archive-api.open-meteo.com/v1/archive?latitude=40.59&longitude=-111.64&start_date=1999-06-01&end_date=2026-05-31&hourly=temperature_2m,apparent_temperature,snowfall,snow_depth,rain,cloud_cover,cloud_cover_low,cloud_cover_mid,cloud_cover_high,weather_code,wind_direction_100m,wind_direction_10m,wind_speed_100m,wind_speed_10m,wind_gusts_10m,dew_point_2m,relative_humidity_2m,sunshine_duration,direct_normal_irradiance,diffuse_radiation,shortwave_radiation,terrestrial_radiation,direct_normal_irradiance_instant,diffuse_radiation_instant,shortwave_radiation_instant,terrestrial_radiation_instant,is_day&timezone=America/Denver&temperature_unit=fahrenheit&wind_speed_unit=mph&precipitation_unit=inch&elevation=2907.792
Alyeska - AK|Alaska|Alaska|99587|2750|1500|250|2500|9|76|1610|0.11|177.1|0.52|837.2|0.37|595.7|60.97|-149.11|457.2|America/Anchorage|USA|USD|129|129|97|estimate|https://www.alyeskaresort.com/mountain-report/|https://archive-api.open-meteo.com/v1/archive?latitude=60.97&longitude=-149.11&start_date=1999-06-01&end_date=2026-05-31&hourly=temperature_2m,apparent_temperature,snowfall,snow_depth,rain,cloud_cover,cloud_cover_low,cloud_cover_mid,cloud_cover_high,weather_code,wind_direction_100m,wind_direction_10m,wind_speed_100m,wind_speed_10m,wind_gusts_10m,dew_point_2m,relative_humidity_2m,sunshine_duration,direct_normal_irradiance,diffuse_radiation,shortwave_radiation,terrestrial_radiation,direct_normal_irradiance_instant,diffuse_radiation_instant,shortwave_radiation_instant,terrestrial_radiation_instant,is_day&timezone=America/Anchorage&temperature_unit=fahrenheit&wind_speed_unit=mph&precipitation_unit=inch&elevation=457.2
Andes Tower Hills - MN|Minnesota|Midwest|56308|1450|1312.5|1175|275|4|16|35|0.25|8.75|0.06|2.1|0.69|24.15|45.85|-95.36|400.05|America/Chicago|USA|USD|55|55|48|estimate|https://www.onthesnow.com/minnesota/andes-tower-hills-ski-area/trailmap|https://archive-api.open-meteo.com/v1/archive?latitude=45.85&longitude=-95.36&start_date=1999-06-01&end_date=2026-05-31&hourly=temperature_2m,apparent_temperature,snowfall,snow_depth,rain,cloud_cover,cloud_cover_low,cloud_cover_mid,cloud_cover_high,weather_code,wind_direction_100m,wind_direction_10m,wind_speed_100m,wind_speed_10m,wind_gusts_10m,dew_point_2m,relative_humidity_2m,sunshine_duration,direct_normal_irradiance,diffuse_radiation,shortwave_radiation,terrestrial_radiation,direct_normal_irradiance_instant,diffuse_radiation_instant,shortwave_radiation_instant,terrestrial_radiation_instant,is_day&timezone=America/Chicago&temperature_unit=fahrenheit&wind_speed_unit=mph&precipitation_unit=inch&elevation=400.05
Angel Fire - NM|New Mexico|Southwest|87710|10677|9638.5|8600|2077|7|80|560|0.22|123.2|0.53|296.8|0.25|140|36.39|-105.29|2937.8148|America/Denver|USA|USD|129|129|97|estimate|https://www.onthesnow.com/new-mexico/angel-fire-resort/trailmap|https://archive-api.open-meteo.com/v1/archive?latitude=36.39&longitude=-105.29&start_date=1999-06-01&end_date=2026-05-31&hourly=temperature_2m,apparent_temperature,snowfall,snow_depth,rain,cloud_cover,cloud_cover_low,cloud_cover_mid,cloud_cover_high,weather_code,wind_direction_100m,wind_direction_10m,wind_speed_100m,wind_speed_10m,wind_gusts_10m,dew_point_2m,relative_humidity_2m,sunshine_duration,direct_normal_irradiance,diffuse_radiation,shortwave_radiation,terrestrial_radiation,direct_normal_irradiance_instant,diffuse_radiation_instant,shortwave_radiation_instant,terrestrial_radiation_instant,is_day&timezone=America/Denver&temperature_unit=fahrenheit&wind_speed_unit=mph&precipitation_unit=inch&elevation=2937.8148
Anthony Lakes - OR|Oregon|Pacific Northwest|97814|8000|7550|7100|900|3|21|1100|0.2|220|0.38|418|0.42|462|44.96|-118.23|2301.24|America/Los_Angeles|USA|USD|65|65|57|estimate|https://www.onthesnow.com/oregon/anthony-lakes-mountain-resort/trailmap|https://archive-api.open-meteo.com/v1/archive?latitude=44.96&longitude=-118.23&start_date=1999-06-01&end_date=2026-05-31&hourly=temperature_2m,apparent_temperature,snowfall,snow_depth,rain,cloud_cover,cloud_cover_low,cloud_cover_mid,cloud_cover_high,weather_code,wind_direction_100m,wind_direction_10m,wind_speed_100m,wind_speed_10m,wind_gusts_10m,dew_point_2m,relative_humidity_2m,sunshine_duration,direct_normal_irradiance,diffuse_radiation,shortwave_radiation,terrestrial_radiation,direct_normal_irradiance_instant,diffuse_radiation_instant,shortwave_radiation_instant,terrestrial_radiation_instant,is_day&timezone=America/Los_Angeles&temperature_unit=fahrenheit&wind_speed_unit=mph&precipitation_unit=inch&elevation=2301.24
Apex Mountain - BC|British Columbia|Western Canada|V0X 1T0|7197|6197|5197|2000|4|79|1112|0.16|177.92|0.48|533.76|0.36|400.32|49.39|-119.9|1888.8456|America/Vancouver|Canada|CAD|109|78|96|estimate|https://www.onthesnow.com/british-columbia/apex-mountain/trailmap|https://archive-api.open-meteo.com/v1/archive?latitude=49.39&longitude=-119.9&start_date=1999-06-01&end_date=2026-05-31&hourly=temperature_2m,apparent_temperature,snowfall,snow_depth,rain,cloud_cover,cloud_cover_low,cloud_cover_mid,cloud_cover_high,weather_code,wind_direction_100m,wind_direction_10m,wind_speed_100m,wind_speed_10m,wind_gusts_10m,dew_point_2m,relative_humidity_2m,sunshine_duration,direct_normal_irradiance,diffuse_radiation,shortwave_radiation,terrestrial_radiation,direct_normal_irradiance_instant,diffuse_radiation_instant,shortwave_radiation_instant,terrestrial_radiation_instant,is_day&timezone=America/Vancouver&temperature_unit=fahrenheit&wind_speed_unit=mph&precipitation_unit=inch&elevation=1888.8456
Appalachian - NC|North Carolina|Southeast|28604|4000|3817.5|3635|365|6|12|27|0.33|8.91|0.33|8.91|0.33|8.91|36.18|-81.69|1163.574|America/New_York|USA|USD|89|89|78|estimate|https://www.onthesnow.com/north-carolina/appalachian-ski-mtn/trailmap|https://archive-api.open-meteo.com/v1/archive?latitude=36.18&longitude=-81.69&start_date=1999-06-01&end_date=2026-05-31&hourly=temperature_2m,apparent_temperature,snowfall,snow_depth,rain,cloud_cover,cloud_cover_low,cloud_cover_mid,cloud_cover_high,weather_code,wind_direction_100m,wind_direction_10m,wind_speed_100m,wind_speed_10m,wind_gusts_10m,dew_point_2m,relative_humidity_2m,sunshine_duration,direct_normal_irradiance,diffuse_radiation,shortwave_radiation,terrestrial_radiation,direct_normal_irradiance_instant,diffuse_radiation_instant,shortwave_radiation_instant,terrestrial_radiation_instant,is_day&timezone=America/New_York&temperature_unit=fahrenheit&wind_speed_unit=mph&precipitation_unit=inch&elevation=1163.574
Apple Mountain - MI|Michigan|Midwest|48609|820|710|600|220|5|12|80|0.4|32|0.4|32|0.2|16|43.4|-84.09|216.408|America/Detroit|USA|USD|45|45|40|estimate|https://www.onthesnow.com/michigan/apple-mountain/trailmap|https://archive-api.open-meteo.com/v1/archive?latitude=43.4&longitude=-84.09&start_date=1999-06-01&end_date=2026-05-31&hourly=temperature_2m,apparent_temperature,snowfall,snow_depth,rain,cloud_cover,cloud_cover_low,cloud_cover_mid,cloud_cover_high,weather_code,wind_direction_100m,wind_direction_10m,wind_speed_100m,wind_speed_10m,wind_gusts_10m,dew_point_2m,relative_humidity_2m,sunshine_duration,direct_normal_irradiance,diffuse_radiation,shortwave_radiation,terrestrial_radiation,direct_normal_irradiance_instant,diffuse_radiation_instant,shortwave_radiation_instant,terrestrial_radiation_instant,is_day&timezone=America/Detroit&temperature_unit=fahrenheit&wind_speed_unit=mph&precipitation_unit=inch&elevation=216.408
Arapahoe Basin - CO|Colorado|Colorado & Utah|80435|13050|11915|10780|2270|9|147|1428|0.07|99.96|0.2|285.6|0.73|1042.44|39.64|-105.87|3631.692|America/Denver|USA|USD|169|169|127|estimate|https://www.onthesnow.com/colorado/arapahoe-basin-ski-area/trailmap|https://archive-api.open-meteo.com/v1/archive?latitude=39.64&longitude=-105.87&start_date=1999-06-01&end_date=2026-05-31&hourly=temperature_2m,apparent_temperature,snowfall,snow_depth,rain,cloud_cover,cloud_cover_low,cloud_cover_mid,cloud_cover_high,weather_code,wind_direction_100m,wind_direction_10m,wind_speed_100m,wind_speed_10m,wind_gusts_10m,dew_point_2m,relative_humidity_2m,sunshine_duration,direct_normal_irradiance,diffuse_radiation,shortwave_radiation,terrestrial_radiation,direct_normal_irradiance_instant,diffuse_radiation_instant,shortwave_radiation_instant,terrestrial_radiation_instant,is_day&timezone=America/Denver&temperature_unit=fahrenheit&wind_speed_unit=mph&precipitation_unit=inch&elevation=3631.692
Arctic Valley - AK|Alaska|Alaska||3900|3200|2500|1400|4|25|320|0.2|64|0.5|160|0.3|96|61.24|-149.51|975.36|America/Anchorage|USA|USD|45|45|40|estimate||https://archive-api.open-meteo.com/v1/archive?latitude=61.24&longitude=-149.51&start_date=1999-06-01&end_date=2026-05-31&hourly=temperature_2m,apparent_temperature,snowfall,snow_depth,rain,cloud_cover,cloud_cover_low,cloud_cover_mid,cloud_cover_high,weather_code,wind_direction_100m,wind_direction_10m,wind_speed_100m,wind_speed_10m,wind_gusts_10m,dew_point_2m,relative_humidity_2m,sunshine_duration,direct_normal_irradiance,diffuse_radiation,shortwave_radiation,terrestrial_radiation,direct_normal_irradiance_instant,diffuse_radiation_instant,shortwave_radiation_instant,terrestrial_radiation_instant,is_day&timezone=America/Anchorage&temperature_unit=fahrenheit&wind_speed_unit=mph&precipitation_unit=inch&elevation=975.36
Arizona Snowbowl - AZ|Arizona|Southwest|86001|11500|10350|9200|2300|8|55|777|0.27|209.79|0.39|303.03|0.32|248.64|35.33|-111.7|3154.68|America/Phoenix|USA|USD|189|189|142|estimate|https://www.onthesnow.com/arizona/arizona-snowbowl/trailmap|https://archive-api.open-meteo.com/v1/archive?latitude=35.33&longitude=-111.7&start_date=1999-06-01&end_date=2026-05-31&hourly=temperature_2m,apparent_temperature,snowfall,snow_depth,rain,cloud_cover,cloud_cover_low,cloud_cover_mid,cloud_cover_high,weather_code,wind_direction_100m,wind_direction_10m,wind_speed_100m,wind_speed_10m,wind_gusts_10m,dew_point_2m,relative_humidity_2m,sunshine_duration,direct_normal_irradiance,diffuse_radiation,shortwave_radiation,terrestrial_radiation,direct_normal_irradiance_instant,diffuse_radiation_instant,shortwave_radiation_instant,terrestrial_radiation_instant,is_day&timezone=America/Phoenix&temperature_unit=fahrenheit&wind_speed_unit=mph&precipitation_unit=inch&elevation=3154.68
Aspen Highlands - CO|Colorado|Colorado & Utah|81611|11675|9857.5|8040|3635|5|144|1040|0|0|0.23|239.2|0.77|800.8|39.18|-106.86|3004.566|America/Denver|USA|USD|264|264|198|estimate|https://www.aspensnowmass.com/four-mountains/aspen-highlands/trail-maps|https://archive-api.open-meteo.com/v1/archive?latitude=39.18&longitude=-106.86&start_date=1999-06-01&end_date=2026-05-31&hourly=temperature_2m,apparent_temperature,snowfall,snow_depth,rain,cloud_cover,cloud_cover_low,cloud_cover_mid,cloud_cover_high,weather_code,wind_direction_100m,wind_direction_10m,wind_speed_100m,wind_speed_10m,wind_gusts_10m,dew_point_2m,relative_humidity_2m,sunshine_duration,direct_normal_irradiance,diffuse_radiation,shortwave_radiation,terrestrial_radiation,direct_normal_irradiance_instant,diffuse_radiation_instant,shortwave_radiation_instant,terrestrial_radiation_instant,is_day&timezone=America/Denver&temperature_unit=fahrenheit&wind_speed_unit=mph&precipitation_unit=inch&elevation=3004.566
Aspen Mountain - CO|Colorado|Colorado & Utah|81611|11212|9578.5|7945|3267|8|96|675|0|0|0.48|324|0.52|351|39.19|-106.82|2919.5268|America/Denver|USA|USD|264|264|198|estimate|https://www.aspensnowmass.com/four-mountains/aspen-mountain/trail-maps|https://archive-api.open-meteo.com/v1/archive?latitude=39.19&longitude=-106.82&start_date=1999-06-01&end_date=2026-05-31&hourly=temperature_2m,apparent_temperature,snowfall,snow_depth,rain,cloud_cover,cloud_cover_low,cloud_cover_mid,cloud_cover_high,weather_code,wind_direction_100m,wind_direction_10m,wind_speed_100m,wind_speed_10m,wind_gusts_10m,dew_point_2m,relative_humidity_2m,sunshine_duration,direct_normal_irradiance,diffuse_radiation,shortwave_radiation,terrestrial_radiation,direct_normal_irradiance_instant,diffuse_radiation_instant,shortwave_radiation_instant,terrestrial_radiation_instant,is_day&timezone=America/Denver&temperature_unit=fahrenheit&wind_speed_unit=mph&precipitation_unit=inch&elevation=2919.5268
Attitash - NH|New Hampshire|Northeast|3812|2350|1475|600|1750|10|68|311|0.22|68.42|0.49|152.39|0.29|90.19|44.09|-71.23|449.58|America/New_York|USA|USD|129|129|97|estimate|https://www.onthesnow.com/new-hampshire/attitash/trailmap|https://archive-api.open-meteo.com/v1/archive?latitude=44.09&longitude=-71.23&start_date=1999-06-01&end_date=2026-05-31&hourly=temperature_2m,apparent_temperature,snowfall,snow_depth,rain,cloud_cover,cloud_cover_low,cloud_cover_mid,cloud_cover_high,weather_code,wind_direction_100m,wind_direction_10m,wind_speed_100m,wind_speed_10m,wind_gusts_10m,dew_point_2m,relative_humidity_2m,sunshine_duration,direct_normal_irradiance,diffuse_radiation,shortwave_radiation,terrestrial_radiation,direct_normal_irradiance_instant,diffuse_radiation_instant,shortwave_radiation_instant,terrestrial_radiation_instant,is_day&timezone=America/New_York&temperature_unit=fahrenheit&wind_speed_unit=mph&precipitation_unit=inch&elevation=449.58
Badger Mountain - WA|Washington|Pacific Northwest|98858|3800|3400|3000|800|3|5||||||||47.63|-120.06|1036.32|America/Los_Angeles|USA|USD|40|40|35|estimate||https://archive-api.open-meteo.com/v1/archive?latitude=47.63&longitude=-120.06&start_date=1999-06-01&end_date=2026-05-31&hourly=temperature_2m,apparent_temperature,snowfall,snow_depth,rain,cloud_cover,cloud_cover_low,cloud_cover_mid,cloud_cover_high,weather_code,wind_direction_100m,wind_direction_10m,wind_speed_100m,wind_speed_10m,wind_gusts_10m,dew_point_2m,relative_humidity_2m,sunshine_duration,direct_normal_irradiance,diffuse_radiation,shortwave_radiation,terrestrial_radiation,direct_normal_irradiance_instant,diffuse_radiation_instant,shortwave_radiation_instant,terrestrial_radiation_instant,is_day&timezone=America/Los_Angeles&temperature_unit=fahrenheit&wind_speed_unit=mph&precipitation_unit=inch&elevation=1036.32
Bald Mountain - ID|Idaho|Northern Rockies||4800|4400|4000|684|2||140|0.25|35|0.4|56|0.35|49|44.37|-114.35|1341.12|America/Denver|USA|USD||||||https://archive-api.open-meteo.com/v1/archive?latitude=44.37&longitude=-114.35&start_date=1999-06-01&end_date=2026-05-31&hourly=temperature_2m,apparent_temperature,snowfall,snow_depth,rain,cloud_cover,cloud_cover_low,cloud_cover_mid,cloud_cover_high,weather_code,wind_direction_100m,wind_direction_10m,wind_speed_100m,wind_speed_10m,wind_gusts_10m,dew_point_2m,relative_humidity_2m,sunshine_duration,direct_normal_irradiance,diffuse_radiation,shortwave_radiation,terrestrial_radiation,direct_normal_irradiance_instant,diffuse_radiation_instant,shortwave_radiation_instant,terrestrial_radiation_instant,is_day&timezone=America/Denver&temperature_unit=fahrenheit&wind_speed_unit=mph&precipitation_unit=inch&elevation=1341.12
Banff Sunshine - AB|Alberta|Western Canada|T1L 1J5|8954|7197|5440|3514|12|145|3358|0.19|638.02|0.26|873.08|0.56|1880.48|51.08|-115.78|2193.6456|America/Edmonton|Canada|CAD|179|129|134|estimate|https://www.skibanff.com/explore/trail-maps/|https://archive-api.open-meteo.com/v1/archive?latitude=51.08&longitude=-115.78&start_date=1999-06-01&end_date=2026-05-31&hourly=temperature_2m,apparent_temperature,snowfall,snow_depth,rain,cloud_cover,cloud_cover_low,cloud_cover_mid,cloud_cover_high,weather_code,wind_direction_100m,wind_direction_10m,wind_speed_100m,wind_speed_10m,wind_gusts_10m,dew_point_2m,relative_humidity_2m,sunshine_duration,direct_normal_irradiance,diffuse_radiation,shortwave_radiation,terrestrial_radiation,direct_normal_irradiance_instant,diffuse_radiation_instant,shortwave_radiation_instant,terrestrial_radiation_instant,is_day&timezone=America/Edmonton&temperature_unit=fahrenheit&wind_speed_unit=mph&precipitation_unit=inch&elevation=2193.6456
Bear Creek Mountain - PA|Pennsylvania|Mid-Atlantic|18062|1110|855|600|510|6|21|86|0.45|38.7|0.27|23.22|0.27|23.22|40.51|-75.64|260.604|America/New_York|USA|USD|89|89|78|estimate|https://www.onthesnow.com/pennsylvania/bear-creek-mountain-resort/trailmap|https://archive-api.open-meteo.com/v1/archive?latitude=40.51&longitude=-75.64&start_date=1999-06-01&end_date=2026-05-31&hourly=temperature_2m,apparent_temperature,snowfall,snow_depth,rain,cloud_cover,cloud_cover_low,cloud_cover_mid,cloud_cover_high,weather_code,wind_direction_100m,wind_direction_10m,wind_speed_100m,wind_speed_10m,wind_gusts_10m,dew_point_2m,relative_humidity_2m,sunshine_duration,direct_normal_irradiance,diffuse_radiation,shortwave_radiation,terrestrial_radiation,direct_normal_irradiance_instant,diffuse_radiation_instant,shortwave_radiation_instant,terrestrial_radiation_instant,is_day&timezone=America/New_York&temperature_unit=fahrenheit&wind_speed_unit=mph&precipitation_unit=inch&elevation=260.604
Bear Mountain - CA|California|Sierra Nevada|92315|8805|7972.5|7140|1665|12|26|198|0.27|53.46|0.42|83.16|0.31|61.38|34.23|-116.86|2430.018|America/Los_Angeles|USA|USD|199|199|149|estimate|https://www.onthesnow.com/california/bear-mountain/trailmap|https://archive-api.open-meteo.com/v1/archive?latitude=34.23&longitude=-116.86&start_date=1999-06-01&end_date=2026-05-31&hourly=temperature_2m,apparent_temperature,snowfall,snow_depth,rain,cloud_cover,cloud_cover_low,cloud_cover_mid,cloud_cover_high,weather_code,wind_direction_100m,wind_direction_10m,wind_speed_100m,wind_speed_10m,wind_gusts_10m,dew_point_2m,relative_humidity_2m,sunshine_duration,direct_normal_irradiance,diffuse_radiation,shortwave_radiation,terrestrial_radiation,direct_normal_irradiance_instant,diffuse_radiation_instant,shortwave_radiation_instant,terrestrial_radiation_instant,is_day&timezone=America/Los_Angeles&temperature_unit=fahrenheit&wind_speed_unit=mph&precipitation_unit=inch&elevation=2430.018
Bear Paw - MT|Montana|Northern Rockies||5280|4830|4380|900|1|11|80|0.25|20|0.25|20|0.5|40|48.36|-109.62|1472.184|America/Denver|USA|USD|40|40|35|estimate||https://archive-api.open-meteo.com/v1/archive?latitude=48.36&longitude=-109.62&start_date=1999-06-01&end_date=2026-05-31&hourly=temperature_2m,apparent_temperature,snowfall,snow_depth,rain,cloud_cover,cloud_cover_low,cloud_cover_mid,cloud_cover_high,weather_code,wind_direction_100m,wind_direction_10m,wind_speed_100m,wind_speed_10m,wind_gusts_10m,dew_point_2m,relative_humidity_2m,sunshine_duration,direct_normal_irradiance,diffuse_radiation,shortwave_radiation,terrestrial_radiation,direct_normal_irradiance_instant,diffuse_radiation_instant,shortwave_radiation_instant,terrestrial_radiation_instant,is_day&timezone=America/Denver&temperature_unit=fahrenheit&wind_speed_unit=mph&precipitation_unit=inch&elevation=1472.184
Bear Valley - CA|California|Sierra Nevada|95223|8500|7550|6600|1900|9|75|1680|0.08|134.4|0.21|352.8|0.71|1192.8|38.48|-120.04|2301.24|America/Los_Angeles|USA|USD|129|129|97|estimate|https://www.onthesnow.com/california/bear-valley/trailmap|https://archive-api.open-meteo.com/v1/archive?latitude=38.48&longitude=-120.04&start_date=1999-06-01&end_date=2026-05-31&hourly=temperature_2m,apparent_temperature,snowfall,snow_depth,rain,cloud_cover,cloud_cover_low,cloud_cover_mid,cloud_cover_high,weather_code,wind_direction_100m,wind_direction_10m,wind_speed_100m,wind_speed_10m,wind_gusts_10m,dew_point_2m,relative_humidity_2m,sunshine_duration,direct_normal_irradiance,diffuse_radiation,shortwave_radiation,terrestrial_radiation,direct_normal_irradiance_instant,diffuse_radiation_instant,shortwave_radiation_instant,terrestrial_radiation_instant,is_day&timezone=America/Los_Angeles&temperature_unit=fahrenheit&wind_speed_unit=mph&precipitation_unit=inch&elevation=2301.24
Bear's Den - ND|North Dakota|Midwest|58033|1190|1045|900|290|3|8||||||||46.53|-97.95|318.516|America/Chicago|USA|USD|40|40|35|estimate||https://archive-api.open-meteo.com/v1/archive?latitude=46.53&longitude=-97.95&start_date=1999-06-01&end_date=2026-05-31&hourly=temperature_2m,apparent_temperature,snowfall,snow_depth,rain,cloud_cover,cloud_cover_low,cloud_cover_mid,cloud_cover_high,weather_code,wind_direction_100m,wind_direction_10m,wind_speed_100m,wind_speed_10m,wind_gusts_10m,dew_point_2m,relative_humidity_2m,sunshine_duration,direct_normal_irradiance,diffuse_radiation,shortwave_radiation,terrestrial_radiation,direct_normal_irradiance_instant,diffuse_radiation_instant,shortwave_radiation_instant,terrestrial_radiation_instant,is_day&timezone=America/Chicago&temperature_unit=fahrenheit&wind_speed_unit=mph&precipitation_unit=inch&elevation=318.516
Beaver Creek - CO|Colorado|Colorado & Utah|81620|11440|9770|8100|3340|25|150|2082|0.39|811.98|0.31|645.42|0.3|624.6|39.61|-106.52|2977.896|America/Denver|USA|USD|320|320|240|estimate|https://www.onthesnow.com/colorado/beaver-creek/trailmap|https://archive-api.open-meteo.com/v1/archive?latitude=39.61&longitude=-106.52&start_date=1999-06-01&end_date=2026-05-31&hourly=temperature_2m,apparent_temperature,snowfall,snow_depth,rain,cloud_cover,cloud_cover_low,cloud_cover_mid,cloud_cover_high,weather_code,wind_direction_100m,wind_direction_10m,wind_speed_100m,wind_speed_10m,wind_gusts_10m,dew_point_2m,relative_humidity_2m,sunshine_duration,direct_normal_irradiance,diffuse_radiation,shortwave_radiation,terrestrial_radiation,direct_normal_irradiance_instant,diffuse_radiation_instant,shortwave_radiation_instant,terrestrial_radiation_instant,is_day&timezone=America/Denver&temperature_unit=fahrenheit&wind_speed_unit=mph&precipitation_unit=inch&elevation=2977.896
Beaver Mountain - UT|Utah|Colorado & Utah|84320|8800|7950|7100|1700|5|48|880|0.35|308|0.4|352|0.25|220|41.97|-111.54|2423.16|America/Denver|USA|USD|85|85|75|estimate|https://www.onthesnow.com/utah/beaver-mountain/trailmap|https://archive-api.open-meteo.com/v1/archive?latitude=41.97&longitude=-111.54&start_date=1999-06-01&end_date=2026-05-31&hourly=temperature_2m,apparent_temperature,snowfall,snow_depth,rain,cloud_cover,cloud_cover_low,cloud_cover_mid,cloud_cover_high,weather_code,wind_direction_100m,wind_direction_10m,wind_speed_100m,wind_speed_10m,wind_gusts_10m,dew_point_2m,relative_humidity_2m,sunshine_duration,direct_normal_irradiance,diffuse_radiation,shortwave_radiation,terrestrial_radiation,direct_normal_irradiance_instant,diffuse_radiation_instant,shortwave_radiation_instant,terrestrial_radiation_instant,is_day&timezone=America/Denver&temperature_unit=fahrenheit&wind_speed_unit=mph&precipitation_unit=inch&elevation=2423.16
Beech Mountain - NC|North Carolina|Southeast|28604|5505|5090|4675|830|10|17|95|0.3|28.5|0.4|38|0.3|28.5|36.22|-81.88|1551.432|America/New_York|USA|USD|99|99|87|estimate|https://www.onthesnow.com/north-carolina/ski-beech-mountain-resort/trailmap|https://archive-api.open-meteo.com/v1/archive?latitude=36.22&longitude=-81.88&start_date=1999-06-01&end_date=2026-05-31&hourly=temperature_2m,apparent_temperature,snowfall,snow_depth,rain,cloud_cover,cloud_cover_low,cloud_cover_mid,cloud_cover_high,weather_code,wind_direction_100m,wind_direction_10m,wind_speed_100m,wind_speed_10m,wind_gusts_10m,dew_point_2m,relative_humidity_2m,sunshine_duration,direct_normal_irradiance,diffuse_radiation,shortwave_radiation,terrestrial_radiation,direct_normal_irradiance_instant,diffuse_radiation_instant,shortwave_radiation_instant,terrestrial_radiation_instant,is_day&timezone=America/New_York&temperature_unit=fahrenheit&wind_speed_unit=mph&precipitation_unit=inch&elevation=1551.432
Belleayre - NY|New York|Northeast|12410|3429|2727|2025|1404|8|55|175|0.19|33.25|0.48|84|0.32|56|42.14|-74.5|831.1896|America/New_York|USA|USD|99|99|87|estimate|https://www.onthesnow.com/new-york/belleayre/trailmap|https://archive-api.open-meteo.com/v1/archive?latitude=42.14&longitude=-74.5&start_date=1999-06-01&end_date=2026-05-31&hourly=temperature_2m,apparent_temperature,snowfall,snow_depth,rain,cloud_cover,cloud_cover_low,cloud_cover_mid,cloud_cover_high,weather_code,wind_direction_100m,wind_direction_10m,wind_speed_100m,wind_speed_10m,wind_gusts_10m,dew_point_2m,relative_humidity_2m,sunshine_duration,direct_normal_irradiance,diffuse_radiation,shortwave_radiation,terrestrial_radiation,direct_normal_irradiance_instant,diffuse_radiation_instant,shortwave_radiation_instant,terrestrial_radiation_instant,is_day&timezone=America/New_York&temperature_unit=fahrenheit&wind_speed_unit=mph&precipitation_unit=inch&elevation=831.1896
Berkshire East - MA|Massachusetts|Northeast|1339|1840|1250|660|1180|6|45|180|0.28|50.4|0.42|75.6|0.3|54|42.63|-72.83|381|America/New_York|USA|USD|99|99|87|estimate|https://www.onthesnow.com/massachusetts/berkshire-east/trailmap|https://archive-api.open-meteo.com/v1/archive?latitude=42.63&longitude=-72.83&start_date=1999-06-01&end_date=2026-05-31&hourly=temperature_2m,apparent_temperature,snowfall,snow_depth,rain,cloud_cover,cloud_cover_low,cloud_cover_mid,cloud_cover_high,weather_code,wind_direction_100m,wind_direction_10m,wind_speed_100m,wind_speed_10m,wind_gusts_10m,dew_point_2m,relative_humidity_2m,sunshine_duration,direct_normal_irradiance,diffuse_radiation,shortwave_radiation,terrestrial_radiation,direct_normal_irradiance_instant,diffuse_radiation_instant,shortwave_radiation_instant,terrestrial_radiation_instant,is_day&timezone=America/New_York&temperature_unit=fahrenheit&wind_speed_unit=mph&precipitation_unit=inch&elevation=381
Big Boulder - PA|Pennsylvania|Mid-Atlantic|18624|2175|1937.5|1700|475|8|15|55|0.38|20.9|0.19|10.45|0.44|24.2|41.05|-75.59|590.55|America/New_York|USA|USD|89|89|78|estimate|https://www.onthesnow.com/pennsylvania/big-boulder/trailmap|https://archive-api.open-meteo.com/v1/archive?latitude=41.05&longitude=-75.59&start_date=1999-06-01&end_date=2026-05-31&hourly=temperature_2m,apparent_temperature,snowfall,snow_depth,rain,cloud_cover,cloud_cover_low,cloud_cover_mid,cloud_cover_high,weather_code,wind_direction_100m,wind_direction_10m,wind_speed_100m,wind_speed_10m,wind_gusts_10m,dew_point_2m,relative_humidity_2m,sunshine_duration,direct_normal_irradiance,diffuse_radiation,shortwave_radiation,terrestrial_radiation,direct_normal_irradiance_instant,diffuse_radiation_instant,shortwave_radiation_instant,terrestrial_radiation_instant,is_day&timezone=America/New_York&temperature_unit=fahrenheit&wind_speed_unit=mph&precipitation_unit=inch&elevation=590.55
Big Powderhorn - MI|Michigan|Midwest|49911|1800|1500|1200|600|9|33|253|0.27|68.31|0.41|103.73|0.32|80.96|46.49|-90.1|457.2|America/Menominee|USA|USD|69|69|61|estimate|https://www.onthesnow.com/michigan/big-powderhorn-mountain/trailmap|https://archive-api.open-meteo.com/v1/archive?latitude=46.49&longitude=-90.1&start_date=1999-06-01&end_date=2026-05-31&hourly=temperature_2m,apparent_temperature,snowfall,snow_depth,rain,cloud_cover,cloud_cover_low,cloud_cover_mid,cloud_cover_high,weather_code,wind_direction_100m,wind_direction_10m,wind_speed_100m,wind_speed_10m,wind_gusts_10m,dew_point_2m,relative_humidity_2m,sunshine_duration,direct_normal_irradiance,diffuse_radiation,shortwave_radiation,terrestrial_radiation,direct_normal_irradiance_instant,diffuse_radiation_instant,shortwave_radiation_instant,terrestrial_radiation_instant,is_day&timezone=America/Menominee&temperature_unit=fahrenheit&wind_speed_unit=mph&precipitation_unit=inch&elevation=457.2
Big Sky - MT|Montana|Northern Rockies|59716|11166|8983|6800|4350|38|317|5850|0.21|1228.5|0.29|1696.5|0.5|2925|45.29|-111.4|2738.0184|America/Denver|USA|USD|285|285|242|published_2526|https://www.onthesnow.com/montana/big-sky-resort/trailmap|https://archive-api.open-meteo.com/v1/archive?latitude=45.29&longitude=-111.4&start_date=1999-06-01&end_date=2026-05-31&hourly=temperature_2m,apparent_temperature,snowfall,snow_depth,rain,cloud_cover,cloud_cover_low,cloud_cover_mid,cloud_cover_high,weather_code,wind_direction_100m,wind_direction_10m,wind_speed_100m,wind_speed_10m,wind_gusts_10m,dew_point_2m,relative_humidity_2m,sunshine_duration,direct_normal_irradiance,diffuse_radiation,shortwave_radiation,terrestrial_radiation,direct_normal_irradiance_instant,diffuse_radiation_instant,shortwave_radiation_instant,terrestrial_radiation_instant,is_day&timezone=America/Denver&temperature_unit=fahrenheit&wind_speed_unit=mph&precipitation_unit=inch&elevation=2738.0184
Big Squaw Mountain Ski Resort - ME|Maine|Northeast|4442|3200|2475|1750|660|2|29|0|0.33|0|0.34|0|0.33|0|45.506718|-69.702019|754.38|America/New_York|USA|USD|50|50||published_2526|https://www.onthesnow.com/maine/big-squaw-mountain-ski-resort/trailmap|https://archive-api.open-meteo.com/v1/archive?latitude=45.506718&longitude=-69.702019&start_date=1999-06-01&end_date=2026-05-31&hourly=temperature_2m,apparent_temperature,snowfall,snow_depth,rain,cloud_cover,cloud_cover_low,cloud_cover_mid,cloud_cover_high,weather_code,wind_direction_100m,wind_direction_10m,wind_speed_100m,wind_speed_10m,wind_gusts_10m,dew_point_2m,relative_humidity_2m,sunshine_duration,direct_normal_irradiance,diffuse_radiation,shortwave_radiation,terrestrial_radiation,direct_normal_irradiance_instant,diffuse_radiation_instant,shortwave_radiation_instant,terrestrial_radiation_instant,is_day&timezone=America/New_York&temperature_unit=fahrenheit&wind_speed_unit=mph&precipitation_unit=inch&elevation=754.38
Big White - BC|British Columbia|Western Canada|V1P 1T4|7606|6345.5|5085|2521|16|119|2765|0.18|497.7|0.54|1493.1|0.28|774.2|49.72|-118.94|1934.1084|America/Vancouver|Canada|CAD|239|172|124|published_2627|https://www.onthesnow.com/british-columbia/big-white/trailmap|https://archive-api.open-meteo.com/v1/archive?latitude=49.72&longitude=-118.94&start_date=1999-06-01&end_date=2026-05-31&hourly=temperature_2m,apparent_temperature,snowfall,snow_depth,rain,cloud_cover,cloud_cover_low,cloud_cover_mid,cloud_cover_high,weather_code,wind_direction_100m,wind_direction_10m,wind_speed_100m,wind_speed_10m,wind_gusts_10m,dew_point_2m,relative_humidity_2m,sunshine_duration,direct_normal_irradiance,diffuse_radiation,shortwave_radiation,terrestrial_radiation,direct_normal_irradiance_instant,diffuse_radiation_instant,shortwave_radiation_instant,terrestrial_radiation_instant,is_day&timezone=America/Vancouver&temperature_unit=fahrenheit&wind_speed_unit=mph&precipitation_unit=inch&elevation=1934.1084
Bigrock - ME|Maine|Northeast|4734|1641|1151|661|980|5|28|90|0.1|9|0.66|59.4|0.24|21.6|46.49|-67.85|350.8248|America/New_York|USA|USD|50|50|44|estimate||https://archive-api.open-meteo.com/v1/archive?latitude=46.49&longitude=-67.85&start_date=1999-06-01&end_date=2026-05-31&hourly=temperature_2m,apparent_temperature,snowfall,snow_depth,rain,cloud_cover,cloud_cover_low,cloud_cover_mid,cloud_cover_high,weather_code,wind_direction_100m,wind_direction_10m,wind_speed_100m,wind_speed_10m,wind_gusts_10m,dew_point_2m,relative_humidity_2m,sunshine_duration,direct_normal_irradiance,diffuse_radiation,shortwave_radiation,terrestrial_radiation,direct_normal_irradiance_instant,diffuse_radiation_instant,shortwave_radiation_instant,terrestrial_radiation_instant,is_day&timezone=America/New_York&temperature_unit=fahrenheit&wind_speed_unit=mph&precipitation_unit=inch&elevation=350.8248
Bittersweet - MI|Michigan|Midwest|49078|1030|855|680|350|12|20|100|0.33|33|0.44|44|0.23|23|42.44|-85.68|260.604|America/Detroit|USA|USD|65|65|57|estimate|https://www.onthesnow.com/michigan/bittersweet-ski-area/trailmap|https://archive-api.open-meteo.com/v1/archive?latitude=42.44&longitude=-85.68&start_date=1999-06-01&end_date=2026-05-31&hourly=temperature_2m,apparent_temperature,snowfall,snow_depth,rain,cloud_cover,cloud_cover_low,cloud_cover_mid,cloud_cover_high,weather_code,wind_direction_100m,wind_direction_10m,wind_speed_100m,wind_speed_10m,wind_gusts_10m,dew_point_2m,relative_humidity_2m,sunshine_duration,direct_normal_irradiance,diffuse_radiation,shortwave_radiation,terrestrial_radiation,direct_normal_irradiance_instant,diffuse_radiation_instant,shortwave_radiation_instant,terrestrial_radiation_instant,is_day&timezone=America/Detroit&temperature_unit=fahrenheit&wind_speed_unit=mph&precipitation_unit=inch&elevation=260.604
Black Mountain - ME|Maine|Northeast|4275|2460|1770|1080|1380|3|45|600|0.18|108|0.31|186|0.51|306|44.65|-70.63|539.496|America/New_York|USA|USD|55|55|48|estimate|https://www.onthesnow.com/maine/black-mountain-of-maine/trailmap|https://archive-api.open-meteo.com/v1/archive?latitude=44.65&longitude=-70.63&start_date=1999-06-01&end_date=2026-05-31&hourly=temperature_2m,apparent_temperature,snowfall,snow_depth,rain,cloud_cover,cloud_cover_low,cloud_cover_mid,cloud_cover_high,weather_code,wind_direction_100m,wind_direction_10m,wind_speed_100m,wind_speed_10m,wind_gusts_10m,dew_point_2m,relative_humidity_2m,sunshine_duration,direct_normal_irradiance,diffuse_radiation,shortwave_radiation,terrestrial_radiation,direct_normal_irradiance_instant,diffuse_radiation_instant,shortwave_radiation_instant,terrestrial_radiation_instant,is_day&timezone=America/New_York&temperature_unit=fahrenheit&wind_speed_unit=mph&precipitation_unit=inch&elevation=539.496
Black Mountain - NH|New Hampshire|Northeast|3846|2350|1800|1250|1100|4|45|600|0.29|174|0.32|192|0.39|234|44.22|-71.16|548.64|America/New_York|USA|USD|79|79|70|estimate|https://www.onthesnow.com/new-hampshire/black-mountain/trailmap|https://archive-api.open-meteo.com/v1/archive?latitude=44.22&longitude=-71.16&start_date=1999-06-01&end_date=2026-05-31&hourly=temperature_2m,apparent_temperature,snowfall,snow_depth,rain,cloud_cover,cloud_cover_low,cloud_cover_mid,cloud_cover_high,weather_code,wind_direction_100m,wind_direction_10m,wind_speed_100m,wind_speed_10m,wind_gusts_10m,dew_point_2m,relative_humidity_2m,sunshine_duration,direct_normal_irradiance,diffuse_radiation,shortwave_radiation,terrestrial_radiation,direct_normal_irradiance_instant,diffuse_radiation_instant,shortwave_radiation_instant,terrestrial_radiation_instant,is_day&timezone=America/New_York&temperature_unit=fahrenheit&wind_speed_unit=mph&precipitation_unit=inch&elevation=548.64
Blackjack - MI|Michigan|Midwest|49959|1650|1417.5|1185|465|6|26|170|0.2|34|0.4|68|0.4|68|46.47|-90|432.054|America/Menominee|USA|USD|79|79|70|estimate||https://archive-api.open-meteo.com/v1/archive?latitude=46.47&longitude=-90&start_date=1999-06-01&end_date=2026-05-31&hourly=temperature_2m,apparent_temperature,snowfall,snow_depth,rain,cloud_cover,cloud_cover_low,cloud_cover_mid,cloud_cover_high,weather_code,wind_direction_100m,wind_direction_10m,wind_speed_100m,wind_speed_10m,wind_gusts_10m,dew_point_2m,relative_humidity_2m,sunshine_duration,direct_normal_irradiance,diffuse_radiation,shortwave_radiation,terrestrial_radiation,direct_normal_irradiance_instant,diffuse_radiation_instant,shortwave_radiation_instant,terrestrial_radiation_instant,is_day&timezone=America/Menominee&temperature_unit=fahrenheit&wind_speed_unit=mph&precipitation_unit=inch&elevation=432.054
Blacktail Mountain - MT|Montana|Northern Rockies||6780|6060|5340|1440|4|27|1000|0.15|150|0.65|650|0.2|200|48|-114.36|1847.088|America/Denver|USA|USD|65|65|57|estimate|https://www.onthesnow.com/montana/blacktail-mountain-ski-area/trailmap|https://archive-api.open-meteo.com/v1/archive?latitude=48&longitude=-114.36&start_date=1999-06-01&end_date=2026-05-31&hourly=temperature_2m,apparent_temperature,snowfall,snow_depth,rain,cloud_cover,cloud_cover_low,cloud_cover_mid,cloud_cover_high,weather_code,wind_direction_100m,wind_direction_10m,wind_speed_100m,wind_speed_10m,wind_gusts_10m,dew_point_2m,relative_humidity_2m,sunshine_duration,direct_normal_irradiance,diffuse_radiation,shortwave_radiation,terrestrial_radiation,direct_normal_irradiance_instant,diffuse_radiation_instant,shortwave_radiation_instant,terrestrial_radiation_instant,is_day&timezone=America/Denver&temperature_unit=fahrenheit&wind_speed_unit=mph&precipitation_unit=inch&elevation=1847.088
Blue Hills - MA|Massachusetts|Northeast|2186|635|480.5|326|309|4|12|60|0.5|30|0.19|11.4|0.31|18.6|42.21|-71.09|146.4564|America/New_York|USA|USD|65|65|57|estimate|https://www.onthesnow.com/massachusetts/blue-hills-ski-area/trailmap|https://archive-api.open-meteo.com/v1/archive?latitude=42.21&longitude=-71.09&start_date=1999-06-01&end_date=2026-05-31&hourly=temperature_2m,apparent_temperature,snowfall,snow_depth,rain,cloud_cover,cloud_cover_low,cloud_cover_mid,cloud_cover_high,weather_code,wind_direction_100m,wind_direction_10m,wind_speed_100m,wind_speed_10m,wind_gusts_10m,dew_point_2m,relative_humidity_2m,sunshine_duration,direct_normal_irradiance,diffuse_radiation,shortwave_radiation,terrestrial_radiation,direct_normal_irradiance_instant,diffuse_radiation_instant,shortwave_radiation_instant,terrestrial_radiation_instant,is_day&timezone=America/New_York&temperature_unit=fahrenheit&wind_speed_unit=mph&precipitation_unit=inch&elevation=146.4564
Blue Knob - PA|Pennsylvania|Mid-Atlantic|16635|3172|2623|2074|1072|5|34|300|0.15|45|0.41|123|0.44|132|40.29|-78.56|799.4904|America/New_York|USA|USD|65|65|57|estimate|https://www.onthesnow.com/pennsylvania/blue-knob/trailmap|https://archive-api.open-meteo.com/v1/archive?latitude=40.29&longitude=-78.56&start_date=1999-06-01&end_date=2026-05-31&hourly=temperature_2m,apparent_temperature,snowfall,snow_depth,rain,cloud_cover,cloud_cover_low,cloud_cover_mid,cloud_cover_high,weather_code,wind_direction_100m,wind_direction_10m,wind_speed_100m,wind_speed_10m,wind_gusts_10m,dew_point_2m,relative_humidity_2m,sunshine_duration,direct_normal_irradiance,diffuse_radiation,shortwave_radiation,terrestrial_radiation,direct_normal_irradiance_instant,diffuse_radiation_instant,shortwave_radiation_instant,terrestrial_radiation_instant,is_day&timezone=America/New_York&temperature_unit=fahrenheit&wind_speed_unit=mph&precipitation_unit=inch&elevation=799.4904
Blue Mountain - ON|Ontario|Eastern Canada|L9Y 0V2|1503|1141.5|780|720|15|43|365|0.28|102.2|0.37|135.05|0.35|127.75|44.5|-80.31|347.9292|America/Toronto|Canada|CAD|119|86|105|estimate|https://www.onthesnow.com/ontario/blue-mountain/trailmap|https://archive-api.open-meteo.com/v1/archive?latitude=44.5&longitude=-80.31&start_date=1999-06-01&end_date=2026-05-31&hourly=temperature_2m,apparent_temperature,snowfall,snow_depth,rain,cloud_cover,cloud_cover_low,cloud_cover_mid,cloud_cover_high,weather_code,wind_direction_100m,wind_direction_10m,wind_speed_100m,wind_speed_10m,wind_gusts_10m,dew_point_2m,relative_humidity_2m,sunshine_duration,direct_normal_irradiance,diffuse_radiation,shortwave_radiation,terrestrial_radiation,direct_normal_irradiance_instant,diffuse_radiation_instant,shortwave_radiation_instant,terrestrial_radiation_instant,is_day&timezone=America/Toronto&temperature_unit=fahrenheit&wind_speed_unit=mph&precipitation_unit=inch&elevation=347.9292
Blue Mountain - PA|Pennsylvania|Mid-Atlantic|18071|1600|1059|518|1082|16|40|171|0.46|78.66|0.11|18.81|0.43|73.53|40.8|-75.51|322.7832|America/New_York|USA|USD|99|99|87|estimate|https://www.onthesnow.com/pennsylvania/blue-mountain-ski-area/trailmap|https://archive-api.open-meteo.com/v1/archive?latitude=40.8&longitude=-75.51&start_date=1999-06-01&end_date=2026-05-31&hourly=temperature_2m,apparent_temperature,snowfall,snow_depth,rain,cloud_cover,cloud_cover_low,cloud_cover_mid,cloud_cover_high,weather_code,wind_direction_100m,wind_direction_10m,wind_speed_100m,wind_speed_10m,wind_gusts_10m,dew_point_2m,relative_humidity_2m,sunshine_duration,direct_normal_irradiance,diffuse_radiation,shortwave_radiation,terrestrial_radiation,direct_normal_irradiance_instant,diffuse_radiation_instant,shortwave_radiation_instant,terrestrial_radiation_instant,is_day&timezone=America/New_York&temperature_unit=fahrenheit&wind_speed_unit=mph&precipitation_unit=inch&elevation=322.7832
Bogus Basin - ID|Idaho|Northern Rockies|83702|7582|6691|5800|1800|10|91|2600|0.1|260|0.46|1196|0.45|1170|43.76|-116.1|2039.4168|America/Denver|USA|USD|95|95|84|estimate|https://www.onthesnow.com/idaho/bogus-basin/trailmap|https://archive-api.open-meteo.com/v1/archive?latitude=43.76&longitude=-116.1&start_date=1999-06-01&end_date=2026-05-31&hourly=temperature_2m,apparent_temperature,snowfall,snow_depth,rain,cloud_cover,cloud_cover_low,cloud_cover_mid,cloud_cover_high,weather_code,wind_direction_100m,wind_direction_10m,wind_speed_100m,wind_speed_10m,wind_gusts_10m,dew_point_2m,relative_humidity_2m,sunshine_duration,direct_normal_irradiance,diffuse_radiation,shortwave_radiation,terrestrial_radiation,direct_normal_irradiance_instant,diffuse_radiation_instant,shortwave_radiation_instant,terrestrial_radiation_instant,is_day&timezone=America/Denver&temperature_unit=fahrenheit&wind_speed_unit=mph&precipitation_unit=inch&elevation=2039.4168
Bolton Valley - VT|Vermont|Northeast|5477|3150|2298|1446|1704|6|71|300|0.34|102|0.38|114|0.29|87|44.42|-72.85|700.4304|America/New_York|USA|USD|99|99|87|estimate|https://www.onthesnow.com/vermont/bolton-valley/trailmap|https://archive-api.open-meteo.com/v1/archive?latitude=44.42&longitude=-72.85&start_date=1999-06-01&end_date=2026-05-31&hourly=temperature_2m,apparent_temperature,snowfall,snow_depth,rain,cloud_cover,cloud_cover_low,cloud_cover_mid,cloud_cover_high,weather_code,wind_direction_100m,wind_direction_10m,wind_speed_100m,wind_speed_10m,wind_gusts_10m,dew_point_2m,relative_humidity_2m,sunshine_duration,direct_normal_irradiance,diffuse_radiation,shortwave_radiation,terrestrial_radiation,direct_normal_irradiance_instant,diffuse_radiation_instant,shortwave_radiation_instant,terrestrial_radiation_instant,is_day&timezone=America/New_York&temperature_unit=fahrenheit&wind_speed_unit=mph&precipitation_unit=inch&elevation=700.4304
Boreal - CA|California|Sierra Nevada|96161|7700|7450|7200|500|8|41|380|0.46|174.8|0.11|41.8|0.43|163.4|39.33|-120.35|2270.76|America/Los_Angeles|USA|USD|109|109|96|estimate|https://www.onthesnow.com/california/boreal/trailmap|https://archive-api.open-meteo.com/v1/archive?latitude=39.33&longitude=-120.35&start_date=1999-06-01&end_date=2026-05-31&hourly=temperature_2m,apparent_temperature,snowfall,snow_depth,rain,cloud_cover,cloud_cover_low,cloud_cover_mid,cloud_cover_high,weather_code,wind_direction_100m,wind_direction_10m,wind_speed_100m,wind_speed_10m,wind_gusts_10m,dew_point_2m,relative_humidity_2m,sunshine_duration,direct_normal_irradiance,diffuse_radiation,shortwave_radiation,terrestrial_radiation,direct_normal_irradiance_instant,diffuse_radiation_instant,shortwave_radiation_instant,terrestrial_radiation_instant,is_day&timezone=America/Los_Angeles&temperature_unit=fahrenheit&wind_speed_unit=mph&precipitation_unit=inch&elevation=2270.76
Bosques de Monterreal - COA|Coahuila|Southwest||9843|9350.5|8858|985|2|2||||||||25.253|-100.609|2850.0324|America/Monterrey|Mexico|MXN||||||https://archive-api.open-meteo.com/v1/archive?latitude=25.253&longitude=-100.609&start_date=1999-06-01&end_date=2026-05-31&hourly=temperature_2m,apparent_temperature,snowfall,snow_depth,rain,cloud_cover,cloud_cover_low,cloud_cover_mid,cloud_cover_high,weather_code,wind_direction_100m,wind_direction_10m,wind_speed_100m,wind_speed_10m,wind_gusts_10m,dew_point_2m,relative_humidity_2m,sunshine_duration,direct_normal_irradiance,diffuse_radiation,shortwave_radiation,terrestrial_radiation,direct_normal_irradiance_instant,diffuse_radiation_instant,shortwave_radiation_instant,terrestrial_radiation_instant,is_day&timezone=America/Monterrey&temperature_unit=fahrenheit&wind_speed_unit=mph&precipitation_unit=inch&elevation=2850.0324
Boston Mills/Brandywine - OH|Ohio|Midwest|44264|660|540|420|264|16|18||||||||41.26|-81.57|164.592|America/New_York|USA|USD|89|89|78|estimate||https://archive-api.open-meteo.com/v1/archive?latitude=41.26&longitude=-81.57&start_date=1999-06-01&end_date=2026-05-31&hourly=temperature_2m,apparent_temperature,snowfall,snow_depth,rain,cloud_cover,cloud_cover_low,cloud_cover_mid,cloud_cover_high,weather_code,wind_direction_100m,wind_direction_10m,wind_speed_100m,wind_speed_10m,wind_gusts_10m,dew_point_2m,relative_humidity_2m,sunshine_duration,direct_normal_irradiance,diffuse_radiation,shortwave_radiation,terrestrial_radiation,direct_normal_irradiance_instant,diffuse_radiation_instant,shortwave_radiation_instant,terrestrial_radiation_instant,is_day&timezone=America/New_York&temperature_unit=fahrenheit&wind_speed_unit=mph&precipitation_unit=inch&elevation=164.592
Bottineau Winter Park - ND|North Dakota|Midwest|58318|2080|1980|1880|250|5|9|40|0.21|8.4|0.42|16.8|0.37|14.8|48.83|-100.45|603.504|America/Chicago|USA|USD|45|45|40|estimate||https://archive-api.open-meteo.com/v1/archive?latitude=48.83&longitude=-100.45&start_date=1999-06-01&end_date=2026-05-31&hourly=temperature_2m,apparent_temperature,snowfall,snow_depth,rain,cloud_cover,cloud_cover_low,cloud_cover_mid,cloud_cover_high,weather_code,wind_direction_100m,wind_direction_10m,wind_speed_100m,wind_speed_10m,wind_gusts_10m,dew_point_2m,relative_humidity_2m,sunshine_duration,direct_normal_irradiance,diffuse_radiation,shortwave_radiation,terrestrial_radiation,direct_normal_irradiance_instant,diffuse_radiation_instant,shortwave_radiation_instant,terrestrial_radiation_instant,is_day&timezone=America/Chicago&temperature_unit=fahrenheit&wind_speed_unit=mph&precipitation_unit=inch&elevation=603.504
Bousquet - MA|Massachusetts|Northeast|1201|1875|1500|1125|750|5|23|200|0.09|18|0.26|52|0.65|130|42.42|-73.29|457.2|America/New_York|USA|USD|79|79|70|estimate|https://www.onthesnow.com/massachusetts/bousquet-ski-area/trailmap|https://archive-api.open-meteo.com/v1/archive?latitude=42.42&longitude=-73.29&start_date=1999-06-01&end_date=2026-05-31&hourly=temperature_2m,apparent_temperature,snowfall,snow_depth,rain,cloud_cover,cloud_cover_low,cloud_cover_mid,cloud_cover_high,weather_code,wind_direction_100m,wind_direction_10m,wind_speed_100m,wind_speed_10m,wind_gusts_10m,dew_point_2m,relative_humidity_2m,sunshine_duration,direct_normal_irradiance,diffuse_radiation,shortwave_radiation,terrestrial_radiation,direct_normal_irradiance_instant,diffuse_radiation_instant,shortwave_radiation_instant,terrestrial_radiation_instant,is_day&timezone=America/New_York&temperature_unit=fahrenheit&wind_speed_unit=mph&precipitation_unit=inch&elevation=457.2
Boyce Park - PA|Pennsylvania|Mid-Atlantic|15146|1232|1152|1072|160|3|4|25|||||||40.46|-79.75|351.1296|America/New_York|USA|USD|35|35|31|estimate||https://archive-api.open-meteo.com/v1/archive?latitude=40.46&longitude=-79.75&start_date=1999-06-01&end_date=2026-05-31&hourly=temperature_2m,apparent_temperature,snowfall,snow_depth,rain,cloud_cover,cloud_cover_low,cloud_cover_mid,cloud_cover_high,weather_code,wind_direction_100m,wind_direction_10m,wind_speed_100m,wind_speed_10m,wind_gusts_10m,dew_point_2m,relative_humidity_2m,sunshine_duration,direct_normal_irradiance,diffuse_radiation,shortwave_radiation,terrestrial_radiation,direct_normal_irradiance_instant,diffuse_radiation_instant,shortwave_radiation_instant,terrestrial_radiation_instant,is_day&timezone=America/New_York&temperature_unit=fahrenheit&wind_speed_unit=mph&precipitation_unit=inch&elevation=351.1296
Boyne Highlands - MI|Michigan|Midwest|49740|1290|1017.5|745|552|10|55|435|0.4|174|0.29|126.15|0.31|134.85|45.47|-84.94|310.134|America/Detroit|USA|USD|129|129|97|estimate|https://www.onthesnow.com/michigan/boyne-highlands/trailmap|https://archive-api.open-meteo.com/v1/archive?latitude=45.47&longitude=-84.94&start_date=1999-06-01&end_date=2026-05-31&hourly=temperature_2m,apparent_temperature,snowfall,snow_depth,rain,cloud_cover,cloud_cover_low,cloud_cover_mid,cloud_cover_high,weather_code,wind_direction_100m,wind_direction_10m,wind_speed_100m,wind_speed_10m,wind_gusts_10m,dew_point_2m,relative_humidity_2m,sunshine_duration,direct_normal_irradiance,diffuse_radiation,shortwave_radiation,terrestrial_radiation,direct_normal_irradiance_instant,diffuse_radiation_instant,shortwave_radiation_instant,terrestrial_radiation_instant,is_day&timezone=America/Detroit&temperature_unit=fahrenheit&wind_speed_unit=mph&precipitation_unit=inch&elevation=310.134
Boyne Mountain - MI|Michigan|Midwest|49713|1120|870|620|500|11|60|415|0.48|199.2|0.28|116.2|0.25|103.75|45.16|-84.93|265.176|America/Detroit|USA|USD|129|129|97|estimate|https://www.onthesnow.com/michigan/boyne-mountain-resort/trailmap|https://archive-api.open-meteo.com/v1/archive?latitude=45.16&longitude=-84.93&start_date=1999-06-01&end_date=2026-05-31&hourly=temperature_2m,apparent_temperature,snowfall,snow_depth,rain,cloud_cover,cloud_cover_low,cloud_cover_mid,cloud_cover_high,weather_code,wind_direction_100m,wind_direction_10m,wind_speed_100m,wind_speed_10m,wind_gusts_10m,dew_point_2m,relative_humidity_2m,sunshine_duration,direct_normal_irradiance,diffuse_radiation,shortwave_radiation,terrestrial_radiation,direct_normal_irradiance_instant,diffuse_radiation_instant,shortwave_radiation_instant,terrestrial_radiation_instant,is_day&timezone=America/Detroit&temperature_unit=fahrenheit&wind_speed_unit=mph&precipitation_unit=inch&elevation=265.176
Brantling - NY|New York|Northeast|14551|850|725|600|250|6|8|20|0.3|6|0.4|8|0.3|6|43.16|-77.06|220.98|America/New_York|USA|USD|45|45|40|estimate|https://www.onthesnow.com/new-york/brantling-ski-slopes/trailmap|https://archive-api.open-meteo.com/v1/archive?latitude=43.16&longitude=-77.06&start_date=1999-06-01&end_date=2026-05-31&hourly=temperature_2m,apparent_temperature,snowfall,snow_depth,rain,cloud_cover,cloud_cover_low,cloud_cover_mid,cloud_cover_high,weather_code,wind_direction_100m,wind_direction_10m,wind_speed_100m,wind_speed_10m,wind_gusts_10m,dew_point_2m,relative_humidity_2m,sunshine_duration,direct_normal_irradiance,diffuse_radiation,shortwave_radiation,terrestrial_radiation,direct_normal_irradiance_instant,diffuse_radiation_instant,shortwave_radiation_instant,terrestrial_radiation_instant,is_day&timezone=America/New_York&temperature_unit=fahrenheit&wind_speed_unit=mph&precipitation_unit=inch&elevation=220.98
Breckenridge - CO|Colorado|Colorado & Utah|80424|12998|11299|9600|3398|34|187|2908|0.12|348.96|0.21|610.68|0.67|1948.36|39.48|-106.07|3443.9352|America/Denver|USA|USD|289|289|217|estimate|https://www.onthesnow.com/colorado/breckenridge/trailmap|https://archive-api.open-meteo.com/v1/archive?latitude=39.48&longitude=-106.07&start_date=1999-06-01&end_date=2026-05-31&hourly=temperature_2m,apparent_temperature,snowfall,snow_depth,rain,cloud_cover,cloud_cover_low,cloud_cover_mid,cloud_cover_high,weather_code,wind_direction_100m,wind_direction_10m,wind_speed_100m,wind_speed_10m,wind_gusts_10m,dew_point_2m,relative_humidity_2m,sunshine_duration,direct_normal_irradiance,diffuse_radiation,shortwave_radiation,terrestrial_radiation,direct_normal_irradiance_instant,diffuse_radiation_instant,shortwave_radiation_instant,terrestrial_radiation_instant,is_day&timezone=America/Denver&temperature_unit=fahrenheit&wind_speed_unit=mph&precipitation_unit=inch&elevation=3443.9352
Bretton Woods - NH|New Hampshire|Northeast|3575|3100|2350|1600|1500|10|102|470|0.25|117.5|0.4|188|0.35|164.5|44.26|-71.45|716.28|America/New_York|USA|USD|149|149|112|estimate|https://www.onthesnow.com/new-hampshire/bretton-woods/trailmap|https://archive-api.open-meteo.com/v1/archive?latitude=44.26&longitude=-71.45&start_date=1999-06-01&end_date=2026-05-31&hourly=temperature_2m,apparent_temperature,snowfall,snow_depth,rain,cloud_cover,cloud_cover_low,cloud_cover_mid,cloud_cover_high,weather_code,wind_direction_100m,wind_direction_10m,wind_speed_100m,wind_speed_10m,wind_gusts_10m,dew_point_2m,relative_humidity_2m,sunshine_duration,direct_normal_irradiance,diffuse_radiation,shortwave_radiation,terrestrial_radiation,direct_normal_irradiance_instant,diffuse_radiation_instant,shortwave_radiation_instant,terrestrial_radiation_instant,is_day&timezone=America/New_York&temperature_unit=fahrenheit&wind_speed_unit=mph&precipitation_unit=inch&elevation=716.28
Brian Head - UT|Utah|Colorado & Utah|84719|10929|10264.5|9600|1329|8|71|650|0.21|136.5|0.41|266.5|0.38|247|37.7|-112.85|3128.6196|America/Denver|USA|USD|109|109|96|estimate|https://www.onthesnow.com/utah/brian-head-resort/trailmap|https://archive-api.open-meteo.com/v1/archive?latitude=37.7&longitude=-112.85&start_date=1999-06-01&end_date=2026-05-31&hourly=temperature_2m,apparent_temperature,snowfall,snow_depth,rain,cloud_cover,cloud_cover_low,cloud_cover_mid,cloud_cover_high,weather_code,wind_direction_100m,wind_direction_10m,wind_speed_100m,wind_speed_10m,wind_gusts_10m,dew_point_2m,relative_humidity_2m,sunshine_duration,direct_normal_irradiance,diffuse_radiation,shortwave_radiation,terrestrial_radiation,direct_normal_irradiance_instant,diffuse_radiation_instant,shortwave_radiation_instant,terrestrial_radiation_instant,is_day&timezone=America/Denver&temperature_unit=fahrenheit&wind_speed_unit=mph&precipitation_unit=inch&elevation=3128.6196
Bridger Bowl - MT|Montana|Northern Rockies|59715|8800|7450|6100|2700|9|75|2000|0.12|240|0.28|560|0.6|1200|45.83|-110.89|2270.76|America/Denver|USA|USD|99|99|87|estimate|https://www.onthesnow.com/montana/bridger-bowl/trailmap|https://archive-api.open-meteo.com/v1/archive?latitude=45.83&longitude=-110.89&start_date=1999-06-01&end_date=2026-05-31&hourly=temperature_2m,apparent_temperature,snowfall,snow_depth,rain,cloud_cover,cloud_cover_low,cloud_cover_mid,cloud_cover_high,weather_code,wind_direction_100m,wind_direction_10m,wind_speed_100m,wind_speed_10m,wind_gusts_10m,dew_point_2m,relative_humidity_2m,sunshine_duration,direct_normal_irradiance,diffuse_radiation,shortwave_radiation,terrestrial_radiation,direct_normal_irradiance_instant,diffuse_radiation_instant,shortwave_radiation_instant,terrestrial_radiation_instant,is_day&timezone=America/Denver&temperature_unit=fahrenheit&wind_speed_unit=mph&precipitation_unit=inch&elevation=2270.76
Brighton - UT|Utah|Colorado & Utah|84121|10500|9627.5|8755|1745|6|66|1050|0.24|252|0.36|378|0.4|420|40.6|-111.58|2934.462|America/Denver|USA|USD|145|145|109|estimate|https://www.onthesnow.com/utah/brighton-resort/trailmap|https://archive-api.open-meteo.com/v1/archive?latitude=40.6&longitude=-111.58&start_date=1999-06-01&end_date=2026-05-31&hourly=temperature_2m,apparent_temperature,snowfall,snow_depth,rain,cloud_cover,cloud_cover_low,cloud_cover_mid,cloud_cover_high,weather_code,wind_direction_100m,wind_direction_10m,wind_speed_100m,wind_speed_10m,wind_gusts_10m,dew_point_2m,relative_humidity_2m,sunshine_duration,direct_normal_irradiance,diffuse_radiation,shortwave_radiation,terrestrial_radiation,direct_normal_irradiance_instant,diffuse_radiation_instant,shortwave_radiation_instant,terrestrial_radiation_instant,is_day&timezone=America/Denver&temperature_unit=fahrenheit&wind_speed_unit=mph&precipitation_unit=inch&elevation=2934.462
Bristol Mountain - NY|New York|Northeast|14512|2200|1600|1000|1200|7|38|160|0.35|56|0.45|72|0.2|32|42.75|-77.41|487.68|America/New_York|USA|USD|89|89|78|estimate|https://www.onthesnow.com/new-york/bristol-mountain/trailmap|https://archive-api.open-meteo.com/v1/archive?latitude=42.75&longitude=-77.41&start_date=1999-06-01&end_date=2026-05-31&hourly=temperature_2m,apparent_temperature,snowfall,snow_depth,rain,cloud_cover,cloud_cover_low,cloud_cover_mid,cloud_cover_high,weather_code,wind_direction_100m,wind_direction_10m,wind_speed_100m,wind_speed_10m,wind_gusts_10m,dew_point_2m,relative_humidity_2m,sunshine_duration,direct_normal_irradiance,diffuse_radiation,shortwave_radiation,terrestrial_radiation,direct_normal_irradiance_instant,diffuse_radiation_instant,shortwave_radiation_instant,terrestrial_radiation_instant,is_day&timezone=America/New_York&temperature_unit=fahrenheit&wind_speed_unit=mph&precipitation_unit=inch&elevation=487.68
Bromley Mountain - VT|Vermont|Northeast|5255|3284|2617|1950|1334|9|47|178|0.3|53.4|0.36|64.08|0.34|60.52|43.23|-72.94|797.6616|America/New_York|USA|USD|119|119|105|estimate|https://www.onthesnow.com/vermont/bromley-mountain/trailmap|https://archive-api.open-meteo.com/v1/archive?latitude=43.23&longitude=-72.94&start_date=1999-06-01&end_date=2026-05-31&hourly=temperature_2m,apparent_temperature,snowfall,snow_depth,rain,cloud_cover,cloud_cover_low,cloud_cover_mid,cloud_cover_high,weather_code,wind_direction_100m,wind_direction_10m,wind_speed_100m,wind_speed_10m,wind_gusts_10m,dew_point_2m,relative_humidity_2m,sunshine_duration,direct_normal_irradiance,diffuse_radiation,shortwave_radiation,terrestrial_radiation,direct_normal_irradiance_instant,diffuse_radiation_instant,shortwave_radiation_instant,terrestrial_radiation_instant,is_day&timezone=America/New_York&temperature_unit=fahrenheit&wind_speed_unit=mph&precipitation_unit=inch&elevation=797.6616
Bromont - QC|Quebec|Eastern Canada|J2L 1A2|1854|1222|590|1264|9|141|450|0.21|94.5|0.37|166.5|0.42|189|45.3|-72.64|372.4656|America/Toronto|Canada|CAD|99|71|87|estimate|https://www.onthesnow.com/quebec/ski-bromont/trailmap|https://archive-api.open-meteo.com/v1/archive?latitude=45.3&longitude=-72.64&start_date=1999-06-01&end_date=2026-05-31&hourly=temperature_2m,apparent_temperature,snowfall,snow_depth,rain,cloud_cover,cloud_cover_low,cloud_cover_mid,cloud_cover_high,weather_code,wind_direction_100m,wind_direction_10m,wind_speed_100m,wind_speed_10m,wind_gusts_10m,dew_point_2m,relative_humidity_2m,sunshine_duration,direct_normal_irradiance,diffuse_radiation,shortwave_radiation,terrestrial_radiation,direct_normal_irradiance_instant,diffuse_radiation_instant,shortwave_radiation_instant,terrestrial_radiation_instant,is_day&timezone=America/Toronto&temperature_unit=fahrenheit&wind_speed_unit=mph&precipitation_unit=inch&elevation=372.4656
Bruce Mound - WI|Wisconsin|Midwest|54754|1375|1187.5|1000|375|4|7|40|0.17|6.8|0.17|6.8|0.66|26.4|44.445656|-90.784531|361.95|America/Chicago|USA|USD|32|32||published_2526|https://www.onthesnow.com/wisconsin/bruce-mound/trailmap|https://archive-api.open-meteo.com/v1/archive?latitude=44.445656&longitude=-90.784531&start_date=1999-06-01&end_date=2026-05-31&hourly=temperature_2m,apparent_temperature,snowfall,snow_depth,rain,cloud_cover,cloud_cover_low,cloud_cover_mid,cloud_cover_high,weather_code,wind_direction_100m,wind_direction_10m,wind_speed_100m,wind_speed_10m,wind_gusts_10m,dew_point_2m,relative_humidity_2m,sunshine_duration,direct_normal_irradiance,diffuse_radiation,shortwave_radiation,terrestrial_radiation,direct_normal_irradiance_instant,diffuse_radiation_instant,shortwave_radiation_instant,terrestrial_radiation_instant,is_day&timezone=America/Chicago&temperature_unit=fahrenheit&wind_speed_unit=mph&precipitation_unit=inch&elevation=361.95
Brundage - ID|Idaho|Northern Rockies|83638|7803|6821.5|5840|1921|6|50|1920|0.23|441.6|0.32|614.4|0.45|864|45.06|-116.15|2079.1932|America/Denver|USA|USD|105|105|92|estimate|https://www.onthesnow.com/idaho/brundage-mountain-resort/trailmap|https://archive-api.open-meteo.com/v1/archive?latitude=45.06&longitude=-116.15&start_date=1999-06-01&end_date=2026-05-31&hourly=temperature_2m,apparent_temperature,snowfall,snow_depth,rain,cloud_cover,cloud_cover_low,cloud_cover_mid,cloud_cover_high,weather_code,wind_direction_100m,wind_direction_10m,wind_speed_100m,wind_speed_10m,wind_gusts_10m,dew_point_2m,relative_humidity_2m,sunshine_duration,direct_normal_irradiance,diffuse_radiation,shortwave_radiation,terrestrial_radiation,direct_normal_irradiance_instant,diffuse_radiation_instant,shortwave_radiation_instant,terrestrial_radiation_instant,is_day&timezone=America/Denver&temperature_unit=fahrenheit&wind_speed_unit=mph&precipitation_unit=inch&elevation=2079.1932
Bryce - VA|Virginia|Southeast|22810|1750|1500|1250|500|4|8|25|0.33|8.25|0.5|12.5|0.17|4.25|38.8|-78.75|457.2|America/New_York|USA|USD|79|79|70|estimate|https://www.onthesnow.com/virginia/bryce-resort/trailmap|https://archive-api.open-meteo.com/v1/archive?latitude=38.8&longitude=-78.75&start_date=1999-06-01&end_date=2026-05-31&hourly=temperature_2m,apparent_temperature,snowfall,snow_depth,rain,cloud_cover,cloud_cover_low,cloud_cover_mid,cloud_cover_high,weather_code,wind_direction_100m,wind_direction_10m,wind_speed_100m,wind_speed_10m,wind_gusts_10m,dew_point_2m,relative_humidity_2m,sunshine_duration,direct_normal_irradiance,diffuse_radiation,shortwave_radiation,terrestrial_radiation,direct_normal_irradiance_instant,diffuse_radiation_instant,shortwave_radiation_instant,terrestrial_radiation_instant,is_day&timezone=America/New_York&temperature_unit=fahrenheit&wind_speed_unit=mph&precipitation_unit=inch&elevation=457.2
Buck Hill - MN|Minnesota|Midwest|55337|1180|1025|870|310|9|16|45|0.34|15.3|0.34|15.3|0.32|14.4|44.72|-93.28|312.42|America/Chicago|USA|USD|65|65|57|estimate|https://www.onthesnow.com/minnesota/buck-hill/trailmap|https://archive-api.open-meteo.com/v1/archive?latitude=44.72&longitude=-93.28&start_date=1999-06-01&end_date=2026-05-31&hourly=temperature_2m,apparent_temperature,snowfall,snow_depth,rain,cloud_cover,cloud_cover_low,cloud_cover_mid,cloud_cover_high,weather_code,wind_direction_100m,wind_direction_10m,wind_speed_100m,wind_speed_10m,wind_gusts_10m,dew_point_2m,relative_humidity_2m,sunshine_duration,direct_normal_irradiance,diffuse_radiation,shortwave_radiation,terrestrial_radiation,direct_normal_irradiance_instant,diffuse_radiation_instant,shortwave_radiation_instant,terrestrial_radiation_instant,is_day&timezone=America/Chicago&temperature_unit=fahrenheit&wind_speed_unit=mph&precipitation_unit=inch&elevation=312.42
Buena Vista - MN|Minnesota|Midwest|56601|1510|1395|1280|230|5|16|30|0.2|6|0.55|16.5|0.25|7.5|47.62|-94.91|425.196|America/Chicago|USA|USD|55|55|48|estimate|https://www.onthesnow.com/minnesota/buena-vista-ski-area/trailmap|https://archive-api.open-meteo.com/v1/archive?latitude=47.62&longitude=-94.91&start_date=1999-06-01&end_date=2026-05-31&hourly=temperature_2m,apparent_temperature,snowfall,snow_depth,rain,cloud_cover,cloud_cover_low,cloud_cover_mid,cloud_cover_high,weather_code,wind_direction_100m,wind_direction_10m,wind_speed_100m,wind_speed_10m,wind_gusts_10m,dew_point_2m,relative_humidity_2m,sunshine_duration,direct_normal_irradiance,diffuse_radiation,shortwave_radiation,terrestrial_radiation,direct_normal_irradiance_instant,diffuse_radiation_instant,shortwave_radiation_instant,terrestrial_radiation_instant,is_day&timezone=America/Chicago&temperature_unit=fahrenheit&wind_speed_unit=mph&precipitation_unit=inch&elevation=425.196
Buffalo Ski Club Ski Area - NY|New York|Northeast|14033|1486|1254.5|1023|463|6|43|225|0.2|45|0.46|103.5|0.34|76.5|42.680981|-78.692039|382.3716|America/New_York|USA|USD|57|57||published_2526|https://www.onthesnow.com/new-york/buffalo-ski-club-ski-area/trailmap|https://archive-api.open-meteo.com/v1/archive?latitude=42.680981&longitude=-78.692039&start_date=1999-06-01&end_date=2026-05-31&hourly=temperature_2m,apparent_temperature,snowfall,snow_depth,rain,cloud_cover,cloud_cover_low,cloud_cover_mid,cloud_cover_high,weather_code,wind_direction_100m,wind_direction_10m,wind_speed_100m,wind_speed_10m,wind_gusts_10m,dew_point_2m,relative_humidity_2m,sunshine_duration,direct_normal_irradiance,diffuse_radiation,shortwave_radiation,terrestrial_radiation,direct_normal_irradiance_instant,diffuse_radiation_instant,shortwave_radiation_instant,terrestrial_radiation_instant,is_day&timezone=America/New_York&temperature_unit=fahrenheit&wind_speed_unit=mph&precipitation_unit=inch&elevation=382.3716
Burke Mountain - VT|Vermont|Northeast|5832|3267|2267|1267|2011|4|50|178|0.08|14.24|0.48|85.44|0.45|80.1|44.57|-71.9|690.9816|America/New_York|USA|USD|89|89|78|estimate|https://www.onthesnow.com/vermont/burke-mountain/trailmap|https://archive-api.open-meteo.com/v1/archive?latitude=44.57&longitude=-71.9&start_date=1999-06-01&end_date=2026-05-31&hourly=temperature_2m,apparent_temperature,snowfall,snow_depth,rain,cloud_cover,cloud_cover_low,cloud_cover_mid,cloud_cover_high,weather_code,wind_direction_100m,wind_direction_10m,wind_speed_100m,wind_speed_10m,wind_gusts_10m,dew_point_2m,relative_humidity_2m,sunshine_duration,direct_normal_irradiance,diffuse_radiation,shortwave_radiation,terrestrial_radiation,direct_normal_irradiance_instant,diffuse_radiation_instant,shortwave_radiation_instant,terrestrial_radiation_instant,is_day&timezone=America/New_York&temperature_unit=fahrenheit&wind_speed_unit=mph&precipitation_unit=inch&elevation=690.9816
Buttermilk - CO|Colorado|Colorado & Utah|81611|9900|8885|7870|2030|8|44|470|0.35|164.5|0.39|183.3|0.26|122.2|39.2|-106.87|2708.148|America/Denver|USA|USD|264|264|198|estimate|https://www.aspensnowmass.com/four-mountains/buttermilk/trail-maps|https://archive-api.open-meteo.com/v1/archive?latitude=39.2&longitude=-106.87&start_date=1999-06-01&end_date=2026-05-31&hourly=temperature_2m,apparent_temperature,snowfall,snow_depth,rain,cloud_cover,cloud_cover_low,cloud_cover_mid,cloud_cover_high,weather_code,wind_direction_100m,wind_direction_10m,wind_speed_100m,wind_speed_10m,wind_gusts_10m,dew_point_2m,relative_humidity_2m,sunshine_duration,direct_normal_irradiance,diffuse_radiation,shortwave_radiation,terrestrial_radiation,direct_normal_irradiance_instant,diffuse_radiation_instant,shortwave_radiation_instant,terrestrial_radiation_instant,is_day&timezone=America/Denver&temperature_unit=fahrenheit&wind_speed_unit=mph&precipitation_unit=inch&elevation=2708.148
Caberfae Peaks - MI|Michigan|Midwest|49689|1545|1302.5|1060|485|6|34|200|0.26|52|0.37|74|0.37|74|44.24|-85.85|397.002|America/Detroit|USA|USD|65|65|57|estimate|https://www.onthesnow.com/michigan/caberfae-peaks-ski-golf-resort/trailmap|https://archive-api.open-meteo.com/v1/archive?latitude=44.24&longitude=-85.85&start_date=1999-06-01&end_date=2026-05-31&hourly=temperature_2m,apparent_temperature,snowfall,snow_depth,rain,cloud_cover,cloud_cover_low,cloud_cover_mid,cloud_cover_high,weather_code,wind_direction_100m,wind_direction_10m,wind_speed_100m,wind_speed_10m,wind_gusts_10m,dew_point_2m,relative_humidity_2m,sunshine_duration,direct_normal_irradiance,diffuse_radiation,shortwave_radiation,terrestrial_radiation,direct_normal_irradiance_instant,diffuse_radiation_instant,shortwave_radiation_instant,terrestrial_radiation_instant,is_day&timezone=America/Detroit&temperature_unit=fahrenheit&wind_speed_unit=mph&precipitation_unit=inch&elevation=397.002
Calabogie Peaks - ON|Ontario|Eastern Canada|K0J 1H0|1300|910|520|780|4|24|80|0.24|19.2|0.36|28.8|0.4|32|45.25|-76.75|277.368|America/Toronto|Canada|CAD|79|57|70|estimate|https://www.onthesnow.com/ontario/calabogie-peaks/trailmap|https://archive-api.open-meteo.com/v1/archive?latitude=45.25&longitude=-76.75&start_date=1999-06-01&end_date=2026-05-31&hourly=temperature_2m,apparent_temperature,snowfall,snow_depth,rain,cloud_cover,cloud_cover_low,cloud_cover_mid,cloud_cover_high,weather_code,wind_direction_100m,wind_direction_10m,wind_speed_100m,wind_speed_10m,wind_gusts_10m,dew_point_2m,relative_humidity_2m,sunshine_duration,direct_normal_irradiance,diffuse_radiation,shortwave_radiation,terrestrial_radiation,direct_normal_irradiance_instant,diffuse_radiation_instant,shortwave_radiation_instant,terrestrial_radiation_instant,is_day&timezone=America/Toronto&temperature_unit=fahrenheit&wind_speed_unit=mph&precipitation_unit=inch&elevation=277.368
Camden Snow Bowl - ME|Maine|Northeast|4843|1093|621.5|150|943|4|20|100|0.2|20|0.7|70|0.1|10|44.22|-69.1|189.4332|America/New_York|USA|USD|65|65|57|estimate|https://www.onthesnow.com/maine/camden-snow-bowl/trailmap|https://archive-api.open-meteo.com/v1/archive?latitude=44.22&longitude=-69.1&start_date=1999-06-01&end_date=2026-05-31&hourly=temperature_2m,apparent_temperature,snowfall,snow_depth,rain,cloud_cover,cloud_cover_low,cloud_cover_mid,cloud_cover_high,weather_code,wind_direction_100m,wind_direction_10m,wind_speed_100m,wind_speed_10m,wind_gusts_10m,dew_point_2m,relative_humidity_2m,sunshine_duration,direct_normal_irradiance,diffuse_radiation,shortwave_radiation,terrestrial_radiation,direct_normal_irradiance_instant,diffuse_radiation_instant,shortwave_radiation_instant,terrestrial_radiation_instant,is_day&timezone=America/New_York&temperature_unit=fahrenheit&wind_speed_unit=mph&precipitation_unit=inch&elevation=189.4332
Camelback Mountain - PA|Pennsylvania|Mid-Atlantic|18344|2050|1650|1250|800|16|39|166|0.39|64.74|0.26|43.16|0.35|58.1|41.05|-75.35|502.92|America/New_York|USA|USD|109|109|96|estimate|https://www.onthesnow.com/pennsylvania/camelback-mountain-resort/trailmap|https://archive-api.open-meteo.com/v1/archive?latitude=41.05&longitude=-75.35&start_date=1999-06-01&end_date=2026-05-31&hourly=temperature_2m,apparent_temperature,snowfall,snow_depth,rain,cloud_cover,cloud_cover_low,cloud_cover_mid,cloud_cover_high,weather_code,wind_direction_100m,wind_direction_10m,wind_speed_100m,wind_speed_10m,wind_gusts_10m,dew_point_2m,relative_humidity_2m,sunshine_duration,direct_normal_irradiance,diffuse_radiation,shortwave_radiation,terrestrial_radiation,direct_normal_irradiance_instant,diffuse_radiation_instant,shortwave_radiation_instant,terrestrial_radiation_instant,is_day&timezone=America/New_York&temperature_unit=fahrenheit&wind_speed_unit=mph&precipitation_unit=inch&elevation=502.92
Camp 10 - WI|Wisconsin|Midwest||1500|1380|1260|240|4|14|120|0.13|15.6|0.4|48|0.47|56.4|45.72|-89.36|420.624|America/Chicago|USA|USD|45|45|40|estimate||https://archive-api.open-meteo.com/v1/archive?latitude=45.72&longitude=-89.36&start_date=1999-06-01&end_date=2026-05-31&hourly=temperature_2m,apparent_temperature,snowfall,snow_depth,rain,cloud_cover,cloud_cover_low,cloud_cover_mid,cloud_cover_high,weather_code,wind_direction_100m,wind_direction_10m,wind_speed_100m,wind_speed_10m,wind_gusts_10m,dew_point_2m,relative_humidity_2m,sunshine_duration,direct_normal_irradiance,diffuse_radiation,shortwave_radiation,terrestrial_radiation,direct_normal_irradiance_instant,diffuse_radiation_instant,shortwave_radiation_instant,terrestrial_radiation_instant,is_day&timezone=America/Chicago&temperature_unit=fahrenheit&wind_speed_unit=mph&precipitation_unit=inch&elevation=420.624
Camp Fortune - QC|Quebec|Eastern Canada|J9B 2N3|650|336.5|23|627|8|25|95|0.3|28.5|0.35|33.25|0.35|33.25|45.510998|-75.851646|102.5652|America/Toronto|Canada|CAD|65|47||published_2627|https://www.onthesnow.com/quebec/camp-fortune/trailmap|https://archive-api.open-meteo.com/v1/archive?latitude=45.510998&longitude=-75.851646&start_date=1999-06-01&end_date=2026-05-31&hourly=temperature_2m,apparent_temperature,snowfall,snow_depth,rain,cloud_cover,cloud_cover_low,cloud_cover_mid,cloud_cover_high,weather_code,wind_direction_100m,wind_direction_10m,wind_speed_100m,wind_speed_10m,wind_gusts_10m,dew_point_2m,relative_humidity_2m,sunshine_duration,direct_normal_irradiance,diffuse_radiation,shortwave_radiation,terrestrial_radiation,direct_normal_irradiance_instant,diffuse_radiation_instant,shortwave_radiation_instant,terrestrial_radiation_instant,is_day&timezone=America/Toronto&temperature_unit=fahrenheit&wind_speed_unit=mph&precipitation_unit=inch&elevation=102.5652
Campgaw Mountain - NJ|New Jersey|Mid-Atlantic|7430|720|585|450|270|6|5|23|0.33|7.59|0.33|7.59|0.33|7.59|41.05|-74.21|178.308|America/New_York|USA|USD|55|55|48|estimate|https://www.onthesnow.com/new-jersey/campgaw-mountain/trailmap|https://archive-api.open-meteo.com/v1/archive?latitude=41.05&longitude=-74.21&start_date=1999-06-01&end_date=2026-05-31&hourly=temperature_2m,apparent_temperature,snowfall,snow_depth,rain,cloud_cover,cloud_cover_low,cloud_cover_mid,cloud_cover_high,weather_code,wind_direction_100m,wind_direction_10m,wind_speed_100m,wind_speed_10m,wind_gusts_10m,dew_point_2m,relative_humidity_2m,sunshine_duration,direct_normal_irradiance,diffuse_radiation,shortwave_radiation,terrestrial_radiation,direct_normal_irradiance_instant,diffuse_radiation_instant,shortwave_radiation_instant,terrestrial_radiation_instant,is_day&timezone=America/New_York&temperature_unit=fahrenheit&wind_speed_unit=mph&precipitation_unit=inch&elevation=178.308
Canaan Valley - WV|West Virginia|Southeast|26260|4280|3855|3430|850|5|47|95|0.27|25.65|0.38|36.1|0.35|33.25|39.06|-79.42|1175.004|America/New_York|USA|USD|79|79|70|estimate|https://www.onthesnow.com/west-virginia/canaan-valley-resort/trailmap|https://archive-api.open-meteo.com/v1/archive?latitude=39.06&longitude=-79.42&start_date=1999-06-01&end_date=2026-05-31&hourly=temperature_2m,apparent_temperature,snowfall,snow_depth,rain,cloud_cover,cloud_cover_low,cloud_cover_mid,cloud_cover_high,weather_code,wind_direction_100m,wind_direction_10m,wind_speed_100m,wind_speed_10m,wind_gusts_10m,dew_point_2m,relative_humidity_2m,sunshine_duration,direct_normal_irradiance,diffuse_radiation,shortwave_radiation,terrestrial_radiation,direct_normal_irradiance_instant,diffuse_radiation_instant,shortwave_radiation_instant,terrestrial_radiation_instant,is_day&timezone=America/New_York&temperature_unit=fahrenheit&wind_speed_unit=mph&precipitation_unit=inch&elevation=1175.004
Canada Olympic Park - AB|Alberta|Western Canada|T3B 5R5|4101|3904|3707|394|||214|0.33|70.62|0.33|70.62|0.33|70.62|51.082382|-114.21527|1189.9392|America/Edmonton|Canada|CAD|82|59.04||published_252627|https://www.winsport.ca/explore-winsport/general-information/maps-parking-and-location/|https://archive-api.open-meteo.com/v1/archive?latitude=51.082382&longitude=-114.21527&start_date=1999-06-01&end_date=2026-05-31&hourly=temperature_2m,apparent_temperature,snowfall,snow_depth,rain,cloud_cover,cloud_cover_low,cloud_cover_mid,cloud_cover_high,weather_code,wind_direction_100m,wind_direction_10m,wind_speed_100m,wind_speed_10m,wind_gusts_10m,dew_point_2m,relative_humidity_2m,sunshine_duration,direct_normal_irradiance,diffuse_radiation,shortwave_radiation,terrestrial_radiation,direct_normal_irradiance_instant,diffuse_radiation_instant,shortwave_radiation_instant,terrestrial_radiation_instant,is_day&timezone=America/Edmonton&temperature_unit=fahrenheit&wind_speed_unit=mph&precipitation_unit=inch&elevation=1189.9392
Cannon Mountain - NH|New Hampshire|Northeast|3580|4080|2990|1900|2180|10|97|285|0.14|39.9|0.52|148.2|0.34|96.9|44.15|-71.69|911.352|America/New_York|USA|USD|109|109|96|estimate|https://www.onthesnow.com/new-hampshire/cannon-mountain/trailmap|https://archive-api.open-meteo.com/v1/archive?latitude=44.15&longitude=-71.69&start_date=1999-06-01&end_date=2026-05-31&hourly=temperature_2m,apparent_temperature,snowfall,snow_depth,rain,cloud_cover,cloud_cover_low,cloud_cover_mid,cloud_cover_high,weather_code,wind_direction_100m,wind_direction_10m,wind_speed_100m,wind_speed_10m,wind_gusts_10m,dew_point_2m,relative_humidity_2m,sunshine_duration,direct_normal_irradiance,diffuse_radiation,shortwave_radiation,terrestrial_radiation,direct_normal_irradiance_instant,diffuse_radiation_instant,shortwave_radiation_instant,terrestrial_radiation_instant,is_day&timezone=America/New_York&temperature_unit=fahrenheit&wind_speed_unit=mph&precipitation_unit=inch&elevation=911.352
Cannonsburg - MI|Michigan|Midwest||1150|1025|900|250|10|19|100|0.35|35|0.5|50|0.15|15|43.05|-85.5|312.42|America/Detroit|USA|USD|65|65|57|estimate|https://www.onthesnow.com/michigan/cannonsburg/trailmap|https://archive-api.open-meteo.com/v1/archive?latitude=43.05&longitude=-85.5&start_date=1999-06-01&end_date=2026-05-31&hourly=temperature_2m,apparent_temperature,snowfall,snow_depth,rain,cloud_cover,cloud_cover_low,cloud_cover_mid,cloud_cover_high,weather_code,wind_direction_100m,wind_direction_10m,wind_speed_100m,wind_speed_10m,wind_gusts_10m,dew_point_2m,relative_humidity_2m,sunshine_duration,direct_normal_irradiance,diffuse_radiation,shortwave_radiation,terrestrial_radiation,direct_normal_irradiance_instant,diffuse_radiation_instant,shortwave_radiation_instant,terrestrial_radiation_instant,is_day&timezone=America/Detroit&temperature_unit=fahrenheit&wind_speed_unit=mph&precipitation_unit=inch&elevation=312.42
Cascade Mountain - WI|Wisconsin|Midwest|53911|1280|1050|820|460|11|47|175|0.39|68.25|0.39|68.25|0.22|38.5|43.53|-89.53|320.04|America/Chicago|USA|USD|79|79|70|estimate|https://www.onthesnow.com/wisconsin/cascade-mountain/trailmap|https://archive-api.open-meteo.com/v1/archive?latitude=43.53&longitude=-89.53&start_date=1999-06-01&end_date=2026-05-31&hourly=temperature_2m,apparent_temperature,snowfall,snow_depth,rain,cloud_cover,cloud_cover_low,cloud_cover_mid,cloud_cover_high,weather_code,wind_direction_100m,wind_direction_10m,wind_speed_100m,wind_speed_10m,wind_gusts_10m,dew_point_2m,relative_humidity_2m,sunshine_duration,direct_normal_irradiance,diffuse_radiation,shortwave_radiation,terrestrial_radiation,direct_normal_irradiance_instant,diffuse_radiation_instant,shortwave_radiation_instant,terrestrial_radiation_instant,is_day&timezone=America/Chicago&temperature_unit=fahrenheit&wind_speed_unit=mph&precipitation_unit=inch&elevation=320.04
Castle Mountain - AB|Alberta|Western Canada|T0K 0M0|7464|6043.5|4623|2841|6|94|3592|0.1|359.2|0.21|754.32|0.69|2478.48|49.32|-114.41|1842.0588|America/Edmonton|Canada|CAD|109|78|96|estimate|https://www.onthesnow.com/alberta/castle-mountain/trailmap|https://archive-api.open-meteo.com/v1/archive?latitude=49.32&longitude=-114.41&start_date=1999-06-01&end_date=2026-05-31&hourly=temperature_2m,apparent_temperature,snowfall,snow_depth,rain,cloud_cover,cloud_cover_low,cloud_cover_mid,cloud_cover_high,weather_code,wind_direction_100m,wind_direction_10m,wind_speed_100m,wind_speed_10m,wind_gusts_10m,dew_point_2m,relative_humidity_2m,sunshine_duration,direct_normal_irradiance,diffuse_radiation,shortwave_radiation,terrestrial_radiation,direct_normal_irradiance_instant,diffuse_radiation_instant,shortwave_radiation_instant,terrestrial_radiation_instant,is_day&timezone=America/Edmonton&temperature_unit=fahrenheit&wind_speed_unit=mph&precipitation_unit=inch&elevation=1842.0588
Cataloochee - NC|North Carolina|Southeast|28751|5400|5030|4660|740|5|18|50|0.44|22|0.39|19.5|0.17|8.5|35.63|-83.09|1533.144|America/New_York|USA|USD|89|89|78|estimate|https://www.onthesnow.com/north-carolina/cataloochee-ski-area/trailmap|https://archive-api.open-meteo.com/v1/archive?latitude=35.63&longitude=-83.09&start_date=1999-06-01&end_date=2026-05-31&hourly=temperature_2m,apparent_temperature,snowfall,snow_depth,rain,cloud_cover,cloud_cover_low,cloud_cover_mid,cloud_cover_high,weather_code,wind_direction_100m,wind_direction_10m,wind_speed_100m,wind_speed_10m,wind_gusts_10m,dew_point_2m,relative_humidity_2m,sunshine_duration,direct_normal_irradiance,diffuse_radiation,shortwave_radiation,terrestrial_radiation,direct_normal_irradiance_instant,diffuse_radiation_instant,shortwave_radiation_instant,terrestrial_radiation_instant,is_day&timezone=America/New_York&temperature_unit=fahrenheit&wind_speed_unit=mph&precipitation_unit=inch&elevation=1533.144
Catamount - NY|New York|Northeast|12058|2000|1500|1000|1000|7|44|133|0.36|47.88|0.4|53.2|0.24|31.92|42.16|-73.46|457.2|America/New_York|USA|USD|89|89|78|estimate|https://www.onthesnow.com/new-york/catamount-ski-ride-area/trailmap|https://archive-api.open-meteo.com/v1/archive?latitude=42.16&longitude=-73.46&start_date=1999-06-01&end_date=2026-05-31&hourly=temperature_2m,apparent_temperature,snowfall,snow_depth,rain,cloud_cover,cloud_cover_low,cloud_cover_mid,cloud_cover_high,weather_code,wind_direction_100m,wind_direction_10m,wind_speed_100m,wind_speed_10m,wind_gusts_10m,dew_point_2m,relative_humidity_2m,sunshine_duration,direct_normal_irradiance,diffuse_radiation,shortwave_radiation,terrestrial_radiation,direct_normal_irradiance_instant,diffuse_radiation_instant,shortwave_radiation_instant,terrestrial_radiation_instant,is_day&timezone=America/New_York&temperature_unit=fahrenheit&wind_speed_unit=mph&precipitation_unit=inch&elevation=457.2
Cherry Peak - UT|Utah|Colorado & Utah|84333|7050|6412.5|5775|1265|3|29|200|0.3|60|0.45|90|0.25|50|41.926|-111.754|1954.53|America/Denver|USA|USD||||||https://archive-api.open-meteo.com/v1/archive?latitude=41.926&longitude=-111.754&start_date=1999-06-01&end_date=2026-05-31&hourly=temperature_2m,apparent_temperature,snowfall,snow_depth,rain,cloud_cover,cloud_cover_low,cloud_cover_mid,cloud_cover_high,weather_code,wind_direction_100m,wind_direction_10m,wind_speed_100m,wind_speed_10m,wind_gusts_10m,dew_point_2m,relative_humidity_2m,sunshine_duration,direct_normal_irradiance,diffuse_radiation,shortwave_radiation,terrestrial_radiation,direct_normal_irradiance_instant,diffuse_radiation_instant,shortwave_radiation_instant,terrestrial_radiation_instant,is_day&timezone=America/Denver&temperature_unit=fahrenheit&wind_speed_unit=mph&precipitation_unit=inch&elevation=1954.53
Chester Bowl Park - MN|Minnesota|Midwest|55805|875|787.5|700|175|1|4||||||||46.8|-92.09|240.03|America/Chicago|USA|USD|25|25|22|estimate||https://archive-api.open-meteo.com/v1/archive?latitude=46.8&longitude=-92.09&start_date=1999-06-01&end_date=2026-05-31&hourly=temperature_2m,apparent_temperature,snowfall,snow_depth,rain,cloud_cover,cloud_cover_low,cloud_cover_mid,cloud_cover_high,weather_code,wind_direction_100m,wind_direction_10m,wind_speed_100m,wind_speed_10m,wind_gusts_10m,dew_point_2m,relative_humidity_2m,sunshine_duration,direct_normal_irradiance,diffuse_radiation,shortwave_radiation,terrestrial_radiation,direct_normal_irradiance_instant,diffuse_radiation_instant,shortwave_radiation_instant,terrestrial_radiation_instant,is_day&timezone=America/Chicago&temperature_unit=fahrenheit&wind_speed_unit=mph&precipitation_unit=inch&elevation=240.03
Chestnut Mountain - IL|Illinois|Midwest|61036|1040|802.5|565|475|9|19|139|0.26|36.14|0.58|80.62|0.16|22.24|42.32|-90.38|244.602|America/Chicago|USA|USD|79|79|70|estimate|https://www.onthesnow.com/illinois/chestnut-mountain-resort/trailmap|https://archive-api.open-meteo.com/v1/archive?latitude=42.32&longitude=-90.38&start_date=1999-06-01&end_date=2026-05-31&hourly=temperature_2m,apparent_temperature,snowfall,snow_depth,rain,cloud_cover,cloud_cover_low,cloud_cover_mid,cloud_cover_high,weather_code,wind_direction_100m,wind_direction_10m,wind_speed_100m,wind_speed_10m,wind_gusts_10m,dew_point_2m,relative_humidity_2m,sunshine_duration,direct_normal_irradiance,diffuse_radiation,shortwave_radiation,terrestrial_radiation,direct_normal_irradiance_instant,diffuse_radiation_instant,shortwave_radiation_instant,terrestrial_radiation_instant,is_day&timezone=America/Chicago&temperature_unit=fahrenheit&wind_speed_unit=mph&precipitation_unit=inch&elevation=244.602
China Peak - CA|California|Sierra Nevada|93634|8709|7869.5|7030|1679|11|45|1400|0.11|154|0.28|392|0.61|854|37.23|-119.16|2398.6236|America/Los_Angeles|USA|USD|129|129|97|estimate|https://www.onthesnow.com/california/ski-china-peak/trailmap|https://archive-api.open-meteo.com/v1/archive?latitude=37.23&longitude=-119.16&start_date=1999-06-01&end_date=2026-05-31&hourly=temperature_2m,apparent_temperature,snowfall,snow_depth,rain,cloud_cover,cloud_cover_low,cloud_cover_mid,cloud_cover_high,weather_code,wind_direction_100m,wind_direction_10m,wind_speed_100m,wind_speed_10m,wind_gusts_10m,dew_point_2m,relative_humidity_2m,sunshine_duration,direct_normal_irradiance,diffuse_radiation,shortwave_radiation,terrestrial_radiation,direct_normal_irradiance_instant,diffuse_radiation_instant,shortwave_radiation_instant,terrestrial_radiation_instant,is_day&timezone=America/Los_Angeles&temperature_unit=fahrenheit&wind_speed_unit=mph&precipitation_unit=inch&elevation=2398.6236
Christie Mountain - WI|Wisconsin|Midwest|54822|1650|1475|1300|350|5|21|45|0.41|18.45|0.21|9.45|0.38|17.1|45.44|-91.72|449.58|America/Chicago|USA|USD|55|55|48|estimate|https://www.onthesnow.com/wisconsin/christie-mountain/trailmap|https://archive-api.open-meteo.com/v1/archive?latitude=45.44&longitude=-91.72&start_date=1999-06-01&end_date=2026-05-31&hourly=temperature_2m,apparent_temperature,snowfall,snow_depth,rain,cloud_cover,cloud_cover_low,cloud_cover_mid,cloud_cover_high,weather_code,wind_direction_100m,wind_direction_10m,wind_speed_100m,wind_speed_10m,wind_gusts_10m,dew_point_2m,relative_humidity_2m,sunshine_duration,direct_normal_irradiance,diffuse_radiation,shortwave_radiation,terrestrial_radiation,direct_normal_irradiance_instant,diffuse_radiation_instant,shortwave_radiation_instant,terrestrial_radiation_instant,is_day&timezone=America/Chicago&temperature_unit=fahrenheit&wind_speed_unit=mph&precipitation_unit=inch&elevation=449.58
Christmas Mountain - WI|Wisconsin|Midwest|53965|1250|1125|1000|250|3|10|40|0.4|16|0.4|16|0.2|8|43.62|-89.83|342.9|America/Chicago|USA|USD|55|55|48|estimate|https://www.onthesnow.com/wisconsin/christmas-mountain/trailmap|https://archive-api.open-meteo.com/v1/archive?latitude=43.62&longitude=-89.83&start_date=1999-06-01&end_date=2026-05-31&hourly=temperature_2m,apparent_temperature,snowfall,snow_depth,rain,cloud_cover,cloud_cover_low,cloud_cover_mid,cloud_cover_high,weather_code,wind_direction_100m,wind_direction_10m,wind_speed_100m,wind_speed_10m,wind_gusts_10m,dew_point_2m,relative_humidity_2m,sunshine_duration,direct_normal_irradiance,diffuse_radiation,shortwave_radiation,terrestrial_radiation,direct_normal_irradiance_instant,diffuse_radiation_instant,shortwave_radiation_instant,terrestrial_radiation_instant,is_day&timezone=America/Chicago&temperature_unit=fahrenheit&wind_speed_unit=mph&precipitation_unit=inch&elevation=342.9
Cloudmont - AL|Alabama|Southeast||1800|1725|1650|150|2|2|9|0.5|4.5|0.5|4.5|0|0|34.62|-85.63|525.78|America/Chicago|USA|USD|45|45|40|estimate||https://archive-api.open-meteo.com/v1/archive?latitude=34.62&longitude=-85.63&start_date=1999-06-01&end_date=2026-05-31&hourly=temperature_2m,apparent_temperature,snowfall,snow_depth,rain,cloud_cover,cloud_cover_low,cloud_cover_mid,cloud_cover_high,weather_code,wind_direction_100m,wind_direction_10m,wind_speed_100m,wind_speed_10m,wind_gusts_10m,dew_point_2m,relative_humidity_2m,sunshine_duration,direct_normal_irradiance,diffuse_radiation,shortwave_radiation,terrestrial_radiation,direct_normal_irradiance_instant,diffuse_radiation_instant,shortwave_radiation_instant,terrestrial_radiation_instant,is_day&timezone=America/Chicago&temperature_unit=fahrenheit&wind_speed_unit=mph&precipitation_unit=inch&elevation=525.78
Cochran's - VT|Vermont|Northeast|5462|1000|750|500|500|3|7|15|0.22|3.3|0.56|8.4|0.22|3.3|44.35|-73|228.6|America/New_York|USA|USD|45|45|40|estimate||https://archive-api.open-meteo.com/v1/archive?latitude=44.35&longitude=-73&start_date=1999-06-01&end_date=2026-05-31&hourly=temperature_2m,apparent_temperature,snowfall,snow_depth,rain,cloud_cover,cloud_cover_low,cloud_cover_mid,cloud_cover_high,weather_code,wind_direction_100m,wind_direction_10m,wind_speed_100m,wind_speed_10m,wind_gusts_10m,dew_point_2m,relative_humidity_2m,sunshine_duration,direct_normal_irradiance,diffuse_radiation,shortwave_radiation,terrestrial_radiation,direct_normal_irradiance_instant,diffuse_radiation_instant,shortwave_radiation_instant,terrestrial_radiation_instant,is_day&timezone=America/New_York&temperature_unit=fahrenheit&wind_speed_unit=mph&precipitation_unit=inch&elevation=228.6
Coffee Mill - MN|Minnesota|Midwest|54759|1150|937.5|725|425|3|10|40|0.35|14|0.29|11.6|0.36|14.4|44.42|-92.1|285.75|America/Chicago|USA|USD|45|45|40|estimate|https://www.onthesnow.com/minnesota/coffee-mill-ski-snowboard-resort/trailmap|https://archive-api.open-meteo.com/v1/archive?latitude=44.42&longitude=-92.1&start_date=1999-06-01&end_date=2026-05-31&hourly=temperature_2m,apparent_temperature,snowfall,snow_depth,rain,cloud_cover,cloud_cover_low,cloud_cover_mid,cloud_cover_high,weather_code,wind_direction_100m,wind_direction_10m,wind_speed_100m,wind_speed_10m,wind_gusts_10m,dew_point_2m,relative_humidity_2m,sunshine_duration,direct_normal_irradiance,diffuse_radiation,shortwave_radiation,terrestrial_radiation,direct_normal_irradiance_instant,diffuse_radiation_instant,shortwave_radiation_instant,terrestrial_radiation_instant,is_day&timezone=America/Chicago&temperature_unit=fahrenheit&wind_speed_unit=mph&precipitation_unit=inch&elevation=285.75
Cooper Spur - OR|Oregon|Pacific Northwest||4350|4175|4000|350|2|10|50|0.4|20|0.6|30|0|0|45.42|-121.62|1272.54|America/Los_Angeles|USA|USD|45|45|40|estimate|https://www.onthesnow.com/oregon/cooper-spur/trailmap|https://archive-api.open-meteo.com/v1/archive?latitude=45.42&longitude=-121.62&start_date=1999-06-01&end_date=2026-05-31&hourly=temperature_2m,apparent_temperature,snowfall,snow_depth,rain,cloud_cover,cloud_cover_low,cloud_cover_mid,cloud_cover_high,weather_code,wind_direction_100m,wind_direction_10m,wind_speed_100m,wind_speed_10m,wind_gusts_10m,dew_point_2m,relative_humidity_2m,sunshine_duration,direct_normal_irradiance,diffuse_radiation,shortwave_radiation,terrestrial_radiation,direct_normal_irradiance_instant,diffuse_radiation_instant,shortwave_radiation_instant,terrestrial_radiation_instant,is_day&timezone=America/Los_Angeles&temperature_unit=fahrenheit&wind_speed_unit=mph&precipitation_unit=inch&elevation=1272.54
Copper Mountain - CO|Colorado|Colorado & Utah|80443|12441|11076.5|9712|2738|23|150|2507|0.25|626.75|0.24|601.68|0.51|1278.57|39.5|-106.15|3376.1172|America/Denver|USA|USD|249|249|187|estimate|https://www.onthesnow.com/colorado/copper-mountain-resort/trailmap|https://archive-api.open-meteo.com/v1/archive?latitude=39.5&longitude=-106.15&start_date=1999-06-01&end_date=2026-05-31&hourly=temperature_2m,apparent_temperature,snowfall,snow_depth,rain,cloud_cover,cloud_cover_low,cloud_cover_mid,cloud_cover_high,weather_code,wind_direction_100m,wind_direction_10m,wind_speed_100m,wind_speed_10m,wind_gusts_10m,dew_point_2m,relative_humidity_2m,sunshine_duration,direct_normal_irradiance,diffuse_radiation,shortwave_radiation,terrestrial_radiation,direct_normal_irradiance_instant,diffuse_radiation_instant,shortwave_radiation_instant,terrestrial_radiation_instant,is_day&timezone=America/Denver&temperature_unit=fahrenheit&wind_speed_unit=mph&precipitation_unit=inch&elevation=3376.1172
Cottonwood Butte - ID|Idaho|Northern Rockies||5565|5142.5|4720|845|2|7|260|||||||46.06|-116.46|1567.434|America/Los_Angeles|USA|USD|40|40|35|estimate||https://archive-api.open-meteo.com/v1/archive?latitude=46.06&longitude=-116.46&start_date=1999-06-01&end_date=2026-05-31&hourly=temperature_2m,apparent_temperature,snowfall,snow_depth,rain,cloud_cover,cloud_cover_low,cloud_cover_mid,cloud_cover_high,weather_code,wind_direction_100m,wind_direction_10m,wind_speed_100m,wind_speed_10m,wind_gusts_10m,dew_point_2m,relative_humidity_2m,sunshine_duration,direct_normal_irradiance,diffuse_radiation,shortwave_radiation,terrestrial_radiation,direct_normal_irradiance_instant,diffuse_radiation_instant,shortwave_radiation_instant,terrestrial_radiation_instant,is_day&timezone=America/Los_Angeles&temperature_unit=fahrenheit&wind_speed_unit=mph&precipitation_unit=inch&elevation=1567.434
Cranmore Mountain - NH|New Hampshire|Northeast|3860|2000|1250|500|1500|9|56|200|0.28|56|0.44|88|0.28|56|44.06|-71.11|381|America/New_York|USA|USD|119|119|105|estimate|https://www.onthesnow.com/new-hampshire/cranmore-mountain-resort/trailmap|https://archive-api.open-meteo.com/v1/archive?latitude=44.06&longitude=-71.11&start_date=1999-06-01&end_date=2026-05-31&hourly=temperature_2m,apparent_temperature,snowfall,snow_depth,rain,cloud_cover,cloud_cover_low,cloud_cover_mid,cloud_cover_high,weather_code,wind_direction_100m,wind_direction_10m,wind_speed_100m,wind_speed_10m,wind_gusts_10m,dew_point_2m,relative_humidity_2m,sunshine_duration,direct_normal_irradiance,diffuse_radiation,shortwave_radiation,terrestrial_radiation,direct_normal_irradiance_instant,diffuse_radiation_instant,shortwave_radiation_instant,terrestrial_radiation_instant,is_day&timezone=America/New_York&temperature_unit=fahrenheit&wind_speed_unit=mph&precipitation_unit=inch&elevation=381
Crested Butte - CO|Colorado|Colorado & Utah|81225|12162|10768.5|9375|2775|15|121|1547|0|0|0|0|1|1547|38.9|-106.96|3282.2388|America/Denver|USA|USD|249|249|187|estimate|https://www.onthesnow.com/colorado/crested-butte-mountain-resort/trailmap|https://archive-api.open-meteo.com/v1/archive?latitude=38.9&longitude=-106.96&start_date=1999-06-01&end_date=2026-05-31&hourly=temperature_2m,apparent_temperature,snowfall,snow_depth,rain,cloud_cover,cloud_cover_low,cloud_cover_mid,cloud_cover_high,weather_code,wind_direction_100m,wind_direction_10m,wind_speed_100m,wind_speed_10m,wind_gusts_10m,dew_point_2m,relative_humidity_2m,sunshine_duration,direct_normal_irradiance,diffuse_radiation,shortwave_radiation,terrestrial_radiation,direct_normal_irradiance_instant,diffuse_radiation_instant,shortwave_radiation_instant,terrestrial_radiation_instant,is_day&timezone=America/Denver&temperature_unit=fahrenheit&wind_speed_unit=mph&precipitation_unit=inch&elevation=3282.2388
Crotched Mountain - NH|New Hampshire|Northeast|3403|2066|1558|1050|1000|5|25|100|0.29|29|0.33|33|0.38|38|42.99|-71.88|474.8784|America/New_York|USA|USD|99|99|87|estimate|https://www.onthesnow.com/new-hampshire/crotched-mountain/trailmap|https://archive-api.open-meteo.com/v1/archive?latitude=42.99&longitude=-71.88&start_date=1999-06-01&end_date=2026-05-31&hourly=temperature_2m,apparent_temperature,snowfall,snow_depth,rain,cloud_cover,cloud_cover_low,cloud_cover_mid,cloud_cover_high,weather_code,wind_direction_100m,wind_direction_10m,wind_speed_100m,wind_speed_10m,wind_gusts_10m,dew_point_2m,relative_humidity_2m,sunshine_duration,direct_normal_irradiance,diffuse_radiation,shortwave_radiation,terrestrial_radiation,direct_normal_irradiance_instant,diffuse_radiation_instant,shortwave_radiation_instant,terrestrial_radiation_instant,is_day&timezone=America/New_York&temperature_unit=fahrenheit&wind_speed_unit=mph&precipitation_unit=inch&elevation=474.8784
Crystal Mountain - MI|Michigan|Midwest|49683|1132|944.5|757|375|8|58|102|0.32|32.64|0.37|37.74|0.31|31.62|44.52|-85.99|287.8836|America/Detroit|USA|USD|99|99|87|estimate|https://www.onthesnow.com/michigan/crystal-mountain/trailmap|https://archive-api.open-meteo.com/v1/archive?latitude=44.52&longitude=-85.99&start_date=1999-06-01&end_date=2026-05-31&hourly=temperature_2m,apparent_temperature,snowfall,snow_depth,rain,cloud_cover,cloud_cover_low,cloud_cover_mid,cloud_cover_high,weather_code,wind_direction_100m,wind_direction_10m,wind_speed_100m,wind_speed_10m,wind_gusts_10m,dew_point_2m,relative_humidity_2m,sunshine_duration,direct_normal_irradiance,diffuse_radiation,shortwave_radiation,terrestrial_radiation,direct_normal_irradiance_instant,diffuse_radiation_instant,shortwave_radiation_instant,terrestrial_radiation_instant,is_day&timezone=America/Detroit&temperature_unit=fahrenheit&wind_speed_unit=mph&precipitation_unit=inch&elevation=287.8836
Crystal Mountain - WA|Washington|Pacific Northwest|98022|7012|5462|3912|3100|11|86|2600|0.08|208|0.31|806|0.61|1586|46.93|-121.47|1664.8176|America/Los_Angeles|USA|USD|179|179|134|estimate|https://www.onthesnow.com/washington/crystal-mountain-wa/trailmap|https://archive-api.open-meteo.com/v1/archive?latitude=46.93&longitude=-121.47&start_date=1999-06-01&end_date=2026-05-31&hourly=temperature_2m,apparent_temperature,snowfall,snow_depth,rain,cloud_cover,cloud_cover_low,cloud_cover_mid,cloud_cover_high,weather_code,wind_direction_100m,wind_direction_10m,wind_speed_100m,wind_speed_10m,wind_gusts_10m,dew_point_2m,relative_humidity_2m,sunshine_duration,direct_normal_irradiance,diffuse_radiation,shortwave_radiation,terrestrial_radiation,direct_normal_irradiance_instant,diffuse_radiation_instant,shortwave_radiation_instant,terrestrial_radiation_instant,is_day&timezone=America/Los_Angeles&temperature_unit=fahrenheit&wind_speed_unit=mph&precipitation_unit=inch&elevation=1664.8176
Cypress Mountain - BC|British Columbia|Western Canada|V7V 3N9|4770|3895|3020|1750|6|53|600|0.08|48|0.38|228|0.54|324|49.4|-123.2|1187.196|America/Vancouver|Canada|CAD|99|71|87|estimate|https://www.onthesnow.com/british-columbia/cypress-mountain/trailmap|https://archive-api.open-meteo.com/v1/archive?latitude=49.4&longitude=-123.2&start_date=1999-06-01&end_date=2026-05-31&hourly=temperature_2m,apparent_temperature,snowfall,snow_depth,rain,cloud_cover,cloud_cover_low,cloud_cover_mid,cloud_cover_high,weather_code,wind_direction_100m,wind_direction_10m,wind_speed_100m,wind_speed_10m,wind_gusts_10m,dew_point_2m,relative_humidity_2m,sunshine_duration,direct_normal_irradiance,diffuse_radiation,shortwave_radiation,terrestrial_radiation,direct_normal_irradiance_instant,diffuse_radiation_instant,shortwave_radiation_instant,terrestrial_radiation_instant,is_day&timezone=America/Vancouver&temperature_unit=fahrenheit&wind_speed_unit=mph&precipitation_unit=inch&elevation=1187.196
Dartmouth Skiway - NH|New Hampshire|Northeast|3769|1943|1459|975|968|3|31|107|0.21|22.47|0.5|53.5|0.29|31.03|43.78|-72.1|444.7032|America/New_York|USA|USD|60|60|53|estimate|https://www.onthesnow.com/new-hampshire/dartmouth-skiway/trailmap|https://archive-api.open-meteo.com/v1/archive?latitude=43.78&longitude=-72.1&start_date=1999-06-01&end_date=2026-05-31&hourly=temperature_2m,apparent_temperature,snowfall,snow_depth,rain,cloud_cover,cloud_cover_low,cloud_cover_mid,cloud_cover_high,weather_code,wind_direction_100m,wind_direction_10m,wind_speed_100m,wind_speed_10m,wind_gusts_10m,dew_point_2m,relative_humidity_2m,sunshine_duration,direct_normal_irradiance,diffuse_radiation,shortwave_radiation,terrestrial_radiation,direct_normal_irradiance_instant,diffuse_radiation_instant,shortwave_radiation_instant,terrestrial_radiation_instant,is_day&timezone=America/New_York&temperature_unit=fahrenheit&wind_speed_unit=mph&precipitation_unit=inch&elevation=444.7032
Deer Valley - UT|Utah|Colorado & Utah|84060|9570|8070|6570|3000|25|235|4300|0.31|1333|0.45|1935|0.24|1032|40.63|-111.48|2459.736|America/Denver|USA|USD|329|329|238|published_2526|https://www.onthesnow.com/utah/deer-valley-resort/trailmap|https://archive-api.open-meteo.com/v1/archive?latitude=40.63&longitude=-111.48&start_date=1999-06-01&end_date=2026-05-31&hourly=temperature_2m,apparent_temperature,snowfall,snow_depth,rain,cloud_cover,cloud_cover_low,cloud_cover_mid,cloud_cover_high,weather_code,wind_direction_100m,wind_direction_10m,wind_speed_100m,wind_speed_10m,wind_gusts_10m,dew_point_2m,relative_humidity_2m,sunshine_duration,direct_normal_irradiance,diffuse_radiation,shortwave_radiation,terrestrial_radiation,direct_normal_irradiance_instant,diffuse_radiation_instant,shortwave_radiation_instant,terrestrial_radiation_instant,is_day&timezone=America/Denver&temperature_unit=fahrenheit&wind_speed_unit=mph&precipitation_unit=inch&elevation=2459.736
Devil's Head - WI|Wisconsin|Midwest|53913|995|745|495|500|11|30|260|1|260|0|0|0|0|43.42|-89.72|227.076|America/Chicago|USA|USD|79|79|70|estimate|https://www.onthesnow.com/wisconsin/devils-head/trailmap|https://archive-api.open-meteo.com/v1/archive?latitude=43.42&longitude=-89.72&start_date=1999-06-01&end_date=2026-05-31&hourly=temperature_2m,apparent_temperature,snowfall,snow_depth,rain,cloud_cover,cloud_cover_low,cloud_cover_mid,cloud_cover_high,weather_code,wind_direction_100m,wind_direction_10m,wind_speed_100m,wind_speed_10m,wind_gusts_10m,dew_point_2m,relative_humidity_2m,sunshine_duration,direct_normal_irradiance,diffuse_radiation,shortwave_radiation,terrestrial_radiation,direct_normal_irradiance_instant,diffuse_radiation_instant,shortwave_radiation_instant,terrestrial_radiation_instant,is_day&timezone=America/Chicago&temperature_unit=fahrenheit&wind_speed_unit=mph&precipitation_unit=inch&elevation=227.076
Diamond Peak - NV|Nevada|Sierra Nevada|89451|8540|7620|6700|1840|6|31|655|0.08|52.4|0.28|183.4|0.66|432.3|39.25|-119.93|2322.576|America/Los_Angeles|USA|USD|149|149|112|estimate|https://www.onthesnow.com/nevada/diamond-peak/trailmap|https://archive-api.open-meteo.com/v1/archive?latitude=39.25&longitude=-119.93&start_date=1999-06-01&end_date=2026-05-31&hourly=temperature_2m,apparent_temperature,snowfall,snow_depth,rain,cloud_cover,cloud_cover_low,cloud_cover_mid,cloud_cover_high,weather_code,wind_direction_100m,wind_direction_10m,wind_speed_100m,wind_speed_10m,wind_gusts_10m,dew_point_2m,relative_humidity_2m,sunshine_duration,direct_normal_irradiance,diffuse_radiation,shortwave_radiation,terrestrial_radiation,direct_normal_irradiance_instant,diffuse_radiation_instant,shortwave_radiation_instant,terrestrial_radiation_instant,is_day&timezone=America/Los_Angeles&temperature_unit=fahrenheit&wind_speed_unit=mph&precipitation_unit=inch&elevation=2322.576
Discovery Ski Area - MT|Montana|Northern Rockies|59722|8158|6964|5770|2388|7|73|2400|0.2|480|0.25|600|0.55|1320|46.26|-113.23|2122.6272|America/Denver|USA|USD|79|79|70|estimate|https://www.onthesnow.com/montana/discovery-ski-area/trailmap|https://archive-api.open-meteo.com/v1/archive?latitude=46.26&longitude=-113.23&start_date=1999-06-01&end_date=2026-05-31&hourly=temperature_2m,apparent_temperature,snowfall,snow_depth,rain,cloud_cover,cloud_cover_low,cloud_cover_mid,cloud_cover_high,weather_code,wind_direction_100m,wind_direction_10m,wind_speed_100m,wind_speed_10m,wind_gusts_10m,dew_point_2m,relative_humidity_2m,sunshine_duration,direct_normal_irradiance,diffuse_radiation,shortwave_radiation,terrestrial_radiation,direct_normal_irradiance_instant,diffuse_radiation_instant,shortwave_radiation_instant,terrestrial_radiation_instant,is_day&timezone=America/Denver&temperature_unit=fahrenheit&wind_speed_unit=mph&precipitation_unit=inch&elevation=2122.6272
Dodge Ridge - CA|California|Sierra Nevada|95364|8200|7400|6600|1600|12|67|862|0.2|172.4|0.4|344.8|0.4|344.8|38.19|-119.96|2255.52|America/Los_Angeles|USA|USD|119|119|105|estimate|https://www.onthesnow.com/california/dodge-ridge/trailmap|https://archive-api.open-meteo.com/v1/archive?latitude=38.19&longitude=-119.96&start_date=1999-06-01&end_date=2026-05-31&hourly=temperature_2m,apparent_temperature,snowfall,snow_depth,rain,cloud_cover,cloud_cover_low,cloud_cover_mid,cloud_cover_high,weather_code,wind_direction_100m,wind_direction_10m,wind_speed_100m,wind_speed_10m,wind_gusts_10m,dew_point_2m,relative_humidity_2m,sunshine_duration,direct_normal_irradiance,diffuse_radiation,shortwave_radiation,terrestrial_radiation,direct_normal_irradiance_instant,diffuse_radiation_instant,shortwave_radiation_instant,terrestrial_radiation_instant,is_day&timezone=America/Los_Angeles&temperature_unit=fahrenheit&wind_speed_unit=mph&precipitation_unit=inch&elevation=2255.52
Donner Ski Ranch - CA|California|Sierra Nevada|95724|7781|7406|7031|750|6|53|505|0.31|156.55|0.38|191.9|0.31|156.55|39.32|-120.33|2257.3488|America/Los_Angeles|USA|USD|99|99|87|estimate|https://www.onthesnow.com/california/donner-ski-ranch/trailmap|https://archive-api.open-meteo.com/v1/archive?latitude=39.32&longitude=-120.33&start_date=1999-06-01&end_date=2026-05-31&hourly=temperature_2m,apparent_temperature,snowfall,snow_depth,rain,cloud_cover,cloud_cover_low,cloud_cover_mid,cloud_cover_high,weather_code,wind_direction_100m,wind_direction_10m,wind_speed_100m,wind_speed_10m,wind_gusts_10m,dew_point_2m,relative_humidity_2m,sunshine_duration,direct_normal_irradiance,diffuse_radiation,shortwave_radiation,terrestrial_radiation,direct_normal_irradiance_instant,diffuse_radiation_instant,shortwave_radiation_instant,terrestrial_radiation_instant,is_day&timezone=America/Los_Angeles&temperature_unit=fahrenheit&wind_speed_unit=mph&precipitation_unit=inch&elevation=2257.3488
Dry Hill - NY|New York|Northeast|13601|950|800|650|300|3|7|35|0.33|11.55|0.34|11.9|0.33|11.55|43.94|-75.96|243.84|America/New_York|USA|USD|45|45|40|estimate|https://www.onthesnow.com/new-york/dry-hill-ski-area/trailmap|https://archive-api.open-meteo.com/v1/archive?latitude=43.94&longitude=-75.96&start_date=1999-06-01&end_date=2026-05-31&hourly=temperature_2m,apparent_temperature,snowfall,snow_depth,rain,cloud_cover,cloud_cover_low,cloud_cover_mid,cloud_cover_high,weather_code,wind_direction_100m,wind_direction_10m,wind_speed_100m,wind_speed_10m,wind_gusts_10m,dew_point_2m,relative_humidity_2m,sunshine_duration,direct_normal_irradiance,diffuse_radiation,shortwave_radiation,terrestrial_radiation,direct_normal_irradiance_instant,diffuse_radiation_instant,shortwave_radiation_instant,terrestrial_radiation_instant,is_day&timezone=America/New_York&temperature_unit=fahrenheit&wind_speed_unit=mph&precipitation_unit=inch&elevation=243.84
Eagle Point - UT|Utah|Colorado & Utah||10500|9800|9100|1400|5|40|650|0.23|149.5|0.3|195|0.47|305.5|38.32|-112.38|2987.04|America/Denver|USA|USD|89|89|78|estimate|https://www.onthesnow.com/utah/eagle-point/trailmap|https://archive-api.open-meteo.com/v1/archive?latitude=38.32&longitude=-112.38&start_date=1999-06-01&end_date=2026-05-31&hourly=temperature_2m,apparent_temperature,snowfall,snow_depth,rain,cloud_cover,cloud_cover_low,cloud_cover_mid,cloud_cover_high,weather_code,wind_direction_100m,wind_direction_10m,wind_speed_100m,wind_speed_10m,wind_gusts_10m,dew_point_2m,relative_humidity_2m,sunshine_duration,direct_normal_irradiance,diffuse_radiation,shortwave_radiation,terrestrial_radiation,direct_normal_irradiance_instant,diffuse_radiation_instant,shortwave_radiation_instant,terrestrial_radiation_instant,is_day&timezone=America/Denver&temperature_unit=fahrenheit&wind_speed_unit=mph&precipitation_unit=inch&elevation=2987.04
Eagle Rock - PA|Pennsylvania|Mid-Atlantic|18246|1810|1555|1300|550|3|14||0.46||0.08||0.46||40.94|-76.19|473.964|America/New_York|USA|USD|55|55|48|estimate||https://archive-api.open-meteo.com/v1/archive?latitude=40.94&longitude=-76.19&start_date=1999-06-01&end_date=2026-05-31&hourly=temperature_2m,apparent_temperature,snowfall,snow_depth,rain,cloud_cover,cloud_cover_low,cloud_cover_mid,cloud_cover_high,weather_code,wind_direction_100m,wind_direction_10m,wind_speed_100m,wind_speed_10m,wind_gusts_10m,dew_point_2m,relative_humidity_2m,sunshine_duration,direct_normal_irradiance,diffuse_radiation,shortwave_radiation,terrestrial_radiation,direct_normal_irradiance_instant,diffuse_radiation_instant,shortwave_radiation_instant,terrestrial_radiation_instant,is_day&timezone=America/New_York&temperature_unit=fahrenheit&wind_speed_unit=mph&precipitation_unit=inch&elevation=473.964
Eaglecrest - AK|Alaska|Alaska|99801|2600|1900|1200|1400|4|36|640|0.32|204.8|0.38|243.2|0.3|192|58.28|-134.53|579.12|America/Juneau|USA|USD|65|65|57|estimate|https://www.onthesnow.com/alaska/eaglecrest-ski-area/trailmap|https://archive-api.open-meteo.com/v1/archive?latitude=58.28&longitude=-134.53&start_date=1999-06-01&end_date=2026-05-31&hourly=temperature_2m,apparent_temperature,snowfall,snow_depth,rain,cloud_cover,cloud_cover_low,cloud_cover_mid,cloud_cover_high,weather_code,wind_direction_100m,wind_direction_10m,wind_speed_100m,wind_speed_10m,wind_gusts_10m,dew_point_2m,relative_humidity_2m,sunshine_duration,direct_normal_irradiance,diffuse_radiation,shortwave_radiation,terrestrial_radiation,direct_normal_irradiance_instant,diffuse_radiation_instant,shortwave_radiation_instant,terrestrial_radiation_instant,is_day&timezone=America/Juneau&temperature_unit=fahrenheit&wind_speed_unit=mph&precipitation_unit=inch&elevation=579.12
Echo Valley - WA|Washington|Pacific Northwest|98831|3900|3450|3000|900|4|8||||||||47.87|-120.1|1051.56|America/Los_Angeles|USA|USD|35|35|31|estimate||https://archive-api.open-meteo.com/v1/archive?latitude=47.87&longitude=-120.1&start_date=1999-06-01&end_date=2026-05-31&hourly=temperature_2m,apparent_temperature,snowfall,snow_depth,rain,cloud_cover,cloud_cover_low,cloud_cover_mid,cloud_cover_high,weather_code,wind_direction_100m,wind_direction_10m,wind_speed_100m,wind_speed_10m,wind_gusts_10m,dew_point_2m,relative_humidity_2m,sunshine_duration,direct_normal_irradiance,diffuse_radiation,shortwave_radiation,terrestrial_radiation,direct_normal_irradiance_instant,diffuse_radiation_instant,shortwave_radiation_instant,terrestrial_radiation_instant,is_day&timezone=America/Los_Angeles&temperature_unit=fahrenheit&wind_speed_unit=mph&precipitation_unit=inch&elevation=1051.56
Edelweiss Valley - QC|Quebec|Eastern Canada|J0X 3G0|1148|820|492|656|4|20|160|0.45|72|0.25|40|0.3|48|45.648735|-75.852654|249.936|America/Toronto|Canada|CAD||||||https://archive-api.open-meteo.com/v1/archive?latitude=45.648735&longitude=-75.852654&start_date=1999-06-01&end_date=2026-05-31&hourly=temperature_2m,apparent_temperature,snowfall,snow_depth,rain,cloud_cover,cloud_cover_low,cloud_cover_mid,cloud_cover_high,weather_code,wind_direction_100m,wind_direction_10m,wind_speed_100m,wind_speed_10m,wind_gusts_10m,dew_point_2m,relative_humidity_2m,sunshine_duration,direct_normal_irradiance,diffuse_radiation,shortwave_radiation,terrestrial_radiation,direct_normal_irradiance_instant,diffuse_radiation_instant,shortwave_radiation_instant,terrestrial_radiation_instant,is_day&timezone=America/Toronto&temperature_unit=fahrenheit&wind_speed_unit=mph&precipitation_unit=inch&elevation=249.936
Eldora - CO|Colorado|Colorado & Utah|80466|10800|10000|9200|1600|12|61|680|0.19|129.2|0.48|326.4|0.33|224.4|39.94|-105.58|3048|America/Denver|USA|USD|179|179|134|estimate|https://www.onthesnow.com/colorado/eldora-mountain-resort/trailmap|https://archive-api.open-meteo.com/v1/archive?latitude=39.94&longitude=-105.58&start_date=1999-06-01&end_date=2026-05-31&hourly=temperature_2m,apparent_temperature,snowfall,snow_depth,rain,cloud_cover,cloud_cover_low,cloud_cover_mid,cloud_cover_high,weather_code,wind_direction_100m,wind_direction_10m,wind_speed_100m,wind_speed_10m,wind_gusts_10m,dew_point_2m,relative_humidity_2m,sunshine_duration,direct_normal_irradiance,diffuse_radiation,shortwave_radiation,terrestrial_radiation,direct_normal_irradiance_instant,diffuse_radiation_instant,shortwave_radiation_instant,terrestrial_radiation_instant,is_day&timezone=America/Denver&temperature_unit=fahrenheit&wind_speed_unit=mph&precipitation_unit=inch&elevation=3048
Elk Mountain - PA|Pennsylvania|Mid-Atlantic|18470|2693|2193|1693|1000|6|27|180|0.22|39.6|0.37|66.6|0.41|73.8|41.72|-75.55|668.4264|America/New_York|USA|USD|79|79|70|estimate|https://www.onthesnow.com/pennsylvania/elk-mountain-ski-resort/trailmap|https://archive-api.open-meteo.com/v1/archive?latitude=41.72&longitude=-75.55&start_date=1999-06-01&end_date=2026-05-31&hourly=temperature_2m,apparent_temperature,snowfall,snow_depth,rain,cloud_cover,cloud_cover_low,cloud_cover_mid,cloud_cover_high,weather_code,wind_direction_100m,wind_direction_10m,wind_speed_100m,wind_speed_10m,wind_gusts_10m,dew_point_2m,relative_humidity_2m,sunshine_duration,direct_normal_irradiance,diffuse_radiation,shortwave_radiation,terrestrial_radiation,direct_normal_irradiance_instant,diffuse_radiation_instant,shortwave_radiation_instant,terrestrial_radiation_instant,is_day&timezone=America/New_York&temperature_unit=fahrenheit&wind_speed_unit=mph&precipitation_unit=inch&elevation=668.4264
Elk Ridge - AZ|Arizona|Southwest||8150|7825|7500|600|2|12||||||||35.19|-112.24|2385.06|America/Phoenix|USA|USD|45|45|40|estimate||https://archive-api.open-meteo.com/v1/archive?latitude=35.19&longitude=-112.24&start_date=1999-06-01&end_date=2026-05-31&hourly=temperature_2m,apparent_temperature,snowfall,snow_depth,rain,cloud_cover,cloud_cover_low,cloud_cover_mid,cloud_cover_high,weather_code,wind_direction_100m,wind_direction_10m,wind_speed_100m,wind_speed_10m,wind_gusts_10m,dew_point_2m,relative_humidity_2m,sunshine_duration,direct_normal_irradiance,diffuse_radiation,shortwave_radiation,terrestrial_radiation,direct_normal_irradiance_instant,diffuse_radiation_instant,shortwave_radiation_instant,terrestrial_radiation_instant,is_day&timezone=America/Phoenix&temperature_unit=fahrenheit&wind_speed_unit=mph&precipitation_unit=inch&elevation=2385.06
Elko Snobowl - NV|Nevada|Sierra Nevada||7000|6650|6300|700|2|10|60|0.08|4.8|0.9|54|0.02|1.2|40.908905|-115.85204|2026.92|America/Los_Angeles|USA|USD|||||https://www.onthesnow.com/nevada/elko-snobowl/trailmap|https://archive-api.open-meteo.com/v1/archive?latitude=40.908905&longitude=-115.85204&start_date=1999-06-01&end_date=2026-05-31&hourly=temperature_2m,apparent_temperature,snowfall,snow_depth,rain,cloud_cover,cloud_cover_low,cloud_cover_mid,cloud_cover_high,weather_code,wind_direction_100m,wind_direction_10m,wind_speed_100m,wind_speed_10m,wind_gusts_10m,dew_point_2m,relative_humidity_2m,sunshine_duration,direct_normal_irradiance,diffuse_radiation,shortwave_radiation,terrestrial_radiation,direct_normal_irradiance_instant,diffuse_radiation_instant,shortwave_radiation_instant,terrestrial_radiation_instant,is_day&timezone=America/Los_Angeles&temperature_unit=fahrenheit&wind_speed_unit=mph&precipitation_unit=inch&elevation=2026.92
Elm Creek - MN|Minnesota|Midwest|55369|928|898|868|60|3|6|15|0.2|3|0.6|9|0.2|3|45.138561|-93.437057|273.7104|America/Chicago|USA|USD|||||https://www.onthesnow.com/minnesota/elm-creek/trailmap|https://archive-api.open-meteo.com/v1/archive?latitude=45.138561&longitude=-93.437057&start_date=1999-06-01&end_date=2026-05-31&hourly=temperature_2m,apparent_temperature,snowfall,snow_depth,rain,cloud_cover,cloud_cover_low,cloud_cover_mid,cloud_cover_high,weather_code,wind_direction_100m,wind_direction_10m,wind_speed_100m,wind_speed_10m,wind_gusts_10m,dew_point_2m,relative_humidity_2m,sunshine_duration,direct_normal_irradiance,diffuse_radiation,shortwave_radiation,terrestrial_radiation,direct_normal_irradiance_instant,diffuse_radiation_instant,shortwave_radiation_instant,terrestrial_radiation_instant,is_day&timezone=America/Chicago&temperature_unit=fahrenheit&wind_speed_unit=mph&precipitation_unit=inch&elevation=273.7104
Fernie Alpine - BC|British Columbia|Western Canada|V0B 1M6|7000|5225|3450|3550|10|145|2504|0.3|751.2|0.4|1001.6|0.3|751.2|49.46|-115.09|1592.58|America/Edmonton|Canada|CAD|155|112|116|estimate|https://www.onthesnow.com/british-columbia/fernie-alpine/trailmap|https://archive-api.open-meteo.com/v1/archive?latitude=49.46&longitude=-115.09&start_date=1999-06-01&end_date=2026-05-31&hourly=temperature_2m,apparent_temperature,snowfall,snow_depth,rain,cloud_cover,cloud_cover_low,cloud_cover_mid,cloud_cover_high,weather_code,wind_direction_100m,wind_direction_10m,wind_speed_100m,wind_speed_10m,wind_gusts_10m,dew_point_2m,relative_humidity_2m,sunshine_duration,direct_normal_irradiance,diffuse_radiation,shortwave_radiation,terrestrial_radiation,direct_normal_irradiance_instant,diffuse_radiation_instant,shortwave_radiation_instant,terrestrial_radiation_instant,is_day&timezone=America/Edmonton&temperature_unit=fahrenheit&wind_speed_unit=mph&precipitation_unit=inch&elevation=1592.58
Four Lakes - IL|Illinois|Midwest|60532|500|450|400|100|7|5|9|0.4|3.6|0.3|2.7|0.3|2.7|41.79|-88.09|137.16|America/Chicago|USA|USD|55|55|48|estimate|https://www.onthesnow.com/illinois/four-lakes/trailmap|https://archive-api.open-meteo.com/v1/archive?latitude=41.79&longitude=-88.09&start_date=1999-06-01&end_date=2026-05-31&hourly=temperature_2m,apparent_temperature,snowfall,snow_depth,rain,cloud_cover,cloud_cover_low,cloud_cover_mid,cloud_cover_high,weather_code,wind_direction_100m,wind_direction_10m,wind_speed_100m,wind_speed_10m,wind_gusts_10m,dew_point_2m,relative_humidity_2m,sunshine_duration,direct_normal_irradiance,diffuse_radiation,shortwave_radiation,terrestrial_radiation,direct_normal_irradiance_instant,diffuse_radiation_instant,shortwave_radiation_instant,terrestrial_radiation_instant,is_day&timezone=America/Chicago&temperature_unit=fahrenheit&wind_speed_unit=mph&precipitation_unit=inch&elevation=137.16
Four Seasons - NY|New York|Northeast|12143|550|500|450|100|2|4||||||||42.48|-73.81|152.4|America/New_York|USA|USD||||||https://archive-api.open-meteo.com/v1/archive?latitude=42.48&longitude=-73.81&start_date=1999-06-01&end_date=2026-05-31&hourly=temperature_2m,apparent_temperature,snowfall,snow_depth,rain,cloud_cover,cloud_cover_low,cloud_cover_mid,cloud_cover_high,weather_code,wind_direction_100m,wind_direction_10m,wind_speed_100m,wind_speed_10m,wind_gusts_10m,dew_point_2m,relative_humidity_2m,sunshine_duration,direct_normal_irradiance,diffuse_radiation,shortwave_radiation,terrestrial_radiation,direct_normal_irradiance_instant,diffuse_radiation_instant,shortwave_radiation_instant,terrestrial_radiation_instant,is_day&timezone=America/New_York&temperature_unit=fahrenheit&wind_speed_unit=mph&precipitation_unit=inch&elevation=152.4
Frost Fire - ND|North Dakota|Midwest|58282|1350|1175|1000|350|3|10|50|0.2|10|0.4|20|0.4|20|48.91|-98.07|358.14|America/Chicago|USA|USD|45|45|40|estimate||https://archive-api.open-meteo.com/v1/archive?latitude=48.91&longitude=-98.07&start_date=1999-06-01&end_date=2026-05-31&hourly=temperature_2m,apparent_temperature,snowfall,snow_depth,rain,cloud_cover,cloud_cover_low,cloud_cover_mid,cloud_cover_high,weather_code,wind_direction_100m,wind_direction_10m,wind_speed_100m,wind_speed_10m,wind_gusts_10m,dew_point_2m,relative_humidity_2m,sunshine_duration,direct_normal_irradiance,diffuse_radiation,shortwave_radiation,terrestrial_radiation,direct_normal_irradiance_instant,diffuse_radiation_instant,shortwave_radiation_instant,terrestrial_radiation_instant,is_day&timezone=America/Chicago&temperature_unit=fahrenheit&wind_speed_unit=mph&precipitation_unit=inch&elevation=358.14
Giants Ridge - MN|Minnesota|Midwest|55765|1972|1722|1472|500|7|35|202|0.3|60.6|0.5|101|0.2|40.4|47.58|-92.29|524.8656|America/Chicago|USA|USD|89|89|78|estimate|https://www.onthesnow.com/minnesota/giants-ridge-resort/trailmap|https://archive-api.open-meteo.com/v1/archive?latitude=47.58&longitude=-92.29&start_date=1999-06-01&end_date=2026-05-31&hourly=temperature_2m,apparent_temperature,snowfall,snow_depth,rain,cloud_cover,cloud_cover_low,cloud_cover_mid,cloud_cover_high,weather_code,wind_direction_100m,wind_direction_10m,wind_speed_100m,wind_speed_10m,wind_gusts_10m,dew_point_2m,relative_humidity_2m,sunshine_duration,direct_normal_irradiance,diffuse_radiation,shortwave_radiation,terrestrial_radiation,direct_normal_irradiance_instant,diffuse_radiation_instant,shortwave_radiation_instant,terrestrial_radiation_instant,is_day&timezone=America/Chicago&temperature_unit=fahrenheit&wind_speed_unit=mph&precipitation_unit=inch&elevation=524.8656
Gladstone - MI|Michigan|Midwest|49837||||130|5|6||||||||45.86|-87.02||America/Detroit|USA|USD||||||https://archive-api.open-meteo.com/v1/archive?latitude=45.86&longitude=-87.02&start_date=1999-06-01&end_date=2026-05-31&hourly=temperature_2m,apparent_temperature,snowfall,snow_depth,rain,cloud_cover,cloud_cover_low,cloud_cover_mid,cloud_cover_high,weather_code,wind_direction_100m,wind_direction_10m,wind_speed_100m,wind_speed_10m,wind_gusts_10m,dew_point_2m,relative_humidity_2m,sunshine_duration,direct_normal_irradiance,diffuse_radiation,shortwave_radiation,terrestrial_radiation,direct_normal_irradiance_instant,diffuse_radiation_instant,shortwave_radiation_instant,terrestrial_radiation_instant,is_day&timezone=America/Detroit&temperature_unit=fahrenheit&wind_speed_unit=mph&precipitation_unit=inch&elevation=
Glen Eden - ON|Ontario|Eastern Canada|L9T 2X7|879|759.5|640|240|6|17|10|1|10|0|0|0|0|43.505001|-79.946106|231.4956|America/Toronto|Canada|CAD|50|36||published_2526|https://www.onthesnow.com/ontario/glen-eden/trailmap|https://archive-api.open-meteo.com/v1/archive?latitude=43.505001&longitude=-79.946106&start_date=1999-06-01&end_date=2026-05-31&hourly=temperature_2m,apparent_temperature,snowfall,snow_depth,rain,cloud_cover,cloud_cover_low,cloud_cover_mid,cloud_cover_high,weather_code,wind_direction_100m,wind_direction_10m,wind_speed_100m,wind_speed_10m,wind_gusts_10m,dew_point_2m,relative_humidity_2m,sunshine_duration,direct_normal_irradiance,diffuse_radiation,shortwave_radiation,terrestrial_radiation,direct_normal_irradiance_instant,diffuse_radiation_instant,shortwave_radiation_instant,terrestrial_radiation_instant,is_day&timezone=America/Toronto&temperature_unit=fahrenheit&wind_speed_unit=mph&precipitation_unit=inch&elevation=231.4956
Gore Mountain - NY|New York|Northeast|12856|3600|2331.5|1063|2537|15|110|453|0.11|49.83|0.53|240.09|0.36|163.08|43.67|-74.05|710.6412|America/New_York|USA|USD|109|109|96|estimate|https://www.onthesnow.com/new-york/gore-mountain/trailmap|https://archive-api.open-meteo.com/v1/archive?latitude=43.67&longitude=-74.05&start_date=1999-06-01&end_date=2026-05-31&hourly=temperature_2m,apparent_temperature,snowfall,snow_depth,rain,cloud_cover,cloud_cover_low,cloud_cover_mid,cloud_cover_high,weather_code,wind_direction_100m,wind_direction_10m,wind_speed_100m,wind_speed_10m,wind_gusts_10m,dew_point_2m,relative_humidity_2m,sunshine_duration,direct_normal_irradiance,diffuse_radiation,shortwave_radiation,terrestrial_radiation,direct_normal_irradiance_instant,diffuse_radiation_instant,shortwave_radiation_instant,terrestrial_radiation_instant,is_day&timezone=America/New_York&temperature_unit=fahrenheit&wind_speed_unit=mph&precipitation_unit=inch&elevation=710.6412
Grand Geneva - WI|Wisconsin|Midwest|53147|1086|980.5|875|211|6|18|30|0.4|12|0.3|9|0.3|9|42.610058|-88.404823|298.8564|America/Chicago|USA|USD|||||https://www.onthesnow.com/wisconsin/grand-geneva/trailmap|https://archive-api.open-meteo.com/v1/archive?latitude=42.610058&longitude=-88.404823&start_date=1999-06-01&end_date=2026-05-31&hourly=temperature_2m,apparent_temperature,snowfall,snow_depth,rain,cloud_cover,cloud_cover_low,cloud_cover_mid,cloud_cover_high,weather_code,wind_direction_100m,wind_direction_10m,wind_speed_100m,wind_speed_10m,wind_gusts_10m,dew_point_2m,relative_humidity_2m,sunshine_duration,direct_normal_irradiance,diffuse_radiation,shortwave_radiation,terrestrial_radiation,direct_normal_irradiance_instant,diffuse_radiation_instant,shortwave_radiation_instant,terrestrial_radiation_instant,is_day&timezone=America/Chicago&temperature_unit=fahrenheit&wind_speed_unit=mph&precipitation_unit=inch&elevation=298.8564
Grand Targhee - WY|Wyoming|Northern Rockies|83422|9920|8785|7650|2270|5|95|2602|0.21|546.42|0.38|988.76|0.41|1066.82|43.79|-110.96|2677.668|America/Denver|USA|USD|175|175|131|estimate|https://www.onthesnow.com/wyoming/grand-targhee-resort/trailmap|https://archive-api.open-meteo.com/v1/archive?latitude=43.79&longitude=-110.96&start_date=1999-06-01&end_date=2026-05-31&hourly=temperature_2m,apparent_temperature,snowfall,snow_depth,rain,cloud_cover,cloud_cover_low,cloud_cover_mid,cloud_cover_high,weather_code,wind_direction_100m,wind_direction_10m,wind_speed_100m,wind_speed_10m,wind_gusts_10m,dew_point_2m,relative_humidity_2m,sunshine_duration,direct_normal_irradiance,diffuse_radiation,shortwave_radiation,terrestrial_radiation,direct_normal_irradiance_instant,diffuse_radiation_instant,shortwave_radiation_instant,terrestrial_radiation_instant,is_day&timezone=America/Denver&temperature_unit=fahrenheit&wind_speed_unit=mph&precipitation_unit=inch&elevation=2677.668
Granite Gorge - NH|New Hampshire|Northeast|3435|1500|1237.5|975|525|2|17||||||||42.92|-72.24|377.19|America/New_York|USA|USD|55|55|48|estimate||https://archive-api.open-meteo.com/v1/archive?latitude=42.92&longitude=-72.24&start_date=1999-06-01&end_date=2026-05-31&hourly=temperature_2m,apparent_temperature,snowfall,snow_depth,rain,cloud_cover,cloud_cover_low,cloud_cover_mid,cloud_cover_high,weather_code,wind_direction_100m,wind_direction_10m,wind_speed_100m,wind_speed_10m,wind_gusts_10m,dew_point_2m,relative_humidity_2m,sunshine_duration,direct_normal_irradiance,diffuse_radiation,shortwave_radiation,terrestrial_radiation,direct_normal_irradiance_instant,diffuse_radiation_instant,shortwave_radiation_instant,terrestrial_radiation_instant,is_day&timezone=America/New_York&temperature_unit=fahrenheit&wind_speed_unit=mph&precipitation_unit=inch&elevation=377.19
Granite Peak - WI|Wisconsin|Midwest|54401|1924|1574|1224|700|8|75|135|0.24|32.4|0.24|32.4|0.52|70.2|44.91|-89.68|479.7552|America/Chicago|USA|USD|89|89|78|estimate|https://www.onthesnow.com/wisconsin/granite-peak-ski-area/trailmap|https://archive-api.open-meteo.com/v1/archive?latitude=44.91&longitude=-89.68&start_date=1999-06-01&end_date=2026-05-31&hourly=temperature_2m,apparent_temperature,snowfall,snow_depth,rain,cloud_cover,cloud_cover_low,cloud_cover_mid,cloud_cover_high,weather_code,wind_direction_100m,wind_direction_10m,wind_speed_100m,wind_speed_10m,wind_gusts_10m,dew_point_2m,relative_humidity_2m,sunshine_duration,direct_normal_irradiance,diffuse_radiation,shortwave_radiation,terrestrial_radiation,direct_normal_irradiance_instant,diffuse_radiation_instant,shortwave_radiation_instant,terrestrial_radiation_instant,is_day&timezone=America/Chicago&temperature_unit=fahrenheit&wind_speed_unit=mph&precipitation_unit=inch&elevation=479.7552
Great Bear - SD|South Dakota|Midwest|57103|1400|1308.5|1217|183|5|12|21|0.4|8.4|0.4|8.4|0.2|4.2|43.55|-96.62|398.8308|America/Chicago|USA|USD|45|45|40|estimate||https://archive-api.open-meteo.com/v1/archive?latitude=43.55&longitude=-96.62&start_date=1999-06-01&end_date=2026-05-31&hourly=temperature_2m,apparent_temperature,snowfall,snow_depth,rain,cloud_cover,cloud_cover_low,cloud_cover_mid,cloud_cover_high,weather_code,wind_direction_100m,wind_direction_10m,wind_speed_100m,wind_speed_10m,wind_gusts_10m,dew_point_2m,relative_humidity_2m,sunshine_duration,direct_normal_irradiance,diffuse_radiation,shortwave_radiation,terrestrial_radiation,direct_normal_irradiance_instant,diffuse_radiation_instant,shortwave_radiation_instant,terrestrial_radiation_instant,is_day&timezone=America/Chicago&temperature_unit=fahrenheit&wind_speed_unit=mph&precipitation_unit=inch&elevation=398.8308
Great Divide - MT|Montana|Northern Rockies|59640|7210|6545|5880|1330|6|140|1600|0.07|112|0.47|752|0.47|752|46.75|-112.35|1994.916|America/Denver|USA|USD|75|75|66|estimate|https://www.onthesnow.com/montana/great-divide/trailmap|https://archive-api.open-meteo.com/v1/archive?latitude=46.75&longitude=-112.35&start_date=1999-06-01&end_date=2026-05-31&hourly=temperature_2m,apparent_temperature,snowfall,snow_depth,rain,cloud_cover,cloud_cover_low,cloud_cover_mid,cloud_cover_high,weather_code,wind_direction_100m,wind_direction_10m,wind_speed_100m,wind_speed_10m,wind_gusts_10m,dew_point_2m,relative_humidity_2m,sunshine_duration,direct_normal_irradiance,diffuse_radiation,shortwave_radiation,terrestrial_radiation,direct_normal_irradiance_instant,diffuse_radiation_instant,shortwave_radiation_instant,terrestrial_radiation_instant,is_day&timezone=America/Denver&temperature_unit=fahrenheit&wind_speed_unit=mph&precipitation_unit=inch&elevation=1994.916
Greek Peak - NY|New York|Northeast|13040|2100|1624|1148|952|8|42|220|0.36|79.2|0.29|63.8|0.36|79.2|42.5|-76.14|494.9952|America/New_York|USA|USD|79|79|70|estimate|https://www.onthesnow.com/new-york/greek-peak/trailmap|https://archive-api.open-meteo.com/v1/archive?latitude=42.5&longitude=-76.14&start_date=1999-06-01&end_date=2026-05-31&hourly=temperature_2m,apparent_temperature,snowfall,snow_depth,rain,cloud_cover,cloud_cover_low,cloud_cover_mid,cloud_cover_high,weather_code,wind_direction_100m,wind_direction_10m,wind_speed_100m,wind_speed_10m,wind_gusts_10m,dew_point_2m,relative_humidity_2m,sunshine_duration,direct_normal_irradiance,diffuse_radiation,shortwave_radiation,terrestrial_radiation,direct_normal_irradiance_instant,diffuse_radiation_instant,shortwave_radiation_instant,terrestrial_radiation_instant,is_day&timezone=America/New_York&temperature_unit=fahrenheit&wind_speed_unit=mph&precipitation_unit=inch&elevation=494.9952
Grouse Mountain - BC|British Columbia|Western Canada|V7R 4K9|4100|3495|2890|1210|5|33|212|0.12|25.44|0.56|118.72|0.33|69.96|49.38|-123.08|1065.276|America/Vancouver|Canada|CAD|99|71|87|estimate|https://www.onthesnow.com/british-columbia/grouse-mountain/trailmap|https://archive-api.open-meteo.com/v1/archive?latitude=49.38&longitude=-123.08&start_date=1999-06-01&end_date=2026-05-31&hourly=temperature_2m,apparent_temperature,snowfall,snow_depth,rain,cloud_cover,cloud_cover_low,cloud_cover_mid,cloud_cover_high,weather_code,wind_direction_100m,wind_direction_10m,wind_speed_100m,wind_speed_10m,wind_gusts_10m,dew_point_2m,relative_humidity_2m,sunshine_duration,direct_normal_irradiance,diffuse_radiation,shortwave_radiation,terrestrial_radiation,direct_normal_irradiance_instant,diffuse_radiation_instant,shortwave_radiation_instant,terrestrial_radiation_instant,is_day&timezone=America/Vancouver&temperature_unit=fahrenheit&wind_speed_unit=mph&precipitation_unit=inch&elevation=1065.276
Gunstock - NH|New Hampshire|Northeast|3246|2300|1600|900|1400|8|55|227|0.12|27.24|0.61|138.47|0.27|61.29|43.54|-71.36|487.68|America/New_York|USA|USD|99|99|87|estimate|https://www.onthesnow.com/new-hampshire/gunstock/trailmap|https://archive-api.open-meteo.com/v1/archive?latitude=43.54&longitude=-71.36&start_date=1999-06-01&end_date=2026-05-31&hourly=temperature_2m,apparent_temperature,snowfall,snow_depth,rain,cloud_cover,cloud_cover_low,cloud_cover_mid,cloud_cover_high,weather_code,wind_direction_100m,wind_direction_10m,wind_speed_100m,wind_speed_10m,wind_gusts_10m,dew_point_2m,relative_humidity_2m,sunshine_duration,direct_normal_irradiance,diffuse_radiation,shortwave_radiation,terrestrial_radiation,direct_normal_irradiance_instant,diffuse_radiation_instant,shortwave_radiation_instant,terrestrial_radiation_instant,is_day&timezone=America/New_York&temperature_unit=fahrenheit&wind_speed_unit=mph&precipitation_unit=inch&elevation=487.68
Hanson Hills - MI|Michigan|Midwest||1350|1237.5|1125|225|4|11|125|0.5|62.5|0.5|62.5|0|0|44.64|-84.75|377.19|America/Detroit|USA|USD|40|40|35|estimate||https://archive-api.open-meteo.com/v1/archive?latitude=44.64&longitude=-84.75&start_date=1999-06-01&end_date=2026-05-31&hourly=temperature_2m,apparent_temperature,snowfall,snow_depth,rain,cloud_cover,cloud_cover_low,cloud_cover_mid,cloud_cover_high,weather_code,wind_direction_100m,wind_direction_10m,wind_speed_100m,wind_speed_10m,wind_gusts_10m,dew_point_2m,relative_humidity_2m,sunshine_duration,direct_normal_irradiance,diffuse_radiation,shortwave_radiation,terrestrial_radiation,direct_normal_irradiance_instant,diffuse_radiation_instant,shortwave_radiation_instant,terrestrial_radiation_instant,is_day&timezone=America/Detroit&temperature_unit=fahrenheit&wind_speed_unit=mph&precipitation_unit=inch&elevation=377.19
Heavenly - CA|California|Sierra Nevada|96150|10067|8303.5|6540|3500|28|97|4800|0.14|672|0.53|2544|0.32|1536|38.94|-119.94|2530.9068|America/Los_Angeles|USA|USD|219|219|164|estimate|https://www.onthesnow.com/california/heavenly-mountain-resort/trailmap|https://archive-api.open-meteo.com/v1/archive?latitude=38.94&longitude=-119.94&start_date=1999-06-01&end_date=2026-05-31&hourly=temperature_2m,apparent_temperature,snowfall,snow_depth,rain,cloud_cover,cloud_cover_low,cloud_cover_mid,cloud_cover_high,weather_code,wind_direction_100m,wind_direction_10m,wind_speed_100m,wind_speed_10m,wind_gusts_10m,dew_point_2m,relative_humidity_2m,sunshine_duration,direct_normal_irradiance,diffuse_radiation,shortwave_radiation,terrestrial_radiation,direct_normal_irradiance_instant,diffuse_radiation_instant,shortwave_radiation_instant,terrestrial_radiation_instant,is_day&timezone=America/Los_Angeles&temperature_unit=fahrenheit&wind_speed_unit=mph&precipitation_unit=inch&elevation=2530.9068
Hickory Ski Center - NY|New York|Northeast|12885|1900|1300|700|1200||||||||||43.474411|-73.817345|396.24|America/New_York|USA|USD||||||https://archive-api.open-meteo.com/v1/archive?latitude=43.474411&longitude=-73.817345&start_date=1999-06-01&end_date=2026-05-31&hourly=temperature_2m,apparent_temperature,snowfall,snow_depth,rain,cloud_cover,cloud_cover_low,cloud_cover_mid,cloud_cover_high,weather_code,wind_direction_100m,wind_direction_10m,wind_speed_100m,wind_speed_10m,wind_gusts_10m,dew_point_2m,relative_humidity_2m,sunshine_duration,direct_normal_irradiance,diffuse_radiation,shortwave_radiation,terrestrial_radiation,direct_normal_irradiance_instant,diffuse_radiation_instant,shortwave_radiation_instant,terrestrial_radiation_instant,is_day&timezone=America/New_York&temperature_unit=fahrenheit&wind_speed_unit=mph&precipitation_unit=inch&elevation=396.24
Hidden Valley - MO|Missouri|Midwest|63069|1120|965|810|310|6|17|30|0.31|9.3|0.46|13.8|0.23|6.9|38.51|-90.55|294.132|America/Chicago|USA|USD|79|79|70|estimate|https://www.onthesnow.com/missouri/hidden-valley-ski-area/trailmap|https://archive-api.open-meteo.com/v1/archive?latitude=38.51&longitude=-90.55&start_date=1999-06-01&end_date=2026-05-31&hourly=temperature_2m,apparent_temperature,snowfall,snow_depth,rain,cloud_cover,cloud_cover_low,cloud_cover_mid,cloud_cover_high,weather_code,wind_direction_100m,wind_direction_10m,wind_speed_100m,wind_speed_10m,wind_gusts_10m,dew_point_2m,relative_humidity_2m,sunshine_duration,direct_normal_irradiance,diffuse_radiation,shortwave_radiation,terrestrial_radiation,direct_normal_irradiance_instant,diffuse_radiation_instant,shortwave_radiation_instant,terrestrial_radiation_instant,is_day&timezone=America/Chicago&temperature_unit=fahrenheit&wind_speed_unit=mph&precipitation_unit=inch&elevation=294.132
Hidden Valley - ON|Ontario|Eastern Canada|P1H 1A4|1276|1112.5|949|333|4|15|35|0.29|10.15|0.43|15.05|0.28|9.8|45.356102|-79.129684|339.09|America/Toronto|Canada|CAD|70|51||published_2526|https://www.onthesnow.com/ontario/hidden-valley/trailmap|https://archive-api.open-meteo.com/v1/archive?latitude=45.356102&longitude=-79.129684&start_date=1999-06-01&end_date=2026-05-31&hourly=temperature_2m,apparent_temperature,snowfall,snow_depth,rain,cloud_cover,cloud_cover_low,cloud_cover_mid,cloud_cover_high,weather_code,wind_direction_100m,wind_direction_10m,wind_speed_100m,wind_speed_10m,wind_gusts_10m,dew_point_2m,relative_humidity_2m,sunshine_duration,direct_normal_irradiance,diffuse_radiation,shortwave_radiation,terrestrial_radiation,direct_normal_irradiance_instant,diffuse_radiation_instant,shortwave_radiation_instant,terrestrial_radiation_instant,is_day&timezone=America/Toronto&temperature_unit=fahrenheit&wind_speed_unit=mph&precipitation_unit=inch&elevation=339.09
Hidden Valley - PA|Pennsylvania|Mid-Atlantic|15502|2875|2640|2405|470|9|31|110|0.27|29.7|0.43|47.3|0.3|33|40.06|-79.26|804.672|America/New_York|USA|USD|99|99|87|estimate|https://www.onthesnow.com/pennsylvania/hidden-valley-resort/trailmap|https://archive-api.open-meteo.com/v1/archive?latitude=40.06&longitude=-79.26&start_date=1999-06-01&end_date=2026-05-31&hourly=temperature_2m,apparent_temperature,snowfall,snow_depth,rain,cloud_cover,cloud_cover_low,cloud_cover_mid,cloud_cover_high,weather_code,wind_direction_100m,wind_direction_10m,wind_speed_100m,wind_speed_10m,wind_gusts_10m,dew_point_2m,relative_humidity_2m,sunshine_duration,direct_normal_irradiance,diffuse_radiation,shortwave_radiation,terrestrial_radiation,direct_normal_irradiance_instant,diffuse_radiation_instant,shortwave_radiation_instant,terrestrial_radiation_instant,is_day&timezone=America/New_York&temperature_unit=fahrenheit&wind_speed_unit=mph&precipitation_unit=inch&elevation=804.672
Hidden Valley - WI|Wisconsin|Midwest|54220|1080|980|880|200|2|7||||||||44.1|-87.72|298.704|America/Chicago|USA|USD|45|45|40|estimate||https://archive-api.open-meteo.com/v1/archive?latitude=44.1&longitude=-87.72&start_date=1999-06-01&end_date=2026-05-31&hourly=temperature_2m,apparent_temperature,snowfall,snow_depth,rain,cloud_cover,cloud_cover_low,cloud_cover_mid,cloud_cover_high,weather_code,wind_direction_100m,wind_direction_10m,wind_speed_100m,wind_speed_10m,wind_gusts_10m,dew_point_2m,relative_humidity_2m,sunshine_duration,direct_normal_irradiance,diffuse_radiation,shortwave_radiation,terrestrial_radiation,direct_normal_irradiance_instant,diffuse_radiation_instant,shortwave_radiation_instant,terrestrial_radiation_instant,is_day&timezone=America/Chicago&temperature_unit=fahrenheit&wind_speed_unit=mph&precipitation_unit=inch&elevation=298.704
Hilltop - AK|Alaska|Alaska|99507|894|747|600|294|3|10|30|0.8|24|0.1|3|0.1|3|61.13|-149.72|227.6856|America/Anchorage|USA|USD|45|45|40|estimate|https://www.onthesnow.com/alaska/hilltop-ski-area/trailmap|https://archive-api.open-meteo.com/v1/archive?latitude=61.13&longitude=-149.72&start_date=1999-06-01&end_date=2026-05-31&hourly=temperature_2m,apparent_temperature,snowfall,snow_depth,rain,cloud_cover,cloud_cover_low,cloud_cover_mid,cloud_cover_high,weather_code,wind_direction_100m,wind_direction_10m,wind_speed_100m,wind_speed_10m,wind_gusts_10m,dew_point_2m,relative_humidity_2m,sunshine_duration,direct_normal_irradiance,diffuse_radiation,shortwave_radiation,terrestrial_radiation,direct_normal_irradiance_instant,diffuse_radiation_instant,shortwave_radiation_instant,terrestrial_radiation_instant,is_day&timezone=America/Anchorage&temperature_unit=fahrenheit&wind_speed_unit=mph&precipitation_unit=inch&elevation=227.6856
Hogadon - WY|Wyoming|Northern Rockies||8000|7700|7400|600|3|27|92|0.07|6.44|0.32|29.44|0.61|56.12|42.75|-106.35|2346.96|America/Denver|USA|USD|55|55|48|estimate|https://www.onthesnow.com/wyoming/hogadon/trailmap|https://archive-api.open-meteo.com/v1/archive?latitude=42.75&longitude=-106.35&start_date=1999-06-01&end_date=2026-05-31&hourly=temperature_2m,apparent_temperature,snowfall,snow_depth,rain,cloud_cover,cloud_cover_low,cloud_cover_mid,cloud_cover_high,weather_code,wind_direction_100m,wind_direction_10m,wind_speed_100m,wind_speed_10m,wind_gusts_10m,dew_point_2m,relative_humidity_2m,sunshine_duration,direct_normal_irradiance,diffuse_radiation,shortwave_radiation,terrestrial_radiation,direct_normal_irradiance_instant,diffuse_radiation_instant,shortwave_radiation_instant,terrestrial_radiation_instant,is_day&timezone=America/Denver&temperature_unit=fahrenheit&wind_speed_unit=mph&precipitation_unit=inch&elevation=2346.96
Holiday Mountain - NY|New York|Northeast|12784|1300|1100|900|400|4|7|37|0.3|11.1|0.27|9.99|0.43|15.91|41.66|-74.62|335.28|America/New_York|USA|USD|55|55|48|estimate|https://www.onthesnow.com/new-york/holiday-mountain/trailmap|https://archive-api.open-meteo.com/v1/archive?latitude=41.66&longitude=-74.62&start_date=1999-06-01&end_date=2026-05-31&hourly=temperature_2m,apparent_temperature,snowfall,snow_depth,rain,cloud_cover,cloud_cover_low,cloud_cover_mid,cloud_cover_high,weather_code,wind_direction_100m,wind_direction_10m,wind_speed_100m,wind_speed_10m,wind_gusts_10m,dew_point_2m,relative_humidity_2m,sunshine_duration,direct_normal_irradiance,diffuse_radiation,shortwave_radiation,terrestrial_radiation,direct_normal_irradiance_instant,diffuse_radiation_instant,shortwave_radiation_instant,terrestrial_radiation_instant,is_day&timezone=America/New_York&temperature_unit=fahrenheit&wind_speed_unit=mph&precipitation_unit=inch&elevation=335.28
Holiday Valley - NY|New York|Northeast|14719|2250|1875|1500|750|13|60|290|0.4|116|0.23|66.7|0.37|107.3|42.26|-78.68|571.5|America/New_York|USA|USD|99|99|87|estimate|https://www.onthesnow.com/new-york/holiday-valley/trailmap|https://archive-api.open-meteo.com/v1/archive?latitude=42.26&longitude=-78.68&start_date=1999-06-01&end_date=2026-05-31&hourly=temperature_2m,apparent_temperature,snowfall,snow_depth,rain,cloud_cover,cloud_cover_low,cloud_cover_mid,cloud_cover_high,weather_code,wind_direction_100m,wind_direction_10m,wind_speed_100m,wind_speed_10m,wind_gusts_10m,dew_point_2m,relative_humidity_2m,sunshine_duration,direct_normal_irradiance,diffuse_radiation,shortwave_radiation,terrestrial_radiation,direct_normal_irradiance_instant,diffuse_radiation_instant,shortwave_radiation_instant,terrestrial_radiation_instant,is_day&timezone=America/New_York&temperature_unit=fahrenheit&wind_speed_unit=mph&precipitation_unit=inch&elevation=571.5
HoliMont - NY|New York|Northeast|14719|2260|1910|1560|700|7|53|135|0.29|39.15|0.29|39.15|0.42|56.7|42.28|-78.7|582.168|America/New_York|USA|USD|85|85|75|estimate|https://www.onthesnow.com/new-york/holimont-ski-area/trailmap|https://archive-api.open-meteo.com/v1/archive?latitude=42.28&longitude=-78.7&start_date=1999-06-01&end_date=2026-05-31&hourly=temperature_2m,apparent_temperature,snowfall,snow_depth,rain,cloud_cover,cloud_cover_low,cloud_cover_mid,cloud_cover_high,weather_code,wind_direction_100m,wind_direction_10m,wind_speed_100m,wind_speed_10m,wind_gusts_10m,dew_point_2m,relative_humidity_2m,sunshine_duration,direct_normal_irradiance,diffuse_radiation,shortwave_radiation,terrestrial_radiation,direct_normal_irradiance_instant,diffuse_radiation_instant,shortwave_radiation_instant,terrestrial_radiation_instant,is_day&timezone=America/New_York&temperature_unit=fahrenheit&wind_speed_unit=mph&precipitation_unit=inch&elevation=582.168
Homewood - CA|California|Sierra Nevada|96141|7880|7055|6230|1650|6|64|1260|0.13|163.8|0.46|579.6|0.41|516.6|39.08|-120.16|2150.364|America/Los_Angeles|USA|USD|129|129|97|estimate|https://www.onthesnow.com/california/homewood-mountain-resort/trailmap|https://archive-api.open-meteo.com/v1/archive?latitude=39.08&longitude=-120.16&start_date=1999-06-01&end_date=2026-05-31&hourly=temperature_2m,apparent_temperature,snowfall,snow_depth,rain,cloud_cover,cloud_cover_low,cloud_cover_mid,cloud_cover_high,weather_code,wind_direction_100m,wind_direction_10m,wind_speed_100m,wind_speed_10m,wind_gusts_10m,dew_point_2m,relative_humidity_2m,sunshine_duration,direct_normal_irradiance,diffuse_radiation,shortwave_radiation,terrestrial_radiation,direct_normal_irradiance_instant,diffuse_radiation_instant,shortwave_radiation_instant,terrestrial_radiation_instant,is_day&timezone=America/Los_Angeles&temperature_unit=fahrenheit&wind_speed_unit=mph&precipitation_unit=inch&elevation=2150.364
Hoodoo - OR|Oregon|Pacific Northwest|97413|5703|5185.5|4668|1035|5|34|806|0.19|153.14|0.42|338.52|0.39|314.34|44.41|-121.87|1580.5404|America/Los_Angeles|USA|USD|89|89|78|estimate|https://www.onthesnow.com/oregon/hoodoo-ski-area/trailmap|https://archive-api.open-meteo.com/v1/archive?latitude=44.41&longitude=-121.87&start_date=1999-06-01&end_date=2026-05-31&hourly=temperature_2m,apparent_temperature,snowfall,snow_depth,rain,cloud_cover,cloud_cover_low,cloud_cover_mid,cloud_cover_high,weather_code,wind_direction_100m,wind_direction_10m,wind_speed_100m,wind_speed_10m,wind_gusts_10m,dew_point_2m,relative_humidity_2m,sunshine_duration,direct_normal_irradiance,diffuse_radiation,shortwave_radiation,terrestrial_radiation,direct_normal_irradiance_instant,diffuse_radiation_instant,shortwave_radiation_instant,terrestrial_radiation_instant,is_day&timezone=America/Los_Angeles&temperature_unit=fahrenheit&wind_speed_unit=mph&precipitation_unit=inch&elevation=1580.5404
Horseshoe Resort - ON|Ontario|Eastern Canada||1150|997|844|306|8|29|61|0.31|18.91|0.58|35.38|0.12|7.32|44.55|-79.63|303.8856|America/Toronto|Canada|CAD|89|64|78|estimate|https://www.onthesnow.com/ontario/horseshoe-resort/trailmap|https://archive-api.open-meteo.com/v1/archive?latitude=44.55&longitude=-79.63&start_date=1999-06-01&end_date=2026-05-31&hourly=temperature_2m,apparent_temperature,snowfall,snow_depth,rain,cloud_cover,cloud_cover_low,cloud_cover_mid,cloud_cover_high,weather_code,wind_direction_100m,wind_direction_10m,wind_speed_100m,wind_speed_10m,wind_gusts_10m,dew_point_2m,relative_humidity_2m,sunshine_duration,direct_normal_irradiance,diffuse_radiation,shortwave_radiation,terrestrial_radiation,direct_normal_irradiance_instant,diffuse_radiation_instant,shortwave_radiation_instant,terrestrial_radiation_instant,is_day&timezone=America/Toronto&temperature_unit=fahrenheit&wind_speed_unit=mph&precipitation_unit=inch&elevation=303.8856
Howelsen Hill - CO|Colorado|Colorado & Utah|80477|7136|6916|6696|440|4|17|50|0.2|10|0.3|15|0.5|25|40.482349|-106.83405|2107.9968|America/Denver|USA|USD|52|52||published_2526|https://www.onthesnow.com/colorado/howelsen-hill/trailmap|https://archive-api.open-meteo.com/v1/archive?latitude=40.482349&longitude=-106.83405&start_date=1999-06-01&end_date=2026-05-31&hourly=temperature_2m,apparent_temperature,snowfall,snow_depth,rain,cloud_cover,cloud_cover_low,cloud_cover_mid,cloud_cover_high,weather_code,wind_direction_100m,wind_direction_10m,wind_speed_100m,wind_speed_10m,wind_gusts_10m,dew_point_2m,relative_humidity_2m,sunshine_duration,direct_normal_irradiance,diffuse_radiation,shortwave_radiation,terrestrial_radiation,direct_normal_irradiance_instant,diffuse_radiation_instant,shortwave_radiation_instant,terrestrial_radiation_instant,is_day&timezone=America/Denver&temperature_unit=fahrenheit&wind_speed_unit=mph&precipitation_unit=inch&elevation=2107.9968
Hudson Bay Mountain - BC|British Columbia|Western Canada||5700|4825|3950|1750|4|35|315|0.39|122.85|0.34|107.1|0.27|85.05|54.77|-127.28|1470.66|America/Vancouver|Canada|CAD|79|57|70|estimate|https://www.onthesnow.com/british-columbia/hudson-bay-mountain/trailmap|https://archive-api.open-meteo.com/v1/archive?latitude=54.77&longitude=-127.28&start_date=1999-06-01&end_date=2026-05-31&hourly=temperature_2m,apparent_temperature,snowfall,snow_depth,rain,cloud_cover,cloud_cover_low,cloud_cover_mid,cloud_cover_high,weather_code,wind_direction_100m,wind_direction_10m,wind_speed_100m,wind_speed_10m,wind_gusts_10m,dew_point_2m,relative_humidity_2m,sunshine_duration,direct_normal_irradiance,diffuse_radiation,shortwave_radiation,terrestrial_radiation,direct_normal_irradiance_instant,diffuse_radiation_instant,shortwave_radiation_instant,terrestrial_radiation_instant,is_day&timezone=America/Vancouver&temperature_unit=fahrenheit&wind_speed_unit=mph&precipitation_unit=inch&elevation=1470.66
Huff Hills - ND|North Dakota|Midwest||2000|1775|1550|450|2|16|70|0.25|17.5|0.25|17.5|0.5|35|46.63|-100.72|541.02|America/North_Dakota/New_Salem|USA|USD|55|55|48|estimate||https://archive-api.open-meteo.com/v1/archive?latitude=46.63&longitude=-100.72&start_date=1999-06-01&end_date=2026-05-31&hourly=temperature_2m,apparent_temperature,snowfall,snow_depth,rain,cloud_cover,cloud_cover_low,cloud_cover_mid,cloud_cover_high,weather_code,wind_direction_100m,wind_direction_10m,wind_speed_100m,wind_speed_10m,wind_gusts_10m,dew_point_2m,relative_humidity_2m,sunshine_duration,direct_normal_irradiance,diffuse_radiation,shortwave_radiation,terrestrial_radiation,direct_normal_irradiance_instant,diffuse_radiation_instant,shortwave_radiation_instant,terrestrial_radiation_instant,is_day&timezone=America/North_Dakota/New_Salem&temperature_unit=fahrenheit&wind_speed_unit=mph&precipitation_unit=inch&elevation=541.02
Hunt Hollow Ski Club - NY|New York|Northeast|14512|2030|1515|1000|825|3|19|400|0.32|128|0.21|84|0.48|192|42.646095|-77.478119|461.772|America/New_York|USA|USD|||||https://www.onthesnow.com/new-york/hunt-hollow-ski-club/trailmap|https://archive-api.open-meteo.com/v1/archive?latitude=42.646095&longitude=-77.478119&start_date=1999-06-01&end_date=2026-05-31&hourly=temperature_2m,apparent_temperature,snowfall,snow_depth,rain,cloud_cover,cloud_cover_low,cloud_cover_mid,cloud_cover_high,weather_code,wind_direction_100m,wind_direction_10m,wind_speed_100m,wind_speed_10m,wind_gusts_10m,dew_point_2m,relative_humidity_2m,sunshine_duration,direct_normal_irradiance,diffuse_radiation,shortwave_radiation,terrestrial_radiation,direct_normal_irradiance_instant,diffuse_radiation_instant,shortwave_radiation_instant,terrestrial_radiation_instant,is_day&timezone=America/New_York&temperature_unit=fahrenheit&wind_speed_unit=mph&precipitation_unit=inch&elevation=461.772
Hunter Mountain - NY|New York|Northeast|12442|3200|2400|1600|1600|13|67|320|0.25|80|0.29|92.8|0.45|144|42.2|-74.22|731.52|America/New_York|USA|USD|139|139|104|estimate|https://www.onthesnow.com/new-york/hunter-mountain/trailmap|https://archive-api.open-meteo.com/v1/archive?latitude=42.2&longitude=-74.22&start_date=1999-06-01&end_date=2026-05-31&hourly=temperature_2m,apparent_temperature,snowfall,snow_depth,rain,cloud_cover,cloud_cover_low,cloud_cover_mid,cloud_cover_high,weather_code,wind_direction_100m,wind_direction_10m,wind_speed_100m,wind_speed_10m,wind_gusts_10m,dew_point_2m,relative_humidity_2m,sunshine_duration,direct_normal_irradiance,diffuse_radiation,shortwave_radiation,terrestrial_radiation,direct_normal_irradiance_instant,diffuse_radiation_instant,shortwave_radiation_instant,terrestrial_radiation_instant,is_day&timezone=America/New_York&temperature_unit=fahrenheit&wind_speed_unit=mph&precipitation_unit=inch&elevation=731.52
Hyland Hills - MN|Minnesota|Midwest|55438|1075|987.5|900|175|6|14|35|0.27|9.45|0.36|12.6|0.36|12.6|44.82|-93.37|300.99|America/Chicago|USA|USD|55|55|48|estimate|https://www.onthesnow.com/minnesota/hyland-ski-snowboard-area/trailmap|https://archive-api.open-meteo.com/v1/archive?latitude=44.82&longitude=-93.37&start_date=1999-06-01&end_date=2026-05-31&hourly=temperature_2m,apparent_temperature,snowfall,snow_depth,rain,cloud_cover,cloud_cover_low,cloud_cover_mid,cloud_cover_high,weather_code,wind_direction_100m,wind_direction_10m,wind_speed_100m,wind_speed_10m,wind_gusts_10m,dew_point_2m,relative_humidity_2m,sunshine_duration,direct_normal_irradiance,diffuse_radiation,shortwave_radiation,terrestrial_radiation,direct_normal_irradiance_instant,diffuse_radiation_instant,shortwave_radiation_instant,terrestrial_radiation_instant,is_day&timezone=America/Chicago&temperature_unit=fahrenheit&wind_speed_unit=mph&precipitation_unit=inch&elevation=300.99
Indianhead - MI|Michigan|Midwest|49911|1935|1616|1297|638|9|30|230|0.17|39.1|0.33|75.9|0.5|115|46.48|-90.03|492.5568|America/Menominee|USA|USD|79|79|70|estimate||https://archive-api.open-meteo.com/v1/archive?latitude=46.48&longitude=-90.03&start_date=1999-06-01&end_date=2026-05-31&hourly=temperature_2m,apparent_temperature,snowfall,snow_depth,rain,cloud_cover,cloud_cover_low,cloud_cover_mid,cloud_cover_high,weather_code,wind_direction_100m,wind_direction_10m,wind_speed_100m,wind_speed_10m,wind_gusts_10m,dew_point_2m,relative_humidity_2m,sunshine_duration,direct_normal_irradiance,diffuse_radiation,shortwave_radiation,terrestrial_radiation,direct_normal_irradiance_instant,diffuse_radiation_instant,shortwave_radiation_instant,terrestrial_radiation_instant,is_day&timezone=America/Menominee&temperature_unit=fahrenheit&wind_speed_unit=mph&precipitation_unit=inch&elevation=492.5568
Jack Frost - PA|Pennsylvania|Mid-Atlantic|18661|2000|1700|1400|600|7|21|100|0.21|21|0.37|37|0.42|42|41.1|-75.66|518.16|America/New_York|USA|USD|89|89|78|estimate|https://www.onthesnow.com/pennsylvania/jack-frost/trailmap|https://archive-api.open-meteo.com/v1/archive?latitude=41.1&longitude=-75.66&start_date=1999-06-01&end_date=2026-05-31&hourly=temperature_2m,apparent_temperature,snowfall,snow_depth,rain,cloud_cover,cloud_cover_low,cloud_cover_mid,cloud_cover_high,weather_code,wind_direction_100m,wind_direction_10m,wind_speed_100m,wind_speed_10m,wind_gusts_10m,dew_point_2m,relative_humidity_2m,sunshine_duration,direct_normal_irradiance,diffuse_radiation,shortwave_radiation,terrestrial_radiation,direct_normal_irradiance_instant,diffuse_radiation_instant,shortwave_radiation_instant,terrestrial_radiation_instant,is_day&timezone=America/New_York&temperature_unit=fahrenheit&wind_speed_unit=mph&precipitation_unit=inch&elevation=518.16
Jackson Hole - WY|Wyoming|Northern Rockies|83025|10450|8380.5|6311|4139|13|133|2500|0.04|100|0.4|1000|0.56|1400|43.59|-110.83|2554.3764|America/Denver|USA|USD|265|265|199|estimate|https://www.onthesnow.com/wyoming/jackson-hole/trailmap|https://archive-api.open-meteo.com/v1/archive?latitude=43.59&longitude=-110.83&start_date=1999-06-01&end_date=2026-05-31&hourly=temperature_2m,apparent_temperature,snowfall,snow_depth,rain,cloud_cover,cloud_cover_low,cloud_cover_mid,cloud_cover_high,weather_code,wind_direction_100m,wind_direction_10m,wind_speed_100m,wind_speed_10m,wind_gusts_10m,dew_point_2m,relative_humidity_2m,sunshine_duration,direct_normal_irradiance,diffuse_radiation,shortwave_radiation,terrestrial_radiation,direct_normal_irradiance_instant,diffuse_radiation_instant,shortwave_radiation_instant,terrestrial_radiation_instant,is_day&timezone=America/Denver&temperature_unit=fahrenheit&wind_speed_unit=mph&precipitation_unit=inch&elevation=2554.3764
Jay Peak - VT|Vermont|Northeast|5859|3968|2891.5|1815|2153|9|81|385|0.19|73.15|0.35|134.75|0.46|177.1|44.94|-72.51|881.3292|America/New_York|USA|USD|119|119|105|estimate|https://www.onthesnow.com/vermont/jay-peak/trailmap|https://archive-api.open-meteo.com/v1/archive?latitude=44.94&longitude=-72.51&start_date=1999-06-01&end_date=2026-05-31&hourly=temperature_2m,apparent_temperature,snowfall,snow_depth,rain,cloud_cover,cloud_cover_low,cloud_cover_mid,cloud_cover_high,weather_code,wind_direction_100m,wind_direction_10m,wind_speed_100m,wind_speed_10m,wind_gusts_10m,dew_point_2m,relative_humidity_2m,sunshine_duration,direct_normal_irradiance,diffuse_radiation,shortwave_radiation,terrestrial_radiation,direct_normal_irradiance_instant,diffuse_radiation_instant,shortwave_radiation_instant,terrestrial_radiation_instant,is_day&timezone=America/New_York&temperature_unit=fahrenheit&wind_speed_unit=mph&precipitation_unit=inch&elevation=881.3292
Jiminy Peak - MA|Massachusetts|Northeast|1237|2380|1815|1250|1150|9|45|167|0.38|63.46|0.29|48.43|0.34|56.78|42.55|-73.29|553.212|America/New_York|USA|USD|129|129|97|estimate|https://www.onthesnow.com/massachusetts/jiminy-peak/trailmap|https://archive-api.open-meteo.com/v1/archive?latitude=42.55&longitude=-73.29&start_date=1999-06-01&end_date=2026-05-31&hourly=temperature_2m,apparent_temperature,snowfall,snow_depth,rain,cloud_cover,cloud_cover_low,cloud_cover_mid,cloud_cover_high,weather_code,wind_direction_100m,wind_direction_10m,wind_speed_100m,wind_speed_10m,wind_gusts_10m,dew_point_2m,relative_humidity_2m,sunshine_duration,direct_normal_irradiance,diffuse_radiation,shortwave_radiation,terrestrial_radiation,direct_normal_irradiance_instant,diffuse_radiation_instant,shortwave_radiation_instant,terrestrial_radiation_instant,is_day&timezone=America/New_York&temperature_unit=fahrenheit&wind_speed_unit=mph&precipitation_unit=inch&elevation=553.212
June Mountain - CA|California|Sierra Nevada|93529|10090|8817.5|7545|2590|7|41|1500|0.16|240|0.4|600|0.44|660|37.767918|-119.09063|2687.574|America/Los_Angeles|USA|USD|139|139||published_2627|https://www.onthesnow.com/california/june-mountain/trailmap|https://archive-api.open-meteo.com/v1/archive?latitude=37.767918&longitude=-119.09063&start_date=1999-06-01&end_date=2026-05-31&hourly=temperature_2m,apparent_temperature,snowfall,snow_depth,rain,cloud_cover,cloud_cover_low,cloud_cover_mid,cloud_cover_high,weather_code,wind_direction_100m,wind_direction_10m,wind_speed_100m,wind_speed_10m,wind_gusts_10m,dew_point_2m,relative_humidity_2m,sunshine_duration,direct_normal_irradiance,diffuse_radiation,shortwave_radiation,terrestrial_radiation,direct_normal_irradiance_instant,diffuse_radiation_instant,shortwave_radiation_instant,terrestrial_radiation_instant,is_day&timezone=America/Los_Angeles&temperature_unit=fahrenheit&wind_speed_unit=mph&precipitation_unit=inch&elevation=2687.574
Kelly Canyon - ID|Idaho|Northern Rockies||6600|6100|5600|1000|5|26|740|0.35|259|0.45|333|0.2|148|43.75|-111.65|1859.28|America/Denver|USA|USD|65|65|57|estimate|https://www.onthesnow.com/idaho/kelly-canyon-ski-area/trailmap|https://archive-api.open-meteo.com/v1/archive?latitude=43.75&longitude=-111.65&start_date=1999-06-01&end_date=2026-05-31&hourly=temperature_2m,apparent_temperature,snowfall,snow_depth,rain,cloud_cover,cloud_cover_low,cloud_cover_mid,cloud_cover_high,weather_code,wind_direction_100m,wind_direction_10m,wind_speed_100m,wind_speed_10m,wind_gusts_10m,dew_point_2m,relative_humidity_2m,sunshine_duration,direct_normal_irradiance,diffuse_radiation,shortwave_radiation,terrestrial_radiation,direct_normal_irradiance_instant,diffuse_radiation_instant,shortwave_radiation_instant,terrestrial_radiation_instant,is_day&timezone=America/Denver&temperature_unit=fahrenheit&wind_speed_unit=mph&precipitation_unit=inch&elevation=1859.28
Keystone - CO|Colorado|Colorado & Utah|80435|12408|10844|9280|3128|20|131|3148|0.19|598.12|0.32|1007.36|0.49|1542.52|39.6|-105.94|3305.2512|America/Denver|USA|USD|249|249|187|estimate|https://www.onthesnow.com/colorado/keystone/trailmap|https://archive-api.open-meteo.com/v1/archive?latitude=39.6&longitude=-105.94&start_date=1999-06-01&end_date=2026-05-31&hourly=temperature_2m,apparent_temperature,snowfall,snow_depth,rain,cloud_cover,cloud_cover_low,cloud_cover_mid,cloud_cover_high,weather_code,wind_direction_100m,wind_direction_10m,wind_speed_100m,wind_speed_10m,wind_gusts_10m,dew_point_2m,relative_humidity_2m,sunshine_duration,direct_normal_irradiance,diffuse_radiation,shortwave_radiation,terrestrial_radiation,direct_normal_irradiance_instant,diffuse_radiation_instant,shortwave_radiation_instant,terrestrial_radiation_instant,is_day&timezone=America/Denver&temperature_unit=fahrenheit&wind_speed_unit=mph&precipitation_unit=inch&elevation=3305.2512
Kicking Horse - BC|British Columbia|Western Canada|V0A 1H0|8033|5966.5|3900|4133|5|129|3486|0.08|278.88|0.29|1010.94|0.63|2196.18|51.3|-117.05|1818.5892|America/Edmonton|Canada|CAD|165|119|124|estimate|https://www.onthesnow.com/british-columbia/kicking-horse/trailmap|https://archive-api.open-meteo.com/v1/archive?latitude=51.3&longitude=-117.05&start_date=1999-06-01&end_date=2026-05-31&hourly=temperature_2m,apparent_temperature,snowfall,snow_depth,rain,cloud_cover,cloud_cover_low,cloud_cover_mid,cloud_cover_high,weather_code,wind_direction_100m,wind_direction_10m,wind_speed_100m,wind_speed_10m,wind_gusts_10m,dew_point_2m,relative_humidity_2m,sunshine_duration,direct_normal_irradiance,diffuse_radiation,shortwave_radiation,terrestrial_radiation,direct_normal_irradiance_instant,diffuse_radiation_instant,shortwave_radiation_instant,terrestrial_radiation_instant,is_day&timezone=America/Edmonton&temperature_unit=fahrenheit&wind_speed_unit=mph&precipitation_unit=inch&elevation=1818.5892
Killington - VT|Vermont|Northeast|5751|4241|2703|1165|3050|22|155|1526|0.17|259.42|0.39|595.14|0.44|671.44|43.62|-72.8|823.8744|America/New_York|USA|USD|209|209|157|estimate|https://www.onthesnow.com/vermont/killington-resort/trailmap|https://archive-api.open-meteo.com/v1/archive?latitude=43.62&longitude=-72.8&start_date=1999-06-01&end_date=2026-05-31&hourly=temperature_2m,apparent_temperature,snowfall,snow_depth,rain,cloud_cover,cloud_cover_low,cloud_cover_mid,cloud_cover_high,weather_code,wind_direction_100m,wind_direction_10m,wind_speed_100m,wind_speed_10m,wind_gusts_10m,dew_point_2m,relative_humidity_2m,sunshine_duration,direct_normal_irradiance,diffuse_radiation,shortwave_radiation,terrestrial_radiation,direct_normal_irradiance_instant,diffuse_radiation_instant,shortwave_radiation_instant,terrestrial_radiation_instant,is_day&timezone=America/New_York&temperature_unit=fahrenheit&wind_speed_unit=mph&precipitation_unit=inch&elevation=823.8744
Kimberley Alpine - BC|British Columbia|Western Canada|V1A 3H1|6500|5267.5|4035|2465|5|80|1800|0.05|90|0.2|360|0.76|1368|49.66|-116|1605.534|America/Edmonton|Canada|CAD|119|86|105|estimate|https://www.onthesnow.com/british-columbia/kimberley/trailmap|https://archive-api.open-meteo.com/v1/archive?latitude=49.66&longitude=-116&start_date=1999-06-01&end_date=2026-05-31&hourly=temperature_2m,apparent_temperature,snowfall,snow_depth,rain,cloud_cover,cloud_cover_low,cloud_cover_mid,cloud_cover_high,weather_code,wind_direction_100m,wind_direction_10m,wind_speed_100m,wind_speed_10m,wind_gusts_10m,dew_point_2m,relative_humidity_2m,sunshine_duration,direct_normal_irradiance,diffuse_radiation,shortwave_radiation,terrestrial_radiation,direct_normal_irradiance_instant,diffuse_radiation_instant,shortwave_radiation_instant,terrestrial_radiation_instant,is_day&timezone=America/Edmonton&temperature_unit=fahrenheit&wind_speed_unit=mph&precipitation_unit=inch&elevation=1605.534
King Pine - NH|New Hampshire|Northeast|3832|850|675|500|350|6|17|50|0.44|22|0.31|15.5|0.25|12.5|43.86808|-71.088905|205.74|America/New_York|USA|USD|79|79||published_2526|https://www.onthesnow.com/new-hampshire/king-pine/trailmap|https://archive-api.open-meteo.com/v1/archive?latitude=43.86808&longitude=-71.088905&start_date=1999-06-01&end_date=2026-05-31&hourly=temperature_2m,apparent_temperature,snowfall,snow_depth,rain,cloud_cover,cloud_cover_low,cloud_cover_mid,cloud_cover_high,weather_code,wind_direction_100m,wind_direction_10m,wind_speed_100m,wind_speed_10m,wind_gusts_10m,dew_point_2m,relative_humidity_2m,sunshine_duration,direct_normal_irradiance,diffuse_radiation,shortwave_radiation,terrestrial_radiation,direct_normal_irradiance_instant,diffuse_radiation_instant,shortwave_radiation_instant,terrestrial_radiation_instant,is_day&timezone=America/New_York&temperature_unit=fahrenheit&wind_speed_unit=mph&precipitation_unit=inch&elevation=205.74
Kirkwood - CA|California|Sierra Nevada|95646|9800|8800|7800|2000|14|86|2300|0.1|230|0.3|690|0.6|1380|38.68|-120.07|2682.24|America/Los_Angeles|USA|USD|199|199|149|estimate|https://www.onthesnow.com/california/kirkwood/trailmap|https://archive-api.open-meteo.com/v1/archive?latitude=38.68&longitude=-120.07&start_date=1999-06-01&end_date=2026-05-31&hourly=temperature_2m,apparent_temperature,snowfall,snow_depth,rain,cloud_cover,cloud_cover_low,cloud_cover_mid,cloud_cover_high,weather_code,wind_direction_100m,wind_direction_10m,wind_speed_100m,wind_speed_10m,wind_gusts_10m,dew_point_2m,relative_humidity_2m,sunshine_duration,direct_normal_irradiance,diffuse_radiation,shortwave_radiation,terrestrial_radiation,direct_normal_irradiance_instant,diffuse_radiation_instant,shortwave_radiation_instant,terrestrial_radiation_instant,is_day&timezone=America/Los_Angeles&temperature_unit=fahrenheit&wind_speed_unit=mph&precipitation_unit=inch&elevation=2682.24
Kissing Bridge - NY|New York|Northeast|14069|1750|1475|1200|550|10|39|700|0.2|140|0.5|350|0.3|210|42.61|-78.65|449.58|America/New_York|USA|USD|69|69|61|estimate|https://www.onthesnow.com/new-york/kissing-bridge/trailmap|https://archive-api.open-meteo.com/v1/archive?latitude=42.61&longitude=-78.65&start_date=1999-06-01&end_date=2026-05-31&hourly=temperature_2m,apparent_temperature,snowfall,snow_depth,rain,cloud_cover,cloud_cover_low,cloud_cover_mid,cloud_cover_high,weather_code,wind_direction_100m,wind_direction_10m,wind_speed_100m,wind_speed_10m,wind_gusts_10m,dew_point_2m,relative_humidity_2m,sunshine_duration,direct_normal_irradiance,diffuse_radiation,shortwave_radiation,terrestrial_radiation,direct_normal_irradiance_instant,diffuse_radiation_instant,shortwave_radiation_instant,terrestrial_radiation_instant,is_day&timezone=America/New_York&temperature_unit=fahrenheit&wind_speed_unit=mph&precipitation_unit=inch&elevation=449.58
Labrador Mountain - NY|New York|Northeast|13084|1825|1475|1125|700|4|22|250|0.33|82.5|0.34|85|0.33|82.5|42.85|-76.05|449.58|America/New_York|USA|USD|65|65|57|estimate|https://www.onthesnow.com/new-york/labrador-mt/trailmap|https://archive-api.open-meteo.com/v1/archive?latitude=42.85&longitude=-76.05&start_date=1999-06-01&end_date=2026-05-31&hourly=temperature_2m,apparent_temperature,snowfall,snow_depth,rain,cloud_cover,cloud_cover_low,cloud_cover_mid,cloud_cover_high,weather_code,wind_direction_100m,wind_direction_10m,wind_speed_100m,wind_speed_10m,wind_gusts_10m,dew_point_2m,relative_humidity_2m,sunshine_duration,direct_normal_irradiance,diffuse_radiation,shortwave_radiation,terrestrial_radiation,direct_normal_irradiance_instant,diffuse_radiation_instant,shortwave_radiation_instant,terrestrial_radiation_instant,is_day&timezone=America/New_York&temperature_unit=fahrenheit&wind_speed_unit=mph&precipitation_unit=inch&elevation=449.58
Lake Louise - AB|Alberta|Western Canada|T0L 1E0|8650|7025|5400|3250|10|164|4200|0.25|1050|0.45|1890|0.3|1260|51.44|-116.16|2141.22|America/Edmonton|Canada|CAD|179|129|134|estimate|https://www.onthesnow.com/alberta/lake-louise/trailmap|https://archive-api.open-meteo.com/v1/archive?latitude=51.44&longitude=-116.16&start_date=1999-06-01&end_date=2026-05-31&hourly=temperature_2m,apparent_temperature,snowfall,snow_depth,rain,cloud_cover,cloud_cover_low,cloud_cover_mid,cloud_cover_high,weather_code,wind_direction_100m,wind_direction_10m,wind_speed_100m,wind_speed_10m,wind_gusts_10m,dew_point_2m,relative_humidity_2m,sunshine_duration,direct_normal_irradiance,diffuse_radiation,shortwave_radiation,terrestrial_radiation,direct_normal_irradiance_instant,diffuse_radiation_instant,shortwave_radiation_instant,terrestrial_radiation_instant,is_day&timezone=America/Edmonton&temperature_unit=fahrenheit&wind_speed_unit=mph&precipitation_unit=inch&elevation=2141.22
Le Massif de Charlevoix - QC|Quebec|Eastern Canada|G0A 2L0|2645|1381.5|118|2526|5|53|406|0.22|89.32|0.31|125.86|0.46|186.76|47.28|-70.58|421.0812|America/Toronto|Canada|CAD|119|86|105|estimate|https://www.onthesnow.com/quebec/le-massif/trailmap|https://archive-api.open-meteo.com/v1/archive?latitude=47.28&longitude=-70.58&start_date=1999-06-01&end_date=2026-05-31&hourly=temperature_2m,apparent_temperature,snowfall,snow_depth,rain,cloud_cover,cloud_cover_low,cloud_cover_mid,cloud_cover_high,weather_code,wind_direction_100m,wind_direction_10m,wind_speed_100m,wind_speed_10m,wind_gusts_10m,dew_point_2m,relative_humidity_2m,sunshine_duration,direct_normal_irradiance,diffuse_radiation,shortwave_radiation,terrestrial_radiation,direct_normal_irradiance_instant,diffuse_radiation_instant,shortwave_radiation_instant,terrestrial_radiation_instant,is_day&timezone=America/Toronto&temperature_unit=fahrenheit&wind_speed_unit=mph&precipitation_unit=inch&elevation=421.0812
Lee Canyon - NV|Nevada|Southwest|89124|9370|8940|8510|860|4|30|195|0.1|19.5|0.45|87.75|0.45|87.75|36.31|-115.68|2724.912|America/Los_Angeles|USA|USD|129|129|97|estimate|https://www.onthesnow.com/nevada/lee-canyon/trailmap|https://archive-api.open-meteo.com/v1/archive?latitude=36.31&longitude=-115.68&start_date=1999-06-01&end_date=2026-05-31&hourly=temperature_2m,apparent_temperature,snowfall,snow_depth,rain,cloud_cover,cloud_cover_low,cloud_cover_mid,cloud_cover_high,weather_code,wind_direction_100m,wind_direction_10m,wind_speed_100m,wind_speed_10m,wind_gusts_10m,dew_point_2m,relative_humidity_2m,sunshine_duration,direct_normal_irradiance,diffuse_radiation,shortwave_radiation,terrestrial_radiation,direct_normal_irradiance_instant,diffuse_radiation_instant,shortwave_radiation_instant,terrestrial_radiation_instant,is_day&timezone=America/Los_Angeles&temperature_unit=fahrenheit&wind_speed_unit=mph&precipitation_unit=inch&elevation=2724.912
Liberty Mountain - PA|Pennsylvania|Mid-Atlantic|17320|1190|890|590|600|8|16|100|0.33|33|0.38|38|0.28|28|39.76|-77.4|271.272|America/New_York|USA|USD|89|89|78|estimate|https://www.onthesnow.com/pennsylvania/liberty/trailmap|https://archive-api.open-meteo.com/v1/archive?latitude=39.76&longitude=-77.4&start_date=1999-06-01&end_date=2026-05-31&hourly=temperature_2m,apparent_temperature,snowfall,snow_depth,rain,cloud_cover,cloud_cover_low,cloud_cover_mid,cloud_cover_high,weather_code,wind_direction_100m,wind_direction_10m,wind_speed_100m,wind_speed_10m,wind_gusts_10m,dew_point_2m,relative_humidity_2m,sunshine_duration,direct_normal_irradiance,diffuse_radiation,shortwave_radiation,terrestrial_radiation,direct_normal_irradiance_instant,diffuse_radiation_instant,shortwave_radiation_instant,terrestrial_radiation_instant,is_day&timezone=America/New_York&temperature_unit=fahrenheit&wind_speed_unit=mph&precipitation_unit=inch&elevation=271.272
Little Ski Hill - ID|Idaho|Northern Rockies|83638|6105|5902.5|5700|405|1|5||||||||44.93|-116.15|1799.082|America/Denver|USA|USD|35|35|31|estimate||https://archive-api.open-meteo.com/v1/archive?latitude=44.93&longitude=-116.15&start_date=1999-06-01&end_date=2026-05-31&hourly=temperature_2m,apparent_temperature,snowfall,snow_depth,rain,cloud_cover,cloud_cover_low,cloud_cover_mid,cloud_cover_high,weather_code,wind_direction_100m,wind_direction_10m,wind_speed_100m,wind_speed_10m,wind_gusts_10m,dew_point_2m,relative_humidity_2m,sunshine_duration,direct_normal_irradiance,diffuse_radiation,shortwave_radiation,terrestrial_radiation,direct_normal_irradiance_instant,diffuse_radiation_instant,shortwave_radiation_instant,terrestrial_radiation_instant,is_day&timezone=America/Denver&temperature_unit=fahrenheit&wind_speed_unit=mph&precipitation_unit=inch&elevation=1799.082
Little Switzerland - WI|Wisconsin|Midwest|53029|1100|1000|900|200|7|18|50|0.38|19|0.31|15.5|0.31|15.5|43.15|-88.35|304.8|America/Chicago|USA|USD|55|55|48|estimate|https://www.onthesnow.com/wisconsin/little-switzerland/trailmap|https://archive-api.open-meteo.com/v1/archive?latitude=43.15&longitude=-88.35&start_date=1999-06-01&end_date=2026-05-31&hourly=temperature_2m,apparent_temperature,snowfall,snow_depth,rain,cloud_cover,cloud_cover_low,cloud_cover_mid,cloud_cover_high,weather_code,wind_direction_100m,wind_direction_10m,wind_speed_100m,wind_speed_10m,wind_gusts_10m,dew_point_2m,relative_humidity_2m,sunshine_duration,direct_normal_irradiance,diffuse_radiation,shortwave_radiation,terrestrial_radiation,direct_normal_irradiance_instant,diffuse_radiation_instant,shortwave_radiation_instant,terrestrial_radiation_instant,is_day&timezone=America/Chicago&temperature_unit=fahrenheit&wind_speed_unit=mph&precipitation_unit=inch&elevation=304.8
Loch Lomond - ON|Ontario|Eastern Canada||2000|1600|1200|800|4|19|60|0.3|18|0.35|21|0.35|21|48.32|-89.3|487.68|America/Toronto|Canada|CAD|69|50|61|estimate|https://www.onthesnow.com/ontario/loch-lomond/trailmap|https://archive-api.open-meteo.com/v1/archive?latitude=48.32&longitude=-89.3&start_date=1999-06-01&end_date=2026-05-31&hourly=temperature_2m,apparent_temperature,snowfall,snow_depth,rain,cloud_cover,cloud_cover_low,cloud_cover_mid,cloud_cover_high,weather_code,wind_direction_100m,wind_direction_10m,wind_speed_100m,wind_speed_10m,wind_gusts_10m,dew_point_2m,relative_humidity_2m,sunshine_duration,direct_normal_irradiance,diffuse_radiation,shortwave_radiation,terrestrial_radiation,direct_normal_irradiance_instant,diffuse_radiation_instant,shortwave_radiation_instant,terrestrial_radiation_instant,is_day&timezone=America/Toronto&temperature_unit=fahrenheit&wind_speed_unit=mph&precipitation_unit=inch&elevation=487.68
Lookout Pass - ID|Idaho|Pacific Northwest|83873|5650|5075|4500|1150|4|54|1023|0.15|153.45|0.39|398.97|0.45|460.35|47.45|-115.7|1546.86|America/Los_Angeles|USA|USD|79|79|70|estimate|https://www.onthesnow.com/idaho/lookout-pass-ski-area/trailmap|https://archive-api.open-meteo.com/v1/archive?latitude=47.45&longitude=-115.7&start_date=1999-06-01&end_date=2026-05-31&hourly=temperature_2m,apparent_temperature,snowfall,snow_depth,rain,cloud_cover,cloud_cover_low,cloud_cover_mid,cloud_cover_high,weather_code,wind_direction_100m,wind_direction_10m,wind_speed_100m,wind_speed_10m,wind_gusts_10m,dew_point_2m,relative_humidity_2m,sunshine_duration,direct_normal_irradiance,diffuse_radiation,shortwave_radiation,terrestrial_radiation,direct_normal_irradiance_instant,diffuse_radiation_instant,shortwave_radiation_instant,terrestrial_radiation_instant,is_day&timezone=America/Los_Angeles&temperature_unit=fahrenheit&wind_speed_unit=mph&precipitation_unit=inch&elevation=1546.86
Loon Mountain - NH|New Hampshire|Northeast|3251|3050|2000|950|2100|11|61|403|0.26|104.78|0.47|189.41|0.27|108.81|44.06|-71.62|609.6|America/New_York|USA|USD|169|169|127|estimate|https://www.onthesnow.com/new-hampshire/loon-mountain/trailmap|https://archive-api.open-meteo.com/v1/archive?latitude=44.06&longitude=-71.62&start_date=1999-06-01&end_date=2026-05-31&hourly=temperature_2m,apparent_temperature,snowfall,snow_depth,rain,cloud_cover,cloud_cover_low,cloud_cover_mid,cloud_cover_high,weather_code,wind_direction_100m,wind_direction_10m,wind_speed_100m,wind_speed_10m,wind_gusts_10m,dew_point_2m,relative_humidity_2m,sunshine_duration,direct_normal_irradiance,diffuse_radiation,shortwave_radiation,terrestrial_radiation,direct_normal_irradiance_instant,diffuse_radiation_instant,shortwave_radiation_instant,terrestrial_radiation_instant,is_day&timezone=America/New_York&temperature_unit=fahrenheit&wind_speed_unit=mph&precipitation_unit=inch&elevation=609.6
Lost Trail - MT|Montana|Northern Rockies||8200|7300|6400|1800|6|60|1800|0.2|360|0.6|1080|0.2|360|45.69|-113.95|2225.04|America/Denver|USA|USD|60|60|53|estimate|https://www.onthesnow.com/montana/lost-trail-powder-mtn/trailmap|https://archive-api.open-meteo.com/v1/archive?latitude=45.69&longitude=-113.95&start_date=1999-06-01&end_date=2026-05-31&hourly=temperature_2m,apparent_temperature,snowfall,snow_depth,rain,cloud_cover,cloud_cover_low,cloud_cover_mid,cloud_cover_high,weather_code,wind_direction_100m,wind_direction_10m,wind_speed_100m,wind_speed_10m,wind_gusts_10m,dew_point_2m,relative_humidity_2m,sunshine_duration,direct_normal_irradiance,diffuse_radiation,shortwave_radiation,terrestrial_radiation,direct_normal_irradiance_instant,diffuse_radiation_instant,shortwave_radiation_instant,terrestrial_radiation_instant,is_day&timezone=America/Denver&temperature_unit=fahrenheit&wind_speed_unit=mph&precipitation_unit=inch&elevation=2225.04
Lost Valley - ME|Maine|Northeast|4210|1240|1120|1000|240|2|17|45|0.22|9.9|0.38|17.1|0.41|18.45|44.13|-70.29|341.376|America/New_York|USA|USD|55|55|48|estimate|https://www.onthesnow.com/maine/lost-valley/trailmap|https://archive-api.open-meteo.com/v1/archive?latitude=44.13&longitude=-70.29&start_date=1999-06-01&end_date=2026-05-31&hourly=temperature_2m,apparent_temperature,snowfall,snow_depth,rain,cloud_cover,cloud_cover_low,cloud_cover_mid,cloud_cover_high,weather_code,wind_direction_100m,wind_direction_10m,wind_speed_100m,wind_speed_10m,wind_gusts_10m,dew_point_2m,relative_humidity_2m,sunshine_duration,direct_normal_irradiance,diffuse_radiation,shortwave_radiation,terrestrial_radiation,direct_normal_irradiance_instant,diffuse_radiation_instant,shortwave_radiation_instant,terrestrial_radiation_instant,is_day&timezone=America/New_York&temperature_unit=fahrenheit&wind_speed_unit=mph&precipitation_unit=inch&elevation=341.376
Loup Loup - WA|Washington|Pacific Northwest||5280|4660|4040|1240|4|10|300|0.2|60|0.3|90|0.5|150|48.39|-119.9|1420.368|America/Los_Angeles|USA|USD|65|65|57|estimate||https://archive-api.open-meteo.com/v1/archive?latitude=48.39&longitude=-119.9&start_date=1999-06-01&end_date=2026-05-31&hourly=temperature_2m,apparent_temperature,snowfall,snow_depth,rain,cloud_cover,cloud_cover_low,cloud_cover_mid,cloud_cover_high,weather_code,wind_direction_100m,wind_direction_10m,wind_speed_100m,wind_speed_10m,wind_gusts_10m,dew_point_2m,relative_humidity_2m,sunshine_duration,direct_normal_irradiance,diffuse_radiation,shortwave_radiation,terrestrial_radiation,direct_normal_irradiance_instant,diffuse_radiation_instant,shortwave_radiation_instant,terrestrial_radiation_instant,is_day&timezone=America/Los_Angeles&temperature_unit=fahrenheit&wind_speed_unit=mph&precipitation_unit=inch&elevation=1420.368
Loveland - CO|Colorado|Colorado & Utah|80438|13010|11905|10800|2210|10|94|1800|0.13|234|0.41|738|0.46|828|39.68|-105.9|3628.644|America/Denver|USA|USD|129|129|97|estimate|https://www.onthesnow.com/colorado/loveland/trailmap|https://archive-api.open-meteo.com/v1/archive?latitude=39.68&longitude=-105.9&start_date=1999-06-01&end_date=2026-05-31&hourly=temperature_2m,apparent_temperature,snowfall,snow_depth,rain,cloud_cover,cloud_cover_low,cloud_cover_mid,cloud_cover_high,weather_code,wind_direction_100m,wind_direction_10m,wind_speed_100m,wind_speed_10m,wind_gusts_10m,dew_point_2m,relative_humidity_2m,sunshine_duration,direct_normal_irradiance,diffuse_radiation,shortwave_radiation,terrestrial_radiation,direct_normal_irradiance_instant,diffuse_radiation_instant,shortwave_radiation_instant,terrestrial_radiation_instant,is_day&timezone=America/Denver&temperature_unit=fahrenheit&wind_speed_unit=mph&precipitation_unit=inch&elevation=3628.644
Lutsen Mountains - MN|Minnesota|Midwest|55612|1688|1263|838|850|10|95|424|0.07|29.68|0.57|241.68|0.37|156.88|47.66|-90.72|384.9624|America/Chicago|USA|USD|119|119|105|estimate|https://www.onthesnow.com/minnesota/lutsen-mountains/trailmap|https://archive-api.open-meteo.com/v1/archive?latitude=47.66&longitude=-90.72&start_date=1999-06-01&end_date=2026-05-31&hourly=temperature_2m,apparent_temperature,snowfall,snow_depth,rain,cloud_cover,cloud_cover_low,cloud_cover_mid,cloud_cover_high,weather_code,wind_direction_100m,wind_direction_10m,wind_speed_100m,wind_speed_10m,wind_gusts_10m,dew_point_2m,relative_humidity_2m,sunshine_duration,direct_normal_irradiance,diffuse_radiation,shortwave_radiation,terrestrial_radiation,direct_normal_irradiance_instant,diffuse_radiation_instant,shortwave_radiation_instant,terrestrial_radiation_instant,is_day&timezone=America/Chicago&temperature_unit=fahrenheit&wind_speed_unit=mph&precipitation_unit=inch&elevation=384.9624
Mad River Glen - VT|Vermont|Northeast|5673|3637|2618.5|1600|2037|5|53|115|0.2|23|0.35|40.25|0.45|51.75|44.2|-72.92|798.1188|America/New_York|USA|USD|109|109|96|estimate|https://www.onthesnow.com/vermont/mad-river-glen/trailmap|https://archive-api.open-meteo.com/v1/archive?latitude=44.2&longitude=-72.92&start_date=1999-06-01&end_date=2026-05-31&hourly=temperature_2m,apparent_temperature,snowfall,snow_depth,rain,cloud_cover,cloud_cover_low,cloud_cover_mid,cloud_cover_high,weather_code,wind_direction_100m,wind_direction_10m,wind_speed_100m,wind_speed_10m,wind_gusts_10m,dew_point_2m,relative_humidity_2m,sunshine_duration,direct_normal_irradiance,diffuse_radiation,shortwave_radiation,terrestrial_radiation,direct_normal_irradiance_instant,diffuse_radiation_instant,shortwave_radiation_instant,terrestrial_radiation_instant,is_day&timezone=America/New_York&temperature_unit=fahrenheit&wind_speed_unit=mph&precipitation_unit=inch&elevation=798.1188
Mad River Mountain - OH|Ohio|Midwest|43318|1460|1310|1160|300|10|24|144|0.41|59.04|0.47|67.68|0.12|17.28|40.13|-83.83|399.288|America/New_York|USA|USD|89|89|78|estimate|https://www.onthesnow.com/ohio/mad-river-mountain/trailmap|https://archive-api.open-meteo.com/v1/archive?latitude=40.13&longitude=-83.83&start_date=1999-06-01&end_date=2026-05-31&hourly=temperature_2m,apparent_temperature,snowfall,snow_depth,rain,cloud_cover,cloud_cover_low,cloud_cover_mid,cloud_cover_high,weather_code,wind_direction_100m,wind_direction_10m,wind_speed_100m,wind_speed_10m,wind_gusts_10m,dew_point_2m,relative_humidity_2m,sunshine_duration,direct_normal_irradiance,diffuse_radiation,shortwave_radiation,terrestrial_radiation,direct_normal_irradiance_instant,diffuse_radiation_instant,shortwave_radiation_instant,terrestrial_radiation_instant,is_day&timezone=America/New_York&temperature_unit=fahrenheit&wind_speed_unit=mph&precipitation_unit=inch&elevation=399.288
Magic Mountain - ID|Idaho|Northern Rockies||7240|6870|6500|700|3|11|280|0.25|70|0.25|70|0.5|140|42.19|-114.32|2093.976|America/Denver|USA|USD|55|55|48|estimate|https://www.onthesnow.com/idaho/magic-mountain-ski-area/trailmap|https://archive-api.open-meteo.com/v1/archive?latitude=42.19&longitude=-114.32&start_date=1999-06-01&end_date=2026-05-31&hourly=temperature_2m,apparent_temperature,snowfall,snow_depth,rain,cloud_cover,cloud_cover_low,cloud_cover_mid,cloud_cover_high,weather_code,wind_direction_100m,wind_direction_10m,wind_speed_100m,wind_speed_10m,wind_gusts_10m,dew_point_2m,relative_humidity_2m,sunshine_duration,direct_normal_irradiance,diffuse_radiation,shortwave_radiation,terrestrial_radiation,direct_normal_irradiance_instant,diffuse_radiation_instant,shortwave_radiation_instant,terrestrial_radiation_instant,is_day&timezone=America/Denver&temperature_unit=fahrenheit&wind_speed_unit=mph&precipitation_unit=inch&elevation=2093.976
Magic Mountain - VT|Vermont|Northeast|5155|2850|2000|1150|1700|4|50|205|0.24|49.2|0.32|65.6|0.44|90.2|43.19|-72.77|609.6|America/New_York|USA|USD|99|99|87|estimate|https://www.onthesnow.com/vermont/magic-mountain/trailmap|https://archive-api.open-meteo.com/v1/archive?latitude=43.19&longitude=-72.77&start_date=1999-06-01&end_date=2026-05-31&hourly=temperature_2m,apparent_temperature,snowfall,snow_depth,rain,cloud_cover,cloud_cover_low,cloud_cover_mid,cloud_cover_high,weather_code,wind_direction_100m,wind_direction_10m,wind_speed_100m,wind_speed_10m,wind_gusts_10m,dew_point_2m,relative_humidity_2m,sunshine_duration,direct_normal_irradiance,diffuse_radiation,shortwave_radiation,terrestrial_radiation,direct_normal_irradiance_instant,diffuse_radiation_instant,shortwave_radiation_instant,terrestrial_radiation_instant,is_day&timezone=America/New_York&temperature_unit=fahrenheit&wind_speed_unit=mph&precipitation_unit=inch&elevation=609.6
Mammoth Mountain - CA|California|Sierra Nevada|93546|11053|9503|7953|3100|25|178|3500|0.13|455|0.48|1680|0.39|1365|37.63|-119.03|2896.5144|America/Los_Angeles|USA|USD|219|219|199|published_2526|https://www.onthesnow.com/california/mammoth-mountain-ski-area/trailmap|https://archive-api.open-meteo.com/v1/archive?latitude=37.63&longitude=-119.03&start_date=1999-06-01&end_date=2026-05-31&hourly=temperature_2m,apparent_temperature,snowfall,snow_depth,rain,cloud_cover,cloud_cover_low,cloud_cover_mid,cloud_cover_high,weather_code,wind_direction_100m,wind_direction_10m,wind_speed_100m,wind_speed_10m,wind_gusts_10m,dew_point_2m,relative_humidity_2m,sunshine_duration,direct_normal_irradiance,diffuse_radiation,shortwave_radiation,terrestrial_radiation,direct_normal_irradiance_instant,diffuse_radiation_instant,shortwave_radiation_instant,terrestrial_radiation_instant,is_day&timezone=America/Los_Angeles&temperature_unit=fahrenheit&wind_speed_unit=mph&precipitation_unit=inch&elevation=2896.5144
Manning Park - BC|British Columbia|Western Canada||6398|5698|4998|1400|4|24|140|0.23|32.2|0.31|43.4|0.46|64.4|49.06|-120.85|1736.7504|America/Vancouver|Canada|CAD|79|57|70|estimate|https://www.onthesnow.com/british-columbia/manning-park-resort/trailmap|https://archive-api.open-meteo.com/v1/archive?latitude=49.06&longitude=-120.85&start_date=1999-06-01&end_date=2026-05-31&hourly=temperature_2m,apparent_temperature,snowfall,snow_depth,rain,cloud_cover,cloud_cover_low,cloud_cover_mid,cloud_cover_high,weather_code,wind_direction_100m,wind_direction_10m,wind_speed_100m,wind_speed_10m,wind_gusts_10m,dew_point_2m,relative_humidity_2m,sunshine_duration,direct_normal_irradiance,diffuse_radiation,shortwave_radiation,terrestrial_radiation,direct_normal_irradiance_instant,diffuse_radiation_instant,shortwave_radiation_instant,terrestrial_radiation_instant,is_day&timezone=America/Vancouver&temperature_unit=fahrenheit&wind_speed_unit=mph&precipitation_unit=inch&elevation=1736.7504
Maple Ski Ridge - NY|New York|Northeast|12306|1200|975|750|450|4|11|25|1|25|0|0|0|0|42.81776|-74.031616|297.18|America/New_York|USA|USD|||||https://www.onthesnow.com/new-york/maple-ski-ridge/trailmap|https://archive-api.open-meteo.com/v1/archive?latitude=42.81776&longitude=-74.031616&start_date=1999-06-01&end_date=2026-05-31&hourly=temperature_2m,apparent_temperature,snowfall,snow_depth,rain,cloud_cover,cloud_cover_low,cloud_cover_mid,cloud_cover_high,weather_code,wind_direction_100m,wind_direction_10m,wind_speed_100m,wind_speed_10m,wind_gusts_10m,dew_point_2m,relative_humidity_2m,sunshine_duration,direct_normal_irradiance,diffuse_radiation,shortwave_radiation,terrestrial_radiation,direct_normal_irradiance_instant,diffuse_radiation_instant,shortwave_radiation_instant,terrestrial_radiation_instant,is_day&timezone=America/New_York&temperature_unit=fahrenheit&wind_speed_unit=mph&precipitation_unit=inch&elevation=297.18
Marmot Basin - AB|Alberta|Western Canada|T0E 1E0|8570|7070|5570|3000|7|91|1720|0.3|516|0.3|516|0.4|688|52.8|-118.08|2154.936|America/Edmonton|Canada|CAD|139|100|104|estimate|https://www.onthesnow.com/alberta/marmot-basin/trailmap|https://archive-api.open-meteo.com/v1/archive?latitude=52.8&longitude=-118.08&start_date=1999-06-01&end_date=2026-05-31&hourly=temperature_2m,apparent_temperature,snowfall,snow_depth,rain,cloud_cover,cloud_cover_low,cloud_cover_mid,cloud_cover_high,weather_code,wind_direction_100m,wind_direction_10m,wind_speed_100m,wind_speed_10m,wind_gusts_10m,dew_point_2m,relative_humidity_2m,sunshine_duration,direct_normal_irradiance,diffuse_radiation,shortwave_radiation,terrestrial_radiation,direct_normal_irradiance_instant,diffuse_radiation_instant,shortwave_radiation_instant,terrestrial_radiation_instant,is_day&timezone=America/Edmonton&temperature_unit=fahrenheit&wind_speed_unit=mph&precipitation_unit=inch&elevation=2154.936
Marquette Mountain - MI|Michigan|Midwest|49855|1357|1057|757|600|4|25|170|0.16|27.2|0.28|47.6|0.56|95.2|46.51|-87.42|322.1736|America/Detroit|USA|USD|65|65|57|estimate|https://www.onthesnow.com/michigan/marquette-mountain/trailmap|https://archive-api.open-meteo.com/v1/archive?latitude=46.51&longitude=-87.42&start_date=1999-06-01&end_date=2026-05-31&hourly=temperature_2m,apparent_temperature,snowfall,snow_depth,rain,cloud_cover,cloud_cover_low,cloud_cover_mid,cloud_cover_high,weather_code,wind_direction_100m,wind_direction_10m,wind_speed_100m,wind_speed_10m,wind_gusts_10m,dew_point_2m,relative_humidity_2m,sunshine_duration,direct_normal_irradiance,diffuse_radiation,shortwave_radiation,terrestrial_radiation,direct_normal_irradiance_instant,diffuse_radiation_instant,shortwave_radiation_instant,terrestrial_radiation_instant,is_day&timezone=America/Detroit&temperature_unit=fahrenheit&wind_speed_unit=mph&precipitation_unit=inch&elevation=322.1736
Massanutten - VA|Virginia|Southeast|22840|2925|2370|1815|1110|6|14|82|0.27|22.14|0.43|35.26|0.3|24.6|38.41|-78.73|722.376|America/New_York|USA|USD|99|99|87|estimate|https://www.onthesnow.com/virginia/massanutten/trailmap|https://archive-api.open-meteo.com/v1/archive?latitude=38.41&longitude=-78.73&start_date=1999-06-01&end_date=2026-05-31&hourly=temperature_2m,apparent_temperature,snowfall,snow_depth,rain,cloud_cover,cloud_cover_low,cloud_cover_mid,cloud_cover_high,weather_code,wind_direction_100m,wind_direction_10m,wind_speed_100m,wind_speed_10m,wind_gusts_10m,dew_point_2m,relative_humidity_2m,sunshine_duration,direct_normal_irradiance,diffuse_radiation,shortwave_radiation,terrestrial_radiation,direct_normal_irradiance_instant,diffuse_radiation_instant,shortwave_radiation_instant,terrestrial_radiation_instant,is_day&timezone=America/New_York&temperature_unit=fahrenheit&wind_speed_unit=mph&precipitation_unit=inch&elevation=722.376
Massif du Sud - QC|Quebec|Eastern Canada||3150|2475|1800|1350|4|32|226|0.2|45.2|0.1|22.6|0.7|158.2|46.55|-70.51|754.38|America/Toronto|Canada|CAD|65|47|57|estimate|https://www.onthesnow.com/quebec/massif-du-sud/trailmap|https://archive-api.open-meteo.com/v1/archive?latitude=46.55&longitude=-70.51&start_date=1999-06-01&end_date=2026-05-31&hourly=temperature_2m,apparent_temperature,snowfall,snow_depth,rain,cloud_cover,cloud_cover_low,cloud_cover_mid,cloud_cover_high,weather_code,wind_direction_100m,wind_direction_10m,wind_speed_100m,wind_speed_10m,wind_gusts_10m,dew_point_2m,relative_humidity_2m,sunshine_duration,direct_normal_irradiance,diffuse_radiation,shortwave_radiation,terrestrial_radiation,direct_normal_irradiance_instant,diffuse_radiation_instant,shortwave_radiation_instant,terrestrial_radiation_instant,is_day&timezone=America/Toronto&temperature_unit=fahrenheit&wind_speed_unit=mph&precipitation_unit=inch&elevation=754.38
Maverick Mountain - MT|Montana|Northern Rockies||8820|7810|6800|2020|2|24|450|0.3|135|0.4|180|0.3|135|45.31|-113.13|2380.488|America/Denver|USA|USD|60|60|53|estimate|https://www.onthesnow.com/montana/maverick-mountain/trailmap|https://archive-api.open-meteo.com/v1/archive?latitude=45.31&longitude=-113.13&start_date=1999-06-01&end_date=2026-05-31&hourly=temperature_2m,apparent_temperature,snowfall,snow_depth,rain,cloud_cover,cloud_cover_low,cloud_cover_mid,cloud_cover_high,weather_code,wind_direction_100m,wind_direction_10m,wind_speed_100m,wind_speed_10m,wind_gusts_10m,dew_point_2m,relative_humidity_2m,sunshine_duration,direct_normal_irradiance,diffuse_radiation,shortwave_radiation,terrestrial_radiation,direct_normal_irradiance_instant,diffuse_radiation_instant,shortwave_radiation_instant,terrestrial_radiation_instant,is_day&timezone=America/Denver&temperature_unit=fahrenheit&wind_speed_unit=mph&precipitation_unit=inch&elevation=2380.488
McCauley Mountain - NY|New York|Northeast|13420|2260|1943.5|1627|633|5|21|70|0.26|18.2|0.43|30.1|0.3|21|43.69|-74.99|592.3788|America/New_York|USA|USD|55|55|48|estimate|https://www.onthesnow.com/new-york/mccauley-mountain-ski-center/trailmap|https://archive-api.open-meteo.com/v1/archive?latitude=43.69&longitude=-74.99&start_date=1999-06-01&end_date=2026-05-31&hourly=temperature_2m,apparent_temperature,snowfall,snow_depth,rain,cloud_cover,cloud_cover_low,cloud_cover_mid,cloud_cover_high,weather_code,wind_direction_100m,wind_direction_10m,wind_speed_100m,wind_speed_10m,wind_gusts_10m,dew_point_2m,relative_humidity_2m,sunshine_duration,direct_normal_irradiance,diffuse_radiation,shortwave_radiation,terrestrial_radiation,direct_normal_irradiance_instant,diffuse_radiation_instant,shortwave_radiation_instant,terrestrial_radiation_instant,is_day&timezone=America/New_York&temperature_unit=fahrenheit&wind_speed_unit=mph&precipitation_unit=inch&elevation=592.3788
Meadowlark - WY|Wyoming|Northern Rockies||9300|8800|8300|1000|3|14|300|0.3|90|0.3|90|0.4|120|44.15|-107.2|2682.24|America/Denver|USA|USD|60|60|53|estimate|https://www.onthesnow.com/wyoming/meadowlark-ski-lodge/trailmap|https://archive-api.open-meteo.com/v1/archive?latitude=44.15&longitude=-107.2&start_date=1999-06-01&end_date=2026-05-31&hourly=temperature_2m,apparent_temperature,snowfall,snow_depth,rain,cloud_cover,cloud_cover_low,cloud_cover_mid,cloud_cover_high,weather_code,wind_direction_100m,wind_direction_10m,wind_speed_100m,wind_speed_10m,wind_gusts_10m,dew_point_2m,relative_humidity_2m,sunshine_duration,direct_normal_irradiance,diffuse_radiation,shortwave_radiation,terrestrial_radiation,direct_normal_irradiance_instant,diffuse_radiation_instant,shortwave_radiation_instant,terrestrial_radiation_instant,is_day&timezone=America/Denver&temperature_unit=fahrenheit&wind_speed_unit=mph&precipitation_unit=inch&elevation=2682.24
Mission Ridge - WA|Washington|Pacific Northwest|98801|6820|5695|4570|2250|6|36|2000|0.1|200|0.6|1200|0.3|600|47.29|-120.4|1735.836|America/Los_Angeles|USA|USD|109|109|96|estimate|https://www.onthesnow.com/washington/mission-ridge/trailmap|https://archive-api.open-meteo.com/v1/archive?latitude=47.29&longitude=-120.4&start_date=1999-06-01&end_date=2026-05-31&hourly=temperature_2m,apparent_temperature,snowfall,snow_depth,rain,cloud_cover,cloud_cover_low,cloud_cover_mid,cloud_cover_high,weather_code,wind_direction_100m,wind_direction_10m,wind_speed_100m,wind_speed_10m,wind_gusts_10m,dew_point_2m,relative_humidity_2m,sunshine_duration,direct_normal_irradiance,diffuse_radiation,shortwave_radiation,terrestrial_radiation,direct_normal_irradiance_instant,diffuse_radiation_instant,shortwave_radiation_instant,terrestrial_radiation_instant,is_day&timezone=America/Los_Angeles&temperature_unit=fahrenheit&wind_speed_unit=mph&precipitation_unit=inch&elevation=1735.836
Mohawk Mountain - CT|Connecticut|Northeast|6754|1600|1280|960|650|5|25|107|0.3|32.1|0.5|53.5|0.2|21.4|41.83|-73.31|390.144|America/New_York|USA|USD|79|79|70|estimate|https://www.onthesnow.com/connecticut/mohawk-mountain/trailmap|https://archive-api.open-meteo.com/v1/archive?latitude=41.83&longitude=-73.31&start_date=1999-06-01&end_date=2026-05-31&hourly=temperature_2m,apparent_temperature,snowfall,snow_depth,rain,cloud_cover,cloud_cover_low,cloud_cover_mid,cloud_cover_high,weather_code,wind_direction_100m,wind_direction_10m,wind_speed_100m,wind_speed_10m,wind_gusts_10m,dew_point_2m,relative_humidity_2m,sunshine_duration,direct_normal_irradiance,diffuse_radiation,shortwave_radiation,terrestrial_radiation,direct_normal_irradiance_instant,diffuse_radiation_instant,shortwave_radiation_instant,terrestrial_radiation_instant,is_day&timezone=America/New_York&temperature_unit=fahrenheit&wind_speed_unit=mph&precipitation_unit=inch&elevation=390.144
Monarch - CO|Colorado|Colorado & Utah|81227|11952|11371|10790|1162|7|64|1146|0.19|217.74|0.35|401.1|0.45|515.7|38.51|-106.33|3465.8808|America/Denver|USA|USD|129|129|97|estimate|https://www.onthesnow.com/colorado/monarch-mountain/trailmap|https://archive-api.open-meteo.com/v1/archive?latitude=38.51&longitude=-106.33&start_date=1999-06-01&end_date=2026-05-31&hourly=temperature_2m,apparent_temperature,snowfall,snow_depth,rain,cloud_cover,cloud_cover_low,cloud_cover_mid,cloud_cover_high,weather_code,wind_direction_100m,wind_direction_10m,wind_speed_100m,wind_speed_10m,wind_gusts_10m,dew_point_2m,relative_humidity_2m,sunshine_duration,direct_normal_irradiance,diffuse_radiation,shortwave_radiation,terrestrial_radiation,direct_normal_irradiance_instant,diffuse_radiation_instant,shortwave_radiation_instant,terrestrial_radiation_instant,is_day&timezone=America/Denver&temperature_unit=fahrenheit&wind_speed_unit=mph&precipitation_unit=inch&elevation=3465.8808
Mont Blanc - QC|Quebec|Eastern Canada|J0T 1J0|3000|2508|2016|984|5|41|155|0.17|26.35|0.26|40.3|0.57|88.35|46.15|-74.51|764.4384|America/Toronto|Canada|CAD|79|57|70|estimate|https://www.onthesnow.com/quebec/mont-blanc/trailmap|https://archive-api.open-meteo.com/v1/archive?latitude=46.15&longitude=-74.51&start_date=1999-06-01&end_date=2026-05-31&hourly=temperature_2m,apparent_temperature,snowfall,snow_depth,rain,cloud_cover,cloud_cover_low,cloud_cover_mid,cloud_cover_high,weather_code,wind_direction_100m,wind_direction_10m,wind_speed_100m,wind_speed_10m,wind_gusts_10m,dew_point_2m,relative_humidity_2m,sunshine_duration,direct_normal_irradiance,diffuse_radiation,shortwave_radiation,terrestrial_radiation,direct_normal_irradiance_instant,diffuse_radiation_instant,shortwave_radiation_instant,terrestrial_radiation_instant,is_day&timezone=America/Toronto&temperature_unit=fahrenheit&wind_speed_unit=mph&precipitation_unit=inch&elevation=764.4384
Mont Cascades - QC|Quebec|Eastern Canada|J8V 3B2|1001|730|459|541|6|21|60|0.15|9|0.5|30|0.35|21|45.592876|-75.8489|222.504|America/Toronto|Canada|CAD|52|38||published_2526|https://www.onthesnow.com/quebec/mont-cascades/trailmap|https://archive-api.open-meteo.com/v1/archive?latitude=45.592876&longitude=-75.8489&start_date=1999-06-01&end_date=2026-05-31&hourly=temperature_2m,apparent_temperature,snowfall,snow_depth,rain,cloud_cover,cloud_cover_low,cloud_cover_mid,cloud_cover_high,weather_code,wind_direction_100m,wind_direction_10m,wind_speed_100m,wind_speed_10m,wind_gusts_10m,dew_point_2m,relative_humidity_2m,sunshine_duration,direct_normal_irradiance,diffuse_radiation,shortwave_radiation,terrestrial_radiation,direct_normal_irradiance_instant,diffuse_radiation_instant,shortwave_radiation_instant,terrestrial_radiation_instant,is_day&timezone=America/Toronto&temperature_unit=fahrenheit&wind_speed_unit=mph&precipitation_unit=inch&elevation=222.504
Mont du Lac - WI|Wisconsin|Midwest|54880|917|767|617|315|4|9|10|||||||46.65|-92.28|233.7816|America/Chicago|USA|USD|55|55|48|estimate||https://archive-api.open-meteo.com/v1/archive?latitude=46.65&longitude=-92.28&start_date=1999-06-01&end_date=2026-05-31&hourly=temperature_2m,apparent_temperature,snowfall,snow_depth,rain,cloud_cover,cloud_cover_low,cloud_cover_mid,cloud_cover_high,weather_code,wind_direction_100m,wind_direction_10m,wind_speed_100m,wind_speed_10m,wind_gusts_10m,dew_point_2m,relative_humidity_2m,sunshine_duration,direct_normal_irradiance,diffuse_radiation,shortwave_radiation,terrestrial_radiation,direct_normal_irradiance_instant,diffuse_radiation_instant,shortwave_radiation_instant,terrestrial_radiation_instant,is_day&timezone=America/Chicago&temperature_unit=fahrenheit&wind_speed_unit=mph&precipitation_unit=inch&elevation=233.7816
Mont Orford - QC|Quebec|Eastern Canada|J1X 0R4|2790|1904|1018|1772|8|61|245|0.41|100.45|0.28|68.6|0.31|75.95|45.31|-72.22|580.3392|America/Toronto|Canada|CAD|89|64|78|estimate|https://www.onthesnow.com/quebec/mont-orford/trailmap|https://archive-api.open-meteo.com/v1/archive?latitude=45.31&longitude=-72.22&start_date=1999-06-01&end_date=2026-05-31&hourly=temperature_2m,apparent_temperature,snowfall,snow_depth,rain,cloud_cover,cloud_cover_low,cloud_cover_mid,cloud_cover_high,weather_code,wind_direction_100m,wind_direction_10m,wind_speed_100m,wind_speed_10m,wind_gusts_10m,dew_point_2m,relative_humidity_2m,sunshine_duration,direct_normal_irradiance,diffuse_radiation,shortwave_radiation,terrestrial_radiation,direct_normal_irradiance_instant,diffuse_radiation_instant,shortwave_radiation_instant,terrestrial_radiation_instant,is_day&timezone=America/Toronto&temperature_unit=fahrenheit&wind_speed_unit=mph&precipitation_unit=inch&elevation=580.3392
Mont Ripley - MI|Michigan|Midwest|49931|1600|1380|1160|440|3|24|112|0.21|23.52|0.29|32.48|0.5|56|47.13|-88.57|420.624|America/Detroit|USA|USD|55|55|48|estimate|https://www.onthesnow.com/michigan/mont-ripley/trailmap|https://archive-api.open-meteo.com/v1/archive?latitude=47.13&longitude=-88.57&start_date=1999-06-01&end_date=2026-05-31&hourly=temperature_2m,apparent_temperature,snowfall,snow_depth,rain,cloud_cover,cloud_cover_low,cloud_cover_mid,cloud_cover_high,weather_code,wind_direction_100m,wind_direction_10m,wind_speed_100m,wind_speed_10m,wind_gusts_10m,dew_point_2m,relative_humidity_2m,sunshine_duration,direct_normal_irradiance,diffuse_radiation,shortwave_radiation,terrestrial_radiation,direct_normal_irradiance_instant,diffuse_radiation_instant,shortwave_radiation_instant,terrestrial_radiation_instant,is_day&timezone=America/Detroit&temperature_unit=fahrenheit&wind_speed_unit=mph&precipitation_unit=inch&elevation=420.624
Mont Saint-Sauveur - QC|Quebec|Eastern Canada|J0R 1K0|1350|1000|650|700|8|38|57|0.24|13.68|0.24|13.68|0.52|29.64|45.89|-74.09|304.8|America/Toronto|Canada|CAD|89|64|78|estimate|https://www.onthesnow.com/quebec/mont-saint-sauveur/trailmap|https://archive-api.open-meteo.com/v1/archive?latitude=45.89&longitude=-74.09&start_date=1999-06-01&end_date=2026-05-31&hourly=temperature_2m,apparent_temperature,snowfall,snow_depth,rain,cloud_cover,cloud_cover_low,cloud_cover_mid,cloud_cover_high,weather_code,wind_direction_100m,wind_direction_10m,wind_speed_100m,wind_speed_10m,wind_gusts_10m,dew_point_2m,relative_humidity_2m,sunshine_duration,direct_normal_irradiance,diffuse_radiation,shortwave_radiation,terrestrial_radiation,direct_normal_irradiance_instant,diffuse_radiation_instant,shortwave_radiation_instant,terrestrial_radiation_instant,is_day&timezone=America/Toronto&temperature_unit=fahrenheit&wind_speed_unit=mph&precipitation_unit=inch&elevation=304.8
Mont Sainte-Anne - QC|Quebec|Eastern Canada|G0A 1E0|2625|1599.5|574|2051|9|71|547|0.16|87.52|0.25|136.75|0.59|322.73|47.07|-70.91|487.5276|America/Toronto|Canada|CAD|109|78|96|estimate|https://www.onthesnow.com/quebec/mont-sainte-anne/trailmap|https://archive-api.open-meteo.com/v1/archive?latitude=47.07&longitude=-70.91&start_date=1999-06-01&end_date=2026-05-31&hourly=temperature_2m,apparent_temperature,snowfall,snow_depth,rain,cloud_cover,cloud_cover_low,cloud_cover_mid,cloud_cover_high,weather_code,wind_direction_100m,wind_direction_10m,wind_speed_100m,wind_speed_10m,wind_gusts_10m,dew_point_2m,relative_humidity_2m,sunshine_duration,direct_normal_irradiance,diffuse_radiation,shortwave_radiation,terrestrial_radiation,direct_normal_irradiance_instant,diffuse_radiation_instant,shortwave_radiation_instant,terrestrial_radiation_instant,is_day&timezone=America/Toronto&temperature_unit=fahrenheit&wind_speed_unit=mph&precipitation_unit=inch&elevation=487.5276
Mont Sainte-Marie - QC|Quebec|Eastern Canada|J0X 1Z0|1250|625|0|1250|4|32|100|0.18|18|0.39|39|0.43|43|45.93|-75.92|190.5|America/Toronto|Canada|CAD|79|57|70|estimate|https://www.onthesnow.com/quebec/mont-ste-marie/trailmap|https://archive-api.open-meteo.com/v1/archive?latitude=45.93&longitude=-75.92&start_date=1999-06-01&end_date=2026-05-31&hourly=temperature_2m,apparent_temperature,snowfall,snow_depth,rain,cloud_cover,cloud_cover_low,cloud_cover_mid,cloud_cover_high,weather_code,wind_direction_100m,wind_direction_10m,wind_speed_100m,wind_speed_10m,wind_gusts_10m,dew_point_2m,relative_humidity_2m,sunshine_duration,direct_normal_irradiance,diffuse_radiation,shortwave_radiation,terrestrial_radiation,direct_normal_irradiance_instant,diffuse_radiation_instant,shortwave_radiation_instant,terrestrial_radiation_instant,is_day&timezone=America/Toronto&temperature_unit=fahrenheit&wind_speed_unit=mph&precipitation_unit=inch&elevation=190.5
Mont Sutton - QC|Quebec|Eastern Canada|J0E 2K0|3175|2425|1675|1500|9|60|230|0.25|57.5|0.3|69|0.45|103.5|45.1|-72.57|739.14|America/Toronto|Canada|CAD|99|71|87|estimate|https://www.onthesnow.com/quebec/mont-sutton/trailmap|https://archive-api.open-meteo.com/v1/archive?latitude=45.1&longitude=-72.57&start_date=1999-06-01&end_date=2026-05-31&hourly=temperature_2m,apparent_temperature,snowfall,snow_depth,rain,cloud_cover,cloud_cover_low,cloud_cover_mid,cloud_cover_high,weather_code,wind_direction_100m,wind_direction_10m,wind_speed_100m,wind_speed_10m,wind_gusts_10m,dew_point_2m,relative_humidity_2m,sunshine_duration,direct_normal_irradiance,diffuse_radiation,shortwave_radiation,terrestrial_radiation,direct_normal_irradiance_instant,diffuse_radiation_instant,shortwave_radiation_instant,terrestrial_radiation_instant,is_day&timezone=America/Toronto&temperature_unit=fahrenheit&wind_speed_unit=mph&precipitation_unit=inch&elevation=739.14
Mont Tremblant - QC|Quebec|Eastern Canada|J8E 1T1|2871|1810.5|750|2116|14|102|763|0.19|144.97|0.3|228.9|0.5|381.5|46.21|-74.58|551.8404|America/Toronto|Canada|CAD|145|104|109|estimate|https://www.onthesnow.com/quebec/tremblant/trailmap|https://archive-api.open-meteo.com/v1/archive?latitude=46.21&longitude=-74.58&start_date=1999-06-01&end_date=2026-05-31&hourly=temperature_2m,apparent_temperature,snowfall,snow_depth,rain,cloud_cover,cloud_cover_low,cloud_cover_mid,cloud_cover_high,weather_code,wind_direction_100m,wind_direction_10m,wind_speed_100m,wind_speed_10m,wind_gusts_10m,dew_point_2m,relative_humidity_2m,sunshine_duration,direct_normal_irradiance,diffuse_radiation,shortwave_radiation,terrestrial_radiation,direct_normal_irradiance_instant,diffuse_radiation_instant,shortwave_radiation_instant,terrestrial_radiation_instant,is_day&timezone=America/Toronto&temperature_unit=fahrenheit&wind_speed_unit=mph&precipitation_unit=inch&elevation=551.8404
Montage Mountain - PA|Pennsylvania|Mid-Atlantic|18507|1960|1460|960|1000|5|26|140|0.35|49|0.3|42|0.35|49|41.35|-75.68|445.008|America/New_York|USA|USD|79|79|70|estimate|https://www.onthesnow.com/pennsylvania/montage-mountain/trailmap|https://archive-api.open-meteo.com/v1/archive?latitude=41.35&longitude=-75.68&start_date=1999-06-01&end_date=2026-05-31&hourly=temperature_2m,apparent_temperature,snowfall,snow_depth,rain,cloud_cover,cloud_cover_low,cloud_cover_mid,cloud_cover_high,weather_code,wind_direction_100m,wind_direction_10m,wind_speed_100m,wind_speed_10m,wind_gusts_10m,dew_point_2m,relative_humidity_2m,sunshine_duration,direct_normal_irradiance,diffuse_radiation,shortwave_radiation,terrestrial_radiation,direct_normal_irradiance_instant,diffuse_radiation_instant,shortwave_radiation_instant,terrestrial_radiation_instant,is_day&timezone=America/New_York&temperature_unit=fahrenheit&wind_speed_unit=mph&precipitation_unit=inch&elevation=445.008
Montana Snowbowl - MT|Montana|Northern Rockies|59808|7600|6300|5000|2600|4|50|2000|0.15|300|0.4|800|0.45|900|46.99|-114.01|1920.24|America/Denver|USA|USD|79|79|70|estimate|https://www.onthesnow.com/montana/montana-snowbowl/trailmap|https://archive-api.open-meteo.com/v1/archive?latitude=46.99&longitude=-114.01&start_date=1999-06-01&end_date=2026-05-31&hourly=temperature_2m,apparent_temperature,snowfall,snow_depth,rain,cloud_cover,cloud_cover_low,cloud_cover_mid,cloud_cover_high,weather_code,wind_direction_100m,wind_direction_10m,wind_speed_100m,wind_speed_10m,wind_gusts_10m,dew_point_2m,relative_humidity_2m,sunshine_duration,direct_normal_irradiance,diffuse_radiation,shortwave_radiation,terrestrial_radiation,direct_normal_irradiance_instant,diffuse_radiation_instant,shortwave_radiation_instant,terrestrial_radiation_instant,is_day&timezone=America/Denver&temperature_unit=fahrenheit&wind_speed_unit=mph&precipitation_unit=inch&elevation=1920.24
Moose Mountain - AK|Alaska|Alaska||1987|1333.5|680|1307|3|35|200|0.15|30|0.65|130|0.2|40|64.98|-147.9|406.4508|America/Anchorage|USA|USD|50|50|44|estimate||https://archive-api.open-meteo.com/v1/archive?latitude=64.98&longitude=-147.9&start_date=1999-06-01&end_date=2026-05-31&hourly=temperature_2m,apparent_temperature,snowfall,snow_depth,rain,cloud_cover,cloud_cover_low,cloud_cover_mid,cloud_cover_high,weather_code,wind_direction_100m,wind_direction_10m,wind_speed_100m,wind_speed_10m,wind_gusts_10m,dew_point_2m,relative_humidity_2m,sunshine_duration,direct_normal_irradiance,diffuse_radiation,shortwave_radiation,terrestrial_radiation,direct_normal_irradiance_instant,diffuse_radiation_instant,shortwave_radiation_instant,terrestrial_radiation_instant,is_day&timezone=America/Anchorage&temperature_unit=fahrenheit&wind_speed_unit=mph&precipitation_unit=inch&elevation=406.4508
Mount Ashwabay - WI|Wisconsin|Midwest|54814|1286|1124.5|963|317|2|13|65|0.4|26|0.35|22.75|0.25|16.25|46.79|-90.86|342.7476|America/Chicago|USA|USD|45|45|40|estimate||https://archive-api.open-meteo.com/v1/archive?latitude=46.79&longitude=-90.86&start_date=1999-06-01&end_date=2026-05-31&hourly=temperature_2m,apparent_temperature,snowfall,snow_depth,rain,cloud_cover,cloud_cover_low,cloud_cover_mid,cloud_cover_high,weather_code,wind_direction_100m,wind_direction_10m,wind_speed_100m,wind_speed_10m,wind_gusts_10m,dew_point_2m,relative_humidity_2m,sunshine_duration,direct_normal_irradiance,diffuse_radiation,shortwave_radiation,terrestrial_radiation,direct_normal_irradiance_instant,diffuse_radiation_instant,shortwave_radiation_instant,terrestrial_radiation_instant,is_day&timezone=America/Chicago&temperature_unit=fahrenheit&wind_speed_unit=mph&precipitation_unit=inch&elevation=342.7476
Mount Baldy - BC|British Columbia|Western Canada||7546|6643.5|5741|1805|3|40|225|0.33|74.25|0.46|103.5|0.21|47.25|49.15|-119.23|2024.9388|America/Vancouver|Canada|CAD|79|57|70|estimate|https://www.onthesnow.com/british-columbia/mount-baldy-ski-corporation/trailmap|https://archive-api.open-meteo.com/v1/archive?latitude=49.15&longitude=-119.23&start_date=1999-06-01&end_date=2026-05-31&hourly=temperature_2m,apparent_temperature,snowfall,snow_depth,rain,cloud_cover,cloud_cover_low,cloud_cover_mid,cloud_cover_high,weather_code,wind_direction_100m,wind_direction_10m,wind_speed_100m,wind_speed_10m,wind_gusts_10m,dew_point_2m,relative_humidity_2m,sunshine_duration,direct_normal_irradiance,diffuse_radiation,shortwave_radiation,terrestrial_radiation,direct_normal_irradiance_instant,diffuse_radiation_instant,shortwave_radiation_instant,terrestrial_radiation_instant,is_day&timezone=America/Vancouver&temperature_unit=fahrenheit&wind_speed_unit=mph&precipitation_unit=inch&elevation=2024.9388
Mount Bohemia - MI|Michigan|Midwest|49950|1050|600|150|900|2|105|650|0.02|13|0.02|13|0.96|624|47.39|-88.02|182.88|America/Detroit|USA|USD|89|89|78|estimate|https://www.onthesnow.com/michigan/mount-bohemia/trailmap|https://archive-api.open-meteo.com/v1/archive?latitude=47.39&longitude=-88.02&start_date=1999-06-01&end_date=2026-05-31&hourly=temperature_2m,apparent_temperature,snowfall,snow_depth,rain,cloud_cover,cloud_cover_low,cloud_cover_mid,cloud_cover_high,weather_code,wind_direction_100m,wind_direction_10m,wind_speed_100m,wind_speed_10m,wind_gusts_10m,dew_point_2m,relative_humidity_2m,sunshine_duration,direct_normal_irradiance,diffuse_radiation,shortwave_radiation,terrestrial_radiation,direct_normal_irradiance_instant,diffuse_radiation_instant,shortwave_radiation_instant,terrestrial_radiation_instant,is_day&timezone=America/Detroit&temperature_unit=fahrenheit&wind_speed_unit=mph&precipitation_unit=inch&elevation=182.88
Mount Kato - MN|Minnesota|Midwest|56001|540|420|300|240|8|19|55|0.21|11.55|0.42|23.1|0.37|20.35|44.13|-94.05|128.016|America/Chicago|USA|USD|55|55|48|estimate|https://www.onthesnow.com/minnesota/mount-kato-ski-area/trailmap|https://archive-api.open-meteo.com/v1/archive?latitude=44.13&longitude=-94.05&start_date=1999-06-01&end_date=2026-05-31&hourly=temperature_2m,apparent_temperature,snowfall,snow_depth,rain,cloud_cover,cloud_cover_low,cloud_cover_mid,cloud_cover_high,weather_code,wind_direction_100m,wind_direction_10m,wind_speed_100m,wind_speed_10m,wind_gusts_10m,dew_point_2m,relative_humidity_2m,sunshine_duration,direct_normal_irradiance,diffuse_radiation,shortwave_radiation,terrestrial_radiation,direct_normal_irradiance_instant,diffuse_radiation_instant,shortwave_radiation_instant,terrestrial_radiation_instant,is_day&timezone=America/Chicago&temperature_unit=fahrenheit&wind_speed_unit=mph&precipitation_unit=inch&elevation=128.016
Mount Pleasant of Edinboro - PA|Pennsylvania|Mid-Atlantic|16441|1550|1390|1230|320|3|8|40|1|40|0|0|0|0|41.85|-80.07|423.672|America/New_York|USA|USD|45|45|40|estimate|https://www.onthesnow.com/pennsylvania/mount-pleasant-of-edinboro/trailmap|https://archive-api.open-meteo.com/v1/archive?latitude=41.85&longitude=-80.07&start_date=1999-06-01&end_date=2026-05-31&hourly=temperature_2m,apparent_temperature,snowfall,snow_depth,rain,cloud_cover,cloud_cover_low,cloud_cover_mid,cloud_cover_high,weather_code,wind_direction_100m,wind_direction_10m,wind_speed_100m,wind_speed_10m,wind_gusts_10m,dew_point_2m,relative_humidity_2m,sunshine_duration,direct_normal_irradiance,diffuse_radiation,shortwave_radiation,terrestrial_radiation,direct_normal_irradiance_instant,diffuse_radiation_instant,shortwave_radiation_instant,terrestrial_radiation_instant,is_day&timezone=America/New_York&temperature_unit=fahrenheit&wind_speed_unit=mph&precipitation_unit=inch&elevation=423.672
Mount Rose Ski Tahoe - NV|Nevada|Sierra Nevada|89451|9700|8800|7900|1800|8|60|1200|0.28|336|0.25|300|0.46|552|39.33|-119.88|2682.24|America/Los_Angeles|USA|USD|189|189|142|estimate|https://www.onthesnow.com/nevada/mt-rose-ski-tahoe/trailmap|https://archive-api.open-meteo.com/v1/archive?latitude=39.33&longitude=-119.88&start_date=1999-06-01&end_date=2026-05-31&hourly=temperature_2m,apparent_temperature,snowfall,snow_depth,rain,cloud_cover,cloud_cover_low,cloud_cover_mid,cloud_cover_high,weather_code,wind_direction_100m,wind_direction_10m,wind_speed_100m,wind_speed_10m,wind_gusts_10m,dew_point_2m,relative_humidity_2m,sunshine_duration,direct_normal_irradiance,diffuse_radiation,shortwave_radiation,terrestrial_radiation,direct_normal_irradiance_instant,diffuse_radiation_instant,shortwave_radiation_instant,terrestrial_radiation_instant,is_day&timezone=America/Los_Angeles&temperature_unit=fahrenheit&wind_speed_unit=mph&precipitation_unit=inch&elevation=2682.24
Mount Seymour - BC|British Columbia|Western Canada|V7G 1L3|4460|3880|3300|1160|5|40|200|0.21|42|0.62|124|0.18|36|49.38|-122.95|1182.624|America/Vancouver|Canada|CAD|85|61|75|estimate|https://www.onthesnow.com/british-columbia/mount-seymour/trailmap|https://archive-api.open-meteo.com/v1/archive?latitude=49.38&longitude=-122.95&start_date=1999-06-01&end_date=2026-05-31&hourly=temperature_2m,apparent_temperature,snowfall,snow_depth,rain,cloud_cover,cloud_cover_low,cloud_cover_mid,cloud_cover_high,weather_code,wind_direction_100m,wind_direction_10m,wind_speed_100m,wind_speed_10m,wind_gusts_10m,dew_point_2m,relative_humidity_2m,sunshine_duration,direct_normal_irradiance,diffuse_radiation,shortwave_radiation,terrestrial_radiation,direct_normal_irradiance_instant,diffuse_radiation_instant,shortwave_radiation_instant,terrestrial_radiation_instant,is_day&timezone=America/Vancouver&temperature_unit=fahrenheit&wind_speed_unit=mph&precipitation_unit=inch&elevation=1182.624
Mount Snow - VT|Vermont|Northeast|5356|3600|2750|1900|1700|20|86|601|0.23|138.23|0.56|336.56|0.22|132.22|42.96|-72.92|838.2|America/New_York|USA|USD|179|179|134|estimate|https://www.onthesnow.com/vermont/mount-snow/trailmap|https://archive-api.open-meteo.com/v1/archive?latitude=42.96&longitude=-72.92&start_date=1999-06-01&end_date=2026-05-31&hourly=temperature_2m,apparent_temperature,snowfall,snow_depth,rain,cloud_cover,cloud_cover_low,cloud_cover_mid,cloud_cover_high,weather_code,wind_direction_100m,wind_direction_10m,wind_speed_100m,wind_speed_10m,wind_gusts_10m,dew_point_2m,relative_humidity_2m,sunshine_duration,direct_normal_irradiance,diffuse_radiation,shortwave_radiation,terrestrial_radiation,direct_normal_irradiance_instant,diffuse_radiation_instant,shortwave_radiation_instant,terrestrial_radiation_instant,is_day&timezone=America/New_York&temperature_unit=fahrenheit&wind_speed_unit=mph&precipitation_unit=inch&elevation=838.2
Mount St. Louis Moonstone - ON|Ontario|Eastern Canada||1200|925|650|550|12|39|165|0.35|57.75|0.5|82.5|0.15|24.75|44.63|-79.65|281.94|America/Toronto|Canada|CAD|89|64|78|estimate|https://www.onthesnow.com/ontario/mt-st-louis-moonstone/trailmap|https://archive-api.open-meteo.com/v1/archive?latitude=44.63&longitude=-79.65&start_date=1999-06-01&end_date=2026-05-31&hourly=temperature_2m,apparent_temperature,snowfall,snow_depth,rain,cloud_cover,cloud_cover_low,cloud_cover_mid,cloud_cover_high,weather_code,wind_direction_100m,wind_direction_10m,wind_speed_100m,wind_speed_10m,wind_gusts_10m,dew_point_2m,relative_humidity_2m,sunshine_duration,direct_normal_irradiance,diffuse_radiation,shortwave_radiation,terrestrial_radiation,direct_normal_irradiance_instant,diffuse_radiation_instant,shortwave_radiation_instant,terrestrial_radiation_instant,is_day&timezone=America/Toronto&temperature_unit=fahrenheit&wind_speed_unit=mph&precipitation_unit=inch&elevation=281.94
Mount Sunapee - NH|New Hampshire|Northeast|3772|2743|1988|1233|1510|10|66|232|0.29|67.28|0.47|109.04|0.24|55.68|43.32|-72.08|605.9424|America/New_York|USA|USD|149|149|112|estimate|https://www.onthesnow.com/new-hampshire/mount-sunapee/trailmap|https://archive-api.open-meteo.com/v1/archive?latitude=43.32&longitude=-72.08&start_date=1999-06-01&end_date=2026-05-31&hourly=temperature_2m,apparent_temperature,snowfall,snow_depth,rain,cloud_cover,cloud_cover_low,cloud_cover_mid,cloud_cover_high,weather_code,wind_direction_100m,wind_direction_10m,wind_speed_100m,wind_speed_10m,wind_gusts_10m,dew_point_2m,relative_humidity_2m,sunshine_duration,direct_normal_irradiance,diffuse_radiation,shortwave_radiation,terrestrial_radiation,direct_normal_irradiance_instant,diffuse_radiation_instant,shortwave_radiation_instant,terrestrial_radiation_instant,is_day&timezone=America/New_York&temperature_unit=fahrenheit&wind_speed_unit=mph&precipitation_unit=inch&elevation=605.9424
Mount Washington Alpine - BC|British Columbia|Western Canada|V9J 1L0|5215|4386.5|3558|1657|9|81|1600|0.13|208|0.43|688|0.44|704|49.74|-125.3|1337.0052|America/Vancouver|Canada|CAD|109|78|96|estimate|https://www.onthesnow.com/british-columbia/mt-washington-alpine-resort/trailmap|https://archive-api.open-meteo.com/v1/archive?latitude=49.74&longitude=-125.3&start_date=1999-06-01&end_date=2026-05-31&hourly=temperature_2m,apparent_temperature,snowfall,snow_depth,rain,cloud_cover,cloud_cover_low,cloud_cover_mid,cloud_cover_high,weather_code,wind_direction_100m,wind_direction_10m,wind_speed_100m,wind_speed_10m,wind_gusts_10m,dew_point_2m,relative_humidity_2m,sunshine_duration,direct_normal_irradiance,diffuse_radiation,shortwave_radiation,terrestrial_radiation,direct_normal_irradiance_instant,diffuse_radiation_instant,shortwave_radiation_instant,terrestrial_radiation_instant,is_day&timezone=America/Vancouver&temperature_unit=fahrenheit&wind_speed_unit=mph&precipitation_unit=inch&elevation=1337.0052
Mountain Creek - NJ|New Jersey|Mid-Atlantic|7462|1480|960|440|1040|9|46|167|0.17|28.39|0.57|95.19|0.26|43.42|41.19|-74.5|292.608|America/New_York|USA|USD|99|99|87|estimate|https://www.onthesnow.com/new-jersey/mountain-creek-resort/trailmap|https://archive-api.open-meteo.com/v1/archive?latitude=41.19&longitude=-74.5&start_date=1999-06-01&end_date=2026-05-31&hourly=temperature_2m,apparent_temperature,snowfall,snow_depth,rain,cloud_cover,cloud_cover_low,cloud_cover_mid,cloud_cover_high,weather_code,wind_direction_100m,wind_direction_10m,wind_speed_100m,wind_speed_10m,wind_gusts_10m,dew_point_2m,relative_humidity_2m,sunshine_duration,direct_normal_irradiance,diffuse_radiation,shortwave_radiation,terrestrial_radiation,direct_normal_irradiance_instant,diffuse_radiation_instant,shortwave_radiation_instant,terrestrial_radiation_instant,is_day&timezone=America/New_York&temperature_unit=fahrenheit&wind_speed_unit=mph&precipitation_unit=inch&elevation=292.608
Mountain High - CA|California|Sierra Nevada|92397|8200|7400|6600|1600|12|59|290|0.2|58|0.42|121.8|0.37|107.3|34.38|-117.69|2255.52|America/Los_Angeles|USA|USD|109|109|96|estimate|https://www.onthesnow.com/california/mountain-high/trailmap|https://archive-api.open-meteo.com/v1/archive?latitude=34.38&longitude=-117.69&start_date=1999-06-01&end_date=2026-05-31&hourly=temperature_2m,apparent_temperature,snowfall,snow_depth,rain,cloud_cover,cloud_cover_low,cloud_cover_mid,cloud_cover_high,weather_code,wind_direction_100m,wind_direction_10m,wind_speed_100m,wind_speed_10m,wind_gusts_10m,dew_point_2m,relative_humidity_2m,sunshine_duration,direct_normal_irradiance,diffuse_radiation,shortwave_radiation,terrestrial_radiation,direct_normal_irradiance_instant,diffuse_radiation_instant,shortwave_radiation_instant,terrestrial_radiation_instant,is_day&timezone=America/Los_Angeles&temperature_unit=fahrenheit&wind_speed_unit=mph&precipitation_unit=inch&elevation=2255.52
Mt Baldy - CA|California|Sierra Nevada|91759|8600|7500|6400|2200|4|26|800|0.2|160|0.4|320|0.4|320|34.236382|-117.65897|2286|America/Los_Angeles|USA|USD|68.99|68.99||published_2627|https://www.onthesnow.com/california/mt-baldy/trailmap|https://archive-api.open-meteo.com/v1/archive?latitude=34.236382&longitude=-117.65897&start_date=1999-06-01&end_date=2026-05-31&hourly=temperature_2m,apparent_temperature,snowfall,snow_depth,rain,cloud_cover,cloud_cover_low,cloud_cover_mid,cloud_cover_high,weather_code,wind_direction_100m,wind_direction_10m,wind_speed_100m,wind_speed_10m,wind_gusts_10m,dew_point_2m,relative_humidity_2m,sunshine_duration,direct_normal_irradiance,diffuse_radiation,shortwave_radiation,terrestrial_radiation,direct_normal_irradiance_instant,diffuse_radiation_instant,shortwave_radiation_instant,terrestrial_radiation_instant,is_day&timezone=America/Los_Angeles&temperature_unit=fahrenheit&wind_speed_unit=mph&precipitation_unit=inch&elevation=2286
Mt Pakenham - ON|Ontario|Eastern Canada|K0A 2X0|730|590|450|280|6|10|55|0.4|22|0.4|22|0.2|11|45.324665|-76.329895|179.832|America/Toronto|Canada|CAD|52|38||published_2526|https://www.onthesnow.com/ontario/mt-pakenham/trailmap|https://archive-api.open-meteo.com/v1/archive?latitude=45.324665&longitude=-76.329895&start_date=1999-06-01&end_date=2026-05-31&hourly=temperature_2m,apparent_temperature,snowfall,snow_depth,rain,cloud_cover,cloud_cover_low,cloud_cover_mid,cloud_cover_high,weather_code,wind_direction_100m,wind_direction_10m,wind_speed_100m,wind_speed_10m,wind_gusts_10m,dew_point_2m,relative_humidity_2m,sunshine_duration,direct_normal_irradiance,diffuse_radiation,shortwave_radiation,terrestrial_radiation,direct_normal_irradiance_instant,diffuse_radiation_instant,shortwave_radiation_instant,terrestrial_radiation_instant,is_day&timezone=America/Toronto&temperature_unit=fahrenheit&wind_speed_unit=mph&precipitation_unit=inch&elevation=179.832
Mt. Abram - ME|Maine|Northeast|4216|2001|1426|851|1150|4|49|640|0.19|121.6|0.41|262.4|0.41|262.4|44.4|-70.72|434.6448|America/New_York|USA|USD|69|69|61|estimate|https://www.onthesnow.com/maine/mt-abram-ski-resort/trailmap|https://archive-api.open-meteo.com/v1/archive?latitude=44.4&longitude=-70.72&start_date=1999-06-01&end_date=2026-05-31&hourly=temperature_2m,apparent_temperature,snowfall,snow_depth,rain,cloud_cover,cloud_cover_low,cloud_cover_mid,cloud_cover_high,weather_code,wind_direction_100m,wind_direction_10m,wind_speed_100m,wind_speed_10m,wind_gusts_10m,dew_point_2m,relative_humidity_2m,sunshine_duration,direct_normal_irradiance,diffuse_radiation,shortwave_radiation,terrestrial_radiation,direct_normal_irradiance_instant,diffuse_radiation_instant,shortwave_radiation_instant,terrestrial_radiation_instant,is_day&timezone=America/New_York&temperature_unit=fahrenheit&wind_speed_unit=mph&precipitation_unit=inch&elevation=434.6448
Mt. Ashland - OR|Oregon|Pacific Northwest|97520|7500|6925|6350|1150|4|23|240|0.07|16.8|0.41|98.4|0.52|124.8|42.08|-122.72|2110.74|America/Los_Angeles|USA|USD|79|79|70|estimate|https://www.onthesnow.com/oregon/mount-ashland/trailmap|https://archive-api.open-meteo.com/v1/archive?latitude=42.08&longitude=-122.72&start_date=1999-06-01&end_date=2026-05-31&hourly=temperature_2m,apparent_temperature,snowfall,snow_depth,rain,cloud_cover,cloud_cover_low,cloud_cover_mid,cloud_cover_high,weather_code,wind_direction_100m,wind_direction_10m,wind_speed_100m,wind_speed_10m,wind_gusts_10m,dew_point_2m,relative_humidity_2m,sunshine_duration,direct_normal_irradiance,diffuse_radiation,shortwave_radiation,terrestrial_radiation,direct_normal_irradiance_instant,diffuse_radiation_instant,shortwave_radiation_instant,terrestrial_radiation_instant,is_day&timezone=America/Los_Angeles&temperature_unit=fahrenheit&wind_speed_unit=mph&precipitation_unit=inch&elevation=2110.74
Mt. Aurora Skiland - AK|Alaska|Alaska||2200|1675|1150|1050|1|20|100|0.2|20|0.4|40|0.4|40|65.12|-147.51|510.54|America/Anchorage|USA|USD|45|45|40|estimate||https://archive-api.open-meteo.com/v1/archive?latitude=65.12&longitude=-147.51&start_date=1999-06-01&end_date=2026-05-31&hourly=temperature_2m,apparent_temperature,snowfall,snow_depth,rain,cloud_cover,cloud_cover_low,cloud_cover_mid,cloud_cover_high,weather_code,wind_direction_100m,wind_direction_10m,wind_speed_100m,wind_speed_10m,wind_gusts_10m,dew_point_2m,relative_humidity_2m,sunshine_duration,direct_normal_irradiance,diffuse_radiation,shortwave_radiation,terrestrial_radiation,direct_normal_irradiance_instant,diffuse_radiation_instant,shortwave_radiation_instant,terrestrial_radiation_instant,is_day&timezone=America/Anchorage&temperature_unit=fahrenheit&wind_speed_unit=mph&precipitation_unit=inch&elevation=510.54
Mt. Bachelor - OR|Oregon|Pacific Northwest|97701|9065|7382.5|5700|3365|11|101|4323|0.14|605.22|0.5|2161.5|0.36|1556.28|43.98|-121.69|2250.186|America/Los_Angeles|USA|USD|179|179|134|estimate|https://www.onthesnow.com/oregon/mt-bachelor/trailmap|https://archive-api.open-meteo.com/v1/archive?latitude=43.98&longitude=-121.69&start_date=1999-06-01&end_date=2026-05-31&hourly=temperature_2m,apparent_temperature,snowfall,snow_depth,rain,cloud_cover,cloud_cover_low,cloud_cover_mid,cloud_cover_high,weather_code,wind_direction_100m,wind_direction_10m,wind_speed_100m,wind_speed_10m,wind_gusts_10m,dew_point_2m,relative_humidity_2m,sunshine_duration,direct_normal_irradiance,diffuse_radiation,shortwave_radiation,terrestrial_radiation,direct_normal_irradiance_instant,diffuse_radiation_instant,shortwave_radiation_instant,terrestrial_radiation_instant,is_day&timezone=America/Los_Angeles&temperature_unit=fahrenheit&wind_speed_unit=mph&precipitation_unit=inch&elevation=2250.186
Mt. Baker - WA|Washington|Pacific Northwest|98244|5089|4294.5|3500|1589|10|38|1000|0.24|240|0.45|450|0.31|310|48.86|-121.68|1308.9636|America/Los_Angeles|USA|USD|99|99|87|estimate|https://www.onthesnow.com/washington/mt-baker/trailmap|https://archive-api.open-meteo.com/v1/archive?latitude=48.86&longitude=-121.68&start_date=1999-06-01&end_date=2026-05-31&hourly=temperature_2m,apparent_temperature,snowfall,snow_depth,rain,cloud_cover,cloud_cover_low,cloud_cover_mid,cloud_cover_high,weather_code,wind_direction_100m,wind_direction_10m,wind_speed_100m,wind_speed_10m,wind_gusts_10m,dew_point_2m,relative_humidity_2m,sunshine_duration,direct_normal_irradiance,diffuse_radiation,shortwave_radiation,terrestrial_radiation,direct_normal_irradiance_instant,diffuse_radiation_instant,shortwave_radiation_instant,terrestrial_radiation_instant,is_day&timezone=America/Los_Angeles&temperature_unit=fahrenheit&wind_speed_unit=mph&precipitation_unit=inch&elevation=1308.9636
Mt. Brighton - MI|Michigan|Midwest|48116|1331|1215.5|1100|230|11|26|130|0.19|24.7|0.46|59.8|0.35|45.5|42.53|-83.82|370.4844|America/Detroit|USA|USD|89|89|78|estimate|https://www.onthesnow.com/michigan/mount-brighton/trailmap|https://archive-api.open-meteo.com/v1/archive?latitude=42.53&longitude=-83.82&start_date=1999-06-01&end_date=2026-05-31&hourly=temperature_2m,apparent_temperature,snowfall,snow_depth,rain,cloud_cover,cloud_cover_low,cloud_cover_mid,cloud_cover_high,weather_code,wind_direction_100m,wind_direction_10m,wind_speed_100m,wind_speed_10m,wind_gusts_10m,dew_point_2m,relative_humidity_2m,sunshine_duration,direct_normal_irradiance,diffuse_radiation,shortwave_radiation,terrestrial_radiation,direct_normal_irradiance_instant,diffuse_radiation_instant,shortwave_radiation_instant,terrestrial_radiation_instant,is_day&timezone=America/Detroit&temperature_unit=fahrenheit&wind_speed_unit=mph&precipitation_unit=inch&elevation=370.4844
Mt. Crescent - IA|Iowa|Midwest|51542|1500|1350|1200|300|3|9|50|0.18|9|0.45|22.5|0.36|18|41.44|-95.86|411.48|America/Chicago|USA|USD|55|55|48|estimate|https://www.onthesnow.com/iowa/crescent-hill-at-hitchcock/trailmap|https://archive-api.open-meteo.com/v1/archive?latitude=41.44&longitude=-95.86&start_date=1999-06-01&end_date=2026-05-31&hourly=temperature_2m,apparent_temperature,snowfall,snow_depth,rain,cloud_cover,cloud_cover_low,cloud_cover_mid,cloud_cover_high,weather_code,wind_direction_100m,wind_direction_10m,wind_speed_100m,wind_speed_10m,wind_gusts_10m,dew_point_2m,relative_humidity_2m,sunshine_duration,direct_normal_irradiance,diffuse_radiation,shortwave_radiation,terrestrial_radiation,direct_normal_irradiance_instant,diffuse_radiation_instant,shortwave_radiation_instant,terrestrial_radiation_instant,is_day&timezone=America/Chicago&temperature_unit=fahrenheit&wind_speed_unit=mph&precipitation_unit=inch&elevation=411.48
Mt. Holiday - MI|Michigan|Midwest|49686|1100|1000|900|200|4|12|45|0.3|13.5|0.4|18|0.3|13.5|44.78|-85.57|304.8|America/Detroit|USA|USD|45|45|40|estimate|https://www.onthesnow.com/michigan/mount-holiday-ski-area/trailmap|https://archive-api.open-meteo.com/v1/archive?latitude=44.78&longitude=-85.57&start_date=1999-06-01&end_date=2026-05-31&hourly=temperature_2m,apparent_temperature,snowfall,snow_depth,rain,cloud_cover,cloud_cover_low,cloud_cover_mid,cloud_cover_high,weather_code,wind_direction_100m,wind_direction_10m,wind_speed_100m,wind_speed_10m,wind_gusts_10m,dew_point_2m,relative_humidity_2m,sunshine_duration,direct_normal_irradiance,diffuse_radiation,shortwave_radiation,terrestrial_radiation,direct_normal_irradiance_instant,diffuse_radiation_instant,shortwave_radiation_instant,terrestrial_radiation_instant,is_day&timezone=America/Detroit&temperature_unit=fahrenheit&wind_speed_unit=mph&precipitation_unit=inch&elevation=304.8
Mt. Holly - MI|Michigan|Midwest|48350|1250|1075|900|350|11|18|100|0.3|30|0.5|50|0.2|20|42.79|-83.53|327.66|America/Detroit|USA|USD|65|65|57|estimate|https://www.onthesnow.com/michigan/mount-holly/trailmap|https://archive-api.open-meteo.com/v1/archive?latitude=42.79&longitude=-83.53&start_date=1999-06-01&end_date=2026-05-31&hourly=temperature_2m,apparent_temperature,snowfall,snow_depth,rain,cloud_cover,cloud_cover_low,cloud_cover_mid,cloud_cover_high,weather_code,wind_direction_100m,wind_direction_10m,wind_speed_100m,wind_speed_10m,wind_gusts_10m,dew_point_2m,relative_humidity_2m,sunshine_duration,direct_normal_irradiance,diffuse_radiation,shortwave_radiation,terrestrial_radiation,direct_normal_irradiance_instant,diffuse_radiation_instant,shortwave_radiation_instant,terrestrial_radiation_instant,is_day&timezone=America/Detroit&temperature_unit=fahrenheit&wind_speed_unit=mph&precipitation_unit=inch&elevation=327.66
Mt. Hood Meadows - OR|Oregon|Pacific Northwest|97041|7300|5911.5|4523|2777|11|87|2150|0.15|322.5|0.5|1075|0.35|752.5|45.33|-121.66|1801.8252|America/Los_Angeles|USA|USD|149|149|112|estimate|https://www.onthesnow.com/oregon/mt-hood-meadows/trailmap|https://archive-api.open-meteo.com/v1/archive?latitude=45.33&longitude=-121.66&start_date=1999-06-01&end_date=2026-05-31&hourly=temperature_2m,apparent_temperature,snowfall,snow_depth,rain,cloud_cover,cloud_cover_low,cloud_cover_mid,cloud_cover_high,weather_code,wind_direction_100m,wind_direction_10m,wind_speed_100m,wind_speed_10m,wind_gusts_10m,dew_point_2m,relative_humidity_2m,sunshine_duration,direct_normal_irradiance,diffuse_radiation,shortwave_radiation,terrestrial_radiation,direct_normal_irradiance_instant,diffuse_radiation_instant,shortwave_radiation_instant,terrestrial_radiation_instant,is_day&timezone=America/Los_Angeles&temperature_unit=fahrenheit&wind_speed_unit=mph&precipitation_unit=inch&elevation=1801.8252
Mt. Hood Skibowl - OR|Oregon|Pacific Northwest|97028|5027|4277|3527|1500|9|65|960|0.21|201.6|0.4|384|0.39|374.4|45.3|-121.77|1303.6296|America/Los_Angeles|USA|USD|99|99|87|estimate|https://www.onthesnow.com/oregon/mt-hood-ski-bowl/trailmap|https://archive-api.open-meteo.com/v1/archive?latitude=45.3&longitude=-121.77&start_date=1999-06-01&end_date=2026-05-31&hourly=temperature_2m,apparent_temperature,snowfall,snow_depth,rain,cloud_cover,cloud_cover_low,cloud_cover_mid,cloud_cover_high,weather_code,wind_direction_100m,wind_direction_10m,wind_speed_100m,wind_speed_10m,wind_gusts_10m,dew_point_2m,relative_humidity_2m,sunshine_duration,direct_normal_irradiance,diffuse_radiation,shortwave_radiation,terrestrial_radiation,direct_normal_irradiance_instant,diffuse_radiation_instant,shortwave_radiation_instant,terrestrial_radiation_instant,is_day&timezone=America/Los_Angeles&temperature_unit=fahrenheit&wind_speed_unit=mph&precipitation_unit=inch&elevation=1303.6296
Mt. La Crosse - WI|Wisconsin|Midwest||1110|852|594|516|4|19|100|0.3|30|0.2|20|0.5|50|43.75|-91.23|259.6896|America/Chicago|USA|USD|65|65|57|estimate|https://www.onthesnow.com/wisconsin/mount-la-crosse/trailmap|https://archive-api.open-meteo.com/v1/archive?latitude=43.75&longitude=-91.23&start_date=1999-06-01&end_date=2026-05-31&hourly=temperature_2m,apparent_temperature,snowfall,snow_depth,rain,cloud_cover,cloud_cover_low,cloud_cover_mid,cloud_cover_high,weather_code,wind_direction_100m,wind_direction_10m,wind_speed_100m,wind_speed_10m,wind_gusts_10m,dew_point_2m,relative_humidity_2m,sunshine_duration,direct_normal_irradiance,diffuse_radiation,shortwave_radiation,terrestrial_radiation,direct_normal_irradiance_instant,diffuse_radiation_instant,shortwave_radiation_instant,terrestrial_radiation_instant,is_day&timezone=America/Chicago&temperature_unit=fahrenheit&wind_speed_unit=mph&precipitation_unit=inch&elevation=259.6896
Mt. Lemmon - AZ|Arizona|Southwest|85619|9150|8675|8200|950|3|21|200|0.23|46|0.41|82|0.36|72|32.45|-110.76|2644.14|America/Phoenix|USA|USD|75|75|66|estimate||https://archive-api.open-meteo.com/v1/archive?latitude=32.45&longitude=-110.76&start_date=1999-06-01&end_date=2026-05-31&hourly=temperature_2m,apparent_temperature,snowfall,snow_depth,rain,cloud_cover,cloud_cover_low,cloud_cover_mid,cloud_cover_high,weather_code,wind_direction_100m,wind_direction_10m,wind_speed_100m,wind_speed_10m,wind_gusts_10m,dew_point_2m,relative_humidity_2m,sunshine_duration,direct_normal_irradiance,diffuse_radiation,shortwave_radiation,terrestrial_radiation,direct_normal_irradiance_instant,diffuse_radiation_instant,shortwave_radiation_instant,terrestrial_radiation_instant,is_day&timezone=America/Phoenix&temperature_unit=fahrenheit&wind_speed_unit=mph&precipitation_unit=inch&elevation=2644.14
Mt. Norquay - AB|Alberta|Western Canada|T1L 1J5|6998|6174|5350|1650|6|60|190|0.38|72.2|0.25|47.5|0.36|68.4|51.2|-115.6|1881.8352|America/Edmonton|Canada|CAD|109|78|96|estimate|https://www.onthesnow.com/alberta/ski-banff-norquay/trailmap|https://archive-api.open-meteo.com/v1/archive?latitude=51.2&longitude=-115.6&start_date=1999-06-01&end_date=2026-05-31&hourly=temperature_2m,apparent_temperature,snowfall,snow_depth,rain,cloud_cover,cloud_cover_low,cloud_cover_mid,cloud_cover_high,weather_code,wind_direction_100m,wind_direction_10m,wind_speed_100m,wind_speed_10m,wind_gusts_10m,dew_point_2m,relative_humidity_2m,sunshine_duration,direct_normal_irradiance,diffuse_radiation,shortwave_radiation,terrestrial_radiation,direct_normal_irradiance_instant,diffuse_radiation_instant,shortwave_radiation_instant,terrestrial_radiation_instant,is_day&timezone=America/Edmonton&temperature_unit=fahrenheit&wind_speed_unit=mph&precipitation_unit=inch&elevation=1881.8352
Mt. Peter - NY|New York|Northeast|10925|1250|1000|750|450|4|14|69|0.39|26.91|0.33|22.77|0.28|19.32|41.23|-74.29|304.8|America/New_York|USA|USD|55|55|48|estimate|https://www.onthesnow.com/new-york/mount-peter-ski-area/trailmap|https://archive-api.open-meteo.com/v1/archive?latitude=41.23&longitude=-74.29&start_date=1999-06-01&end_date=2026-05-31&hourly=temperature_2m,apparent_temperature,snowfall,snow_depth,rain,cloud_cover,cloud_cover_low,cloud_cover_mid,cloud_cover_high,weather_code,wind_direction_100m,wind_direction_10m,wind_speed_100m,wind_speed_10m,wind_gusts_10m,dew_point_2m,relative_humidity_2m,sunshine_duration,direct_normal_irradiance,diffuse_radiation,shortwave_radiation,terrestrial_radiation,direct_normal_irradiance_instant,diffuse_radiation_instant,shortwave_radiation_instant,terrestrial_radiation_instant,is_day&timezone=America/New_York&temperature_unit=fahrenheit&wind_speed_unit=mph&precipitation_unit=inch&elevation=304.8
Mt. Pisgah - NY|New York|Northeast|12983|2500|2300|2100|400|2|5||||||||44.33|-74.14|701.04|America/New_York|USA|USD|35|35|31|estimate||https://archive-api.open-meteo.com/v1/archive?latitude=44.33&longitude=-74.14&start_date=1999-06-01&end_date=2026-05-31&hourly=temperature_2m,apparent_temperature,snowfall,snow_depth,rain,cloud_cover,cloud_cover_low,cloud_cover_mid,cloud_cover_high,weather_code,wind_direction_100m,wind_direction_10m,wind_speed_100m,wind_speed_10m,wind_gusts_10m,dew_point_2m,relative_humidity_2m,sunshine_duration,direct_normal_irradiance,diffuse_radiation,shortwave_radiation,terrestrial_radiation,direct_normal_irradiance_instant,diffuse_radiation_instant,shortwave_radiation_instant,terrestrial_radiation_instant,is_day&timezone=America/New_York&temperature_unit=fahrenheit&wind_speed_unit=mph&precipitation_unit=inch&elevation=701.04
Mt. Shasta Ski Park - CA|California|Pacific Northwest|96067|6890|6195|5500|1390|5|32|636|0.2|127.2|0.55|349.8|0.25|159|41.32|-122.2|1888.236|America/Los_Angeles|USA|USD|89|89|78|estimate|https://www.onthesnow.com/california/mount-shasta-board-ski-park/trailmap|https://archive-api.open-meteo.com/v1/archive?latitude=41.32&longitude=-122.2&start_date=1999-06-01&end_date=2026-05-31&hourly=temperature_2m,apparent_temperature,snowfall,snow_depth,rain,cloud_cover,cloud_cover_low,cloud_cover_mid,cloud_cover_high,weather_code,wind_direction_100m,wind_direction_10m,wind_speed_100m,wind_speed_10m,wind_gusts_10m,dew_point_2m,relative_humidity_2m,sunshine_duration,direct_normal_irradiance,diffuse_radiation,shortwave_radiation,terrestrial_radiation,direct_normal_irradiance_instant,diffuse_radiation_instant,shortwave_radiation_instant,terrestrial_radiation_instant,is_day&timezone=America/Los_Angeles&temperature_unit=fahrenheit&wind_speed_unit=mph&precipitation_unit=inch&elevation=1888.236
Mt. Southington - CT|Connecticut|Northeast|6489|525|312.5|100|425|7|14|51|0.43|21.93|0.43|21.93|0.14|7.14|41.58|-72.92|95.25|America/New_York|USA|USD|69|69|61|estimate|https://www.onthesnow.com/connecticut/mount-southington-ski-area/trailmap|https://archive-api.open-meteo.com/v1/archive?latitude=41.58&longitude=-72.92&start_date=1999-06-01&end_date=2026-05-31&hourly=temperature_2m,apparent_temperature,snowfall,snow_depth,rain,cloud_cover,cloud_cover_low,cloud_cover_mid,cloud_cover_high,weather_code,wind_direction_100m,wind_direction_10m,wind_speed_100m,wind_speed_10m,wind_gusts_10m,dew_point_2m,relative_humidity_2m,sunshine_duration,direct_normal_irradiance,diffuse_radiation,shortwave_radiation,terrestrial_radiation,direct_normal_irradiance_instant,diffuse_radiation_instant,shortwave_radiation_instant,terrestrial_radiation_instant,is_day&timezone=America/New_York&temperature_unit=fahrenheit&wind_speed_unit=mph&precipitation_unit=inch&elevation=95.25
Mt. Spokane - WA|Washington|Pacific Northwest|99021|5889|4889|3889|2000|7|52|1704|0.23|391.92|0.62|1056.48|0.15|255.6|47.92|-117.11|1490.1672|America/Los_Angeles|USA|USD|79|79|70|estimate|https://www.onthesnow.com/washington/mt-spokane-ski-and-snowboard-park/trailmap|https://archive-api.open-meteo.com/v1/archive?latitude=47.92&longitude=-117.11&start_date=1999-06-01&end_date=2026-05-31&hourly=temperature_2m,apparent_temperature,snowfall,snow_depth,rain,cloud_cover,cloud_cover_low,cloud_cover_mid,cloud_cover_high,weather_code,wind_direction_100m,wind_direction_10m,wind_speed_100m,wind_speed_10m,wind_gusts_10m,dew_point_2m,relative_humidity_2m,sunshine_duration,direct_normal_irradiance,diffuse_radiation,shortwave_radiation,terrestrial_radiation,direct_normal_irradiance_instant,diffuse_radiation_instant,shortwave_radiation_instant,terrestrial_radiation_instant,is_day&timezone=America/Los_Angeles&temperature_unit=fahrenheit&wind_speed_unit=mph&precipitation_unit=inch&elevation=1490.1672
Mt. Zion - MI|Michigan|Midwest|49938|1400|1250|1100|300|2|10|20|0.25|5|0.5|10|0.25|5|46.48|-90.17|381|America/Menominee|USA|USD|35|35|31|estimate||https://archive-api.open-meteo.com/v1/archive?latitude=46.48&longitude=-90.17&start_date=1999-06-01&end_date=2026-05-31&hourly=temperature_2m,apparent_temperature,snowfall,snow_depth,rain,cloud_cover,cloud_cover_low,cloud_cover_mid,cloud_cover_high,weather_code,wind_direction_100m,wind_direction_10m,wind_speed_100m,wind_speed_10m,wind_gusts_10m,dew_point_2m,relative_humidity_2m,sunshine_duration,direct_normal_irradiance,diffuse_radiation,shortwave_radiation,terrestrial_radiation,direct_normal_irradiance_instant,diffuse_radiation_instant,shortwave_radiation_instant,terrestrial_radiation_instant,is_day&timezone=America/Menominee&temperature_unit=fahrenheit&wind_speed_unit=mph&precipitation_unit=inch&elevation=381
Mulligan's Hollow - MI|Michigan|Midwest|49417|1200|1035|870|330|5|6|10|0.25|2.5|0.25|2.5|0.5|5|43.06|-86.23|315.468|America/Detroit|USA|USD|30|30|26|estimate|https://www.onthesnow.com/michigan/mulligans-hollow-ski-bowl/trailmap|https://archive-api.open-meteo.com/v1/archive?latitude=43.06&longitude=-86.23&start_date=1999-06-01&end_date=2026-05-31&hourly=temperature_2m,apparent_temperature,snowfall,snow_depth,rain,cloud_cover,cloud_cover_low,cloud_cover_mid,cloud_cover_high,weather_code,wind_direction_100m,wind_direction_10m,wind_speed_100m,wind_speed_10m,wind_gusts_10m,dew_point_2m,relative_humidity_2m,sunshine_duration,direct_normal_irradiance,diffuse_radiation,shortwave_radiation,terrestrial_radiation,direct_normal_irradiance_instant,diffuse_radiation_instant,shortwave_radiation_instant,terrestrial_radiation_instant,is_day&timezone=America/Detroit&temperature_unit=fahrenheit&wind_speed_unit=mph&precipitation_unit=inch&elevation=315.468
Mystic Mountain - PA|Pennsylvania|Mid-Atlantic|21522|2030|1880|1730|300|3|6|25|0.4|10|0.35|8.75|0.25|6.25|39.57|-79.19|573.024|America/New_York|USA|USD||||||https://archive-api.open-meteo.com/v1/archive?latitude=39.57&longitude=-79.19&start_date=1999-06-01&end_date=2026-05-31&hourly=temperature_2m,apparent_temperature,snowfall,snow_depth,rain,cloud_cover,cloud_cover_low,cloud_cover_mid,cloud_cover_high,weather_code,wind_direction_100m,wind_direction_10m,wind_speed_100m,wind_speed_10m,wind_gusts_10m,dew_point_2m,relative_humidity_2m,sunshine_duration,direct_normal_irradiance,diffuse_radiation,shortwave_radiation,terrestrial_radiation,direct_normal_irradiance_instant,diffuse_radiation_instant,shortwave_radiation_instant,terrestrial_radiation_instant,is_day&timezone=America/New_York&temperature_unit=fahrenheit&wind_speed_unit=mph&precipitation_unit=inch&elevation=573.024
Nakiska - AB|Alberta|Western Canada|T0L 2H0|7500|6294|5088|2412|5|79|1021|0.15|153.15|0.59|602.39|0.26|265.46|50.94|-115.15|1918.4112|America/Edmonton|Canada|CAD|109|78|96|estimate|https://www.onthesnow.com/alberta/nakiska-ski-area/trailmap|https://archive-api.open-meteo.com/v1/archive?latitude=50.94&longitude=-115.15&start_date=1999-06-01&end_date=2026-05-31&hourly=temperature_2m,apparent_temperature,snowfall,snow_depth,rain,cloud_cover,cloud_cover_low,cloud_cover_mid,cloud_cover_high,weather_code,wind_direction_100m,wind_direction_10m,wind_speed_100m,wind_speed_10m,wind_gusts_10m,dew_point_2m,relative_humidity_2m,sunshine_duration,direct_normal_irradiance,diffuse_radiation,shortwave_radiation,terrestrial_radiation,direct_normal_irradiance_instant,diffuse_radiation_instant,shortwave_radiation_instant,terrestrial_radiation_instant,is_day&timezone=America/Edmonton&temperature_unit=fahrenheit&wind_speed_unit=mph&precipitation_unit=inch&elevation=1918.4112
Nashoba Valley - MA|Massachusetts|Northeast|1886|440|320|200|240|9|17|52|0.24|12.48|0.47|24.44|0.29|15.08|42.51|-71.51|97.536|America/New_York|USA|USD|79|79|70|estimate|https://www.onthesnow.com/massachusetts/nashoba-valley/trailmap|https://archive-api.open-meteo.com/v1/archive?latitude=42.51&longitude=-71.51&start_date=1999-06-01&end_date=2026-05-31&hourly=temperature_2m,apparent_temperature,snowfall,snow_depth,rain,cloud_cover,cloud_cover_low,cloud_cover_mid,cloud_cover_high,weather_code,wind_direction_100m,wind_direction_10m,wind_speed_100m,wind_speed_10m,wind_gusts_10m,dew_point_2m,relative_humidity_2m,sunshine_duration,direct_normal_irradiance,diffuse_radiation,shortwave_radiation,terrestrial_radiation,direct_normal_irradiance_instant,diffuse_radiation_instant,shortwave_radiation_instant,terrestrial_radiation_instant,is_day&timezone=America/New_York&temperature_unit=fahrenheit&wind_speed_unit=mph&precipitation_unit=inch&elevation=97.536
New Hermon Mountain - ME|Maine|Northeast|4401|450|275|100|350|3|18|70|0.4|28|0.3|21|0.3|21|44.83|-68.9|83.82|America/New_York|USA|USD|45|45|40|estimate|https://www.onthesnow.com/maine/new-hermon-mountain/trailmap|https://archive-api.open-meteo.com/v1/archive?latitude=44.83&longitude=-68.9&start_date=1999-06-01&end_date=2026-05-31&hourly=temperature_2m,apparent_temperature,snowfall,snow_depth,rain,cloud_cover,cloud_cover_low,cloud_cover_mid,cloud_cover_high,weather_code,wind_direction_100m,wind_direction_10m,wind_speed_100m,wind_speed_10m,wind_gusts_10m,dew_point_2m,relative_humidity_2m,sunshine_duration,direct_normal_irradiance,diffuse_radiation,shortwave_radiation,terrestrial_radiation,direct_normal_irradiance_instant,diffuse_radiation_instant,shortwave_radiation_instant,terrestrial_radiation_instant,is_day&timezone=America/New_York&temperature_unit=fahrenheit&wind_speed_unit=mph&precipitation_unit=inch&elevation=83.82
Nordic Mountain - WI|Wisconsin|Midwest|54984|1137|1004.5|872|265|6|16|60|0.33|19.8|0.42|25.2|0.25|15|44.2|-89.25|306.1716|America/Chicago|USA|USD|55|55|48|estimate|https://www.onthesnow.com/wisconsin/nordic-mountain/trailmap|https://archive-api.open-meteo.com/v1/archive?latitude=44.2&longitude=-89.25&start_date=1999-06-01&end_date=2026-05-31&hourly=temperature_2m,apparent_temperature,snowfall,snow_depth,rain,cloud_cover,cloud_cover_low,cloud_cover_mid,cloud_cover_high,weather_code,wind_direction_100m,wind_direction_10m,wind_speed_100m,wind_speed_10m,wind_gusts_10m,dew_point_2m,relative_humidity_2m,sunshine_duration,direct_normal_irradiance,diffuse_radiation,shortwave_radiation,terrestrial_radiation,direct_normal_irradiance_instant,diffuse_radiation_instant,shortwave_radiation_instant,terrestrial_radiation_instant,is_day&timezone=America/Chicago&temperature_unit=fahrenheit&wind_speed_unit=mph&precipitation_unit=inch&elevation=306.1716
Northstar - CA|California|Sierra Nevada|96161|8610|7470|6330|2280|20|100|3170|0.13|412.1|0.6|1902|0.27|855.9|39.27|-120.12|2276.856|America/Los_Angeles|USA|USD|219|219|164|estimate|https://www.onthesnow.com/california/northstar-california/trailmap|https://archive-api.open-meteo.com/v1/archive?latitude=39.27&longitude=-120.12&start_date=1999-06-01&end_date=2026-05-31&hourly=temperature_2m,apparent_temperature,snowfall,snow_depth,rain,cloud_cover,cloud_cover_low,cloud_cover_mid,cloud_cover_high,weather_code,wind_direction_100m,wind_direction_10m,wind_speed_100m,wind_speed_10m,wind_gusts_10m,dew_point_2m,relative_humidity_2m,sunshine_duration,direct_normal_irradiance,diffuse_radiation,shortwave_radiation,terrestrial_radiation,direct_normal_irradiance_instant,diffuse_radiation_instant,shortwave_radiation_instant,terrestrial_radiation_instant,is_day&timezone=America/Los_Angeles&temperature_unit=fahrenheit&wind_speed_unit=mph&precipitation_unit=inch&elevation=2276.856
Nub's Nob - MI|Michigan|Midwest|49740|1338|1124.5|911|427|10|53|248|0.3|74.4|0.5|124|0.2|49.6|45.47|-84.91|342.7476|America/Detroit|USA|USD|89|89|78|estimate|https://www.onthesnow.com/michigan/nubs-nob-ski-area/trailmap|https://archive-api.open-meteo.com/v1/archive?latitude=45.47&longitude=-84.91&start_date=1999-06-01&end_date=2026-05-31&hourly=temperature_2m,apparent_temperature,snowfall,snow_depth,rain,cloud_cover,cloud_cover_low,cloud_cover_mid,cloud_cover_high,weather_code,wind_direction_100m,wind_direction_10m,wind_speed_100m,wind_speed_10m,wind_gusts_10m,dew_point_2m,relative_humidity_2m,sunshine_duration,direct_normal_irradiance,diffuse_radiation,shortwave_radiation,terrestrial_radiation,direct_normal_irradiance_instant,diffuse_radiation_instant,shortwave_radiation_instant,terrestrial_radiation_instant,is_day&timezone=America/Detroit&temperature_unit=fahrenheit&wind_speed_unit=mph&precipitation_unit=inch&elevation=342.7476
Oak Mountain - NY|New York|Northeast|12164|2400|2075|1750|650|4|22|46|0.45|20.7|0.27|12.42|0.27|12.42|43.518116|-74.362213|632.46|America/New_York|USA|USD|59|59||published_2627|https://www.onthesnow.com/new-york/oak-mountain/trailmap|https://archive-api.open-meteo.com/v1/archive?latitude=43.518116&longitude=-74.362213&start_date=1999-06-01&end_date=2026-05-31&hourly=temperature_2m,apparent_temperature,snowfall,snow_depth,rain,cloud_cover,cloud_cover_low,cloud_cover_mid,cloud_cover_high,weather_code,wind_direction_100m,wind_direction_10m,wind_speed_100m,wind_speed_10m,wind_gusts_10m,dew_point_2m,relative_humidity_2m,sunshine_duration,direct_normal_irradiance,diffuse_radiation,shortwave_radiation,terrestrial_radiation,direct_normal_irradiance_instant,diffuse_radiation_instant,shortwave_radiation_instant,terrestrial_radiation_instant,is_day&timezone=America/New_York&temperature_unit=fahrenheit&wind_speed_unit=mph&precipitation_unit=inch&elevation=632.46
Ober Mountain - TN|Tennessee|Southeast|37738|3300|3000|2700|600|5|10|32|0.3|9.6|0.5|16|0.2|6.4|35.7|-83.52|914.4|America/New_York|USA|USD|79|79|70|estimate|https://www.onthesnow.com/tennessee/ober-gatlinburg-ski-resort/trailmap|https://archive-api.open-meteo.com/v1/archive?latitude=35.7&longitude=-83.52&start_date=1999-06-01&end_date=2026-05-31&hourly=temperature_2m,apparent_temperature,snowfall,snow_depth,rain,cloud_cover,cloud_cover_low,cloud_cover_mid,cloud_cover_high,weather_code,wind_direction_100m,wind_direction_10m,wind_speed_100m,wind_speed_10m,wind_gusts_10m,dew_point_2m,relative_humidity_2m,sunshine_duration,direct_normal_irradiance,diffuse_radiation,shortwave_radiation,terrestrial_radiation,direct_normal_irradiance_instant,diffuse_radiation_instant,shortwave_radiation_instant,terrestrial_radiation_instant,is_day&timezone=America/New_York&temperature_unit=fahrenheit&wind_speed_unit=mph&precipitation_unit=inch&elevation=914.4
Okemo Mountain - VT|Vermont|Northeast|5149|3344|2244|1144|2200|20|121|667|0.33|220.11|0.38|253.46|0.3|200.1|43.4|-72.72|683.9712|America/New_York|USA|USD|189|189|142|estimate|https://www.onthesnow.com/vermont/okemo-mountain-resort/trailmap|https://archive-api.open-meteo.com/v1/archive?latitude=43.4&longitude=-72.72&start_date=1999-06-01&end_date=2026-05-31&hourly=temperature_2m,apparent_temperature,snowfall,snow_depth,rain,cloud_cover,cloud_cover_low,cloud_cover_mid,cloud_cover_high,weather_code,wind_direction_100m,wind_direction_10m,wind_speed_100m,wind_speed_10m,wind_gusts_10m,dew_point_2m,relative_humidity_2m,sunshine_duration,direct_normal_irradiance,diffuse_radiation,shortwave_radiation,terrestrial_radiation,direct_normal_irradiance_instant,diffuse_radiation_instant,shortwave_radiation_instant,terrestrial_radiation_instant,is_day&timezone=America/New_York&temperature_unit=fahrenheit&wind_speed_unit=mph&precipitation_unit=inch&elevation=683.9712
Otis Ridge - MA|Massachusetts|Northeast|1253|1700|1500|1300|400|5|11|60|0.47|28.2|0.33|19.8|0.2|12|42.19|-73.1|457.2|America/New_York|USA|USD|55|55|48|estimate|https://www.onthesnow.com/massachusetts/otis-ridge-ski-area/trailmap|https://archive-api.open-meteo.com/v1/archive?latitude=42.19&longitude=-73.1&start_date=1999-06-01&end_date=2026-05-31&hourly=temperature_2m,apparent_temperature,snowfall,snow_depth,rain,cloud_cover,cloud_cover_low,cloud_cover_mid,cloud_cover_high,weather_code,wind_direction_100m,wind_direction_10m,wind_speed_100m,wind_speed_10m,wind_gusts_10m,dew_point_2m,relative_humidity_2m,sunshine_duration,direct_normal_irradiance,diffuse_radiation,shortwave_radiation,terrestrial_radiation,direct_normal_irradiance_instant,diffuse_radiation_instant,shortwave_radiation_instant,terrestrial_radiation_instant,is_day&timezone=America/New_York&temperature_unit=fahrenheit&wind_speed_unit=mph&precipitation_unit=inch&elevation=457.2
Owl's Head - QC|Quebec|Eastern Canada||2493|1607|721|1772|8|50|175|0.3|52.5|0.4|70|0.3|52.5|45.06|-72.28|489.8136|America/Toronto|Canada|CAD|89|64|78|estimate|https://www.onthesnow.com/quebec/owls-head/trailmap|https://archive-api.open-meteo.com/v1/archive?latitude=45.06&longitude=-72.28&start_date=1999-06-01&end_date=2026-05-31&hourly=temperature_2m,apparent_temperature,snowfall,snow_depth,rain,cloud_cover,cloud_cover_low,cloud_cover_mid,cloud_cover_high,weather_code,wind_direction_100m,wind_direction_10m,wind_speed_100m,wind_speed_10m,wind_gusts_10m,dew_point_2m,relative_humidity_2m,sunshine_duration,direct_normal_irradiance,diffuse_radiation,shortwave_radiation,terrestrial_radiation,direct_normal_irradiance_instant,diffuse_radiation_instant,shortwave_radiation_instant,terrestrial_radiation_instant,is_day&timezone=America/Toronto&temperature_unit=fahrenheit&wind_speed_unit=mph&precipitation_unit=inch&elevation=489.8136
Pajarito - NM|New Mexico|Southwest|87544|10440|9720|9000|1440|5|45|267|0.2|53.4|0.5|133.5|0|0|35.9|-106.39|2962.656|America/Denver|USA|USD|79|79|70|estimate|https://www.onthesnow.com/new-mexico/pajarito-mountain-ski-area/trailmap|https://archive-api.open-meteo.com/v1/archive?latitude=35.9&longitude=-106.39&start_date=1999-06-01&end_date=2026-05-31&hourly=temperature_2m,apparent_temperature,snowfall,snow_depth,rain,cloud_cover,cloud_cover_low,cloud_cover_mid,cloud_cover_high,weather_code,wind_direction_100m,wind_direction_10m,wind_speed_100m,wind_speed_10m,wind_gusts_10m,dew_point_2m,relative_humidity_2m,sunshine_duration,direct_normal_irradiance,diffuse_radiation,shortwave_radiation,terrestrial_radiation,direct_normal_irradiance_instant,diffuse_radiation_instant,shortwave_radiation_instant,terrestrial_radiation_instant,is_day&timezone=America/Denver&temperature_unit=fahrenheit&wind_speed_unit=mph&precipitation_unit=inch&elevation=2962.656
Palisades Tahoe - CA|California|Sierra Nevada|96146|9050|7625|6200|2850|29|170|6000|0.06|360|0.39|2340|0.56|3360|39.2|-120.24|2324.1|America/Los_Angeles|USA|USD|289|289|188|published_2526|https://www.onthesnow.com/california/palisades-tahoe/trailmap|https://archive-api.open-meteo.com/v1/archive?latitude=39.2&longitude=-120.24&start_date=1999-06-01&end_date=2026-05-31&hourly=temperature_2m,apparent_temperature,snowfall,snow_depth,rain,cloud_cover,cloud_cover_low,cloud_cover_mid,cloud_cover_high,weather_code,wind_direction_100m,wind_direction_10m,wind_speed_100m,wind_speed_10m,wind_gusts_10m,dew_point_2m,relative_humidity_2m,sunshine_duration,direct_normal_irradiance,diffuse_radiation,shortwave_radiation,terrestrial_radiation,direct_normal_irradiance_instant,diffuse_radiation_instant,shortwave_radiation_instant,terrestrial_radiation_instant,is_day&timezone=America/Los_Angeles&temperature_unit=fahrenheit&wind_speed_unit=mph&precipitation_unit=inch&elevation=2324.1
Panorama - BC|British Columbia|Western Canada|V0A 1T0|8038|5918.5|3799|4239|10|135|2975|0.1|297.5|0.35|1041.25|0.55|1636.25|50.46|-116.24|1803.9588|America/Edmonton|Canada|CAD|159|114|119|estimate|https://www.onthesnow.com/british-columbia/panorama-mountain/trailmap|https://archive-api.open-meteo.com/v1/archive?latitude=50.46&longitude=-116.24&start_date=1999-06-01&end_date=2026-05-31&hourly=temperature_2m,apparent_temperature,snowfall,snow_depth,rain,cloud_cover,cloud_cover_low,cloud_cover_mid,cloud_cover_high,weather_code,wind_direction_100m,wind_direction_10m,wind_speed_100m,wind_speed_10m,wind_gusts_10m,dew_point_2m,relative_humidity_2m,sunshine_duration,direct_normal_irradiance,diffuse_radiation,shortwave_radiation,terrestrial_radiation,direct_normal_irradiance_instant,diffuse_radiation_instant,shortwave_radiation_instant,terrestrial_radiation_instant,is_day&timezone=America/Edmonton&temperature_unit=fahrenheit&wind_speed_unit=mph&precipitation_unit=inch&elevation=1803.9588
Paoli Peaks - IN|Indiana|Midwest|47454|900|750|600|300|8|15|65|0.53|34.45|0.4|26|0.07|4.55|38.555504|-86.512276|228.6|America/Indiana/Indianapolis|USA|USD|94|94||published_2627|https://www.onthesnow.com/indiana/paoli-peaks/trailmap|https://archive-api.open-meteo.com/v1/archive?latitude=38.555504&longitude=-86.512276&start_date=1999-06-01&end_date=2026-05-31&hourly=temperature_2m,apparent_temperature,snowfall,snow_depth,rain,cloud_cover,cloud_cover_low,cloud_cover_mid,cloud_cover_high,weather_code,wind_direction_100m,wind_direction_10m,wind_speed_100m,wind_speed_10m,wind_gusts_10m,dew_point_2m,relative_humidity_2m,sunshine_duration,direct_normal_irradiance,diffuse_radiation,shortwave_radiation,terrestrial_radiation,direct_normal_irradiance_instant,diffuse_radiation_instant,shortwave_radiation_instant,terrestrial_radiation_instant,is_day&timezone=America/Indiana/Indianapolis&temperature_unit=fahrenheit&wind_speed_unit=mph&precipitation_unit=inch&elevation=228.6
Park City Mt - UT|Utah|Colorado & Utah|84060|10000|8400|6800|3200|41|344|7300|0.08|584|0.41|2993|0.51|3723|40.646061|-111.49797|2560.32|America/Denver|USA|USD|||||https://www.onthesnow.com/utah/park-city-mountain-resort/trailmap|https://archive-api.open-meteo.com/v1/archive?latitude=40.646061&longitude=-111.49797&start_date=1999-06-01&end_date=2026-05-31&hourly=temperature_2m,apparent_temperature,snowfall,snow_depth,rain,cloud_cover,cloud_cover_low,cloud_cover_mid,cloud_cover_high,weather_code,wind_direction_100m,wind_direction_10m,wind_speed_100m,wind_speed_10m,wind_gusts_10m,dew_point_2m,relative_humidity_2m,sunshine_duration,direct_normal_irradiance,diffuse_radiation,shortwave_radiation,terrestrial_radiation,direct_normal_irradiance_instant,diffuse_radiation_instant,shortwave_radiation_instant,terrestrial_radiation_instant,is_day&timezone=America/Denver&temperature_unit=fahrenheit&wind_speed_unit=mph&precipitation_unit=inch&elevation=2560.32
Pats Peak - NH|New Hampshire|Northeast|3242|1460|1105|750|710|11|28|115|0.5|57.5|0.21|24.15|0.28|32.2|43.15|-71.83|336.804|America/New_York|USA|USD|89|89|78|estimate|https://www.onthesnow.com/new-hampshire/pats-peak/trailmap|https://archive-api.open-meteo.com/v1/archive?latitude=43.15&longitude=-71.83&start_date=1999-06-01&end_date=2026-05-31&hourly=temperature_2m,apparent_temperature,snowfall,snow_depth,rain,cloud_cover,cloud_cover_low,cloud_cover_mid,cloud_cover_high,weather_code,wind_direction_100m,wind_direction_10m,wind_speed_100m,wind_speed_10m,wind_gusts_10m,dew_point_2m,relative_humidity_2m,sunshine_duration,direct_normal_irradiance,diffuse_radiation,shortwave_radiation,terrestrial_radiation,direct_normal_irradiance_instant,diffuse_radiation_instant,shortwave_radiation_instant,terrestrial_radiation_instant,is_day&timezone=America/New_York&temperature_unit=fahrenheit&wind_speed_unit=mph&precipitation_unit=inch&elevation=336.804
Pebble Creek - ID|Idaho|Northern Rockies|83246|8500|7400|6300|2200|3|54|1100|0.12|132|0.35|385|0.53|583|42.68|-112.14|2255.52|America/Denver|USA|USD|75|75|66|estimate|https://www.onthesnow.com/idaho/pebble-creek-ski-area/trailmap|https://archive-api.open-meteo.com/v1/archive?latitude=42.68&longitude=-112.14&start_date=1999-06-01&end_date=2026-05-31&hourly=temperature_2m,apparent_temperature,snowfall,snow_depth,rain,cloud_cover,cloud_cover_low,cloud_cover_mid,cloud_cover_high,weather_code,wind_direction_100m,wind_direction_10m,wind_speed_100m,wind_speed_10m,wind_gusts_10m,dew_point_2m,relative_humidity_2m,sunshine_duration,direct_normal_irradiance,diffuse_radiation,shortwave_radiation,terrestrial_radiation,direct_normal_irradiance_instant,diffuse_radiation_instant,shortwave_radiation_instant,terrestrial_radiation_instant,is_day&timezone=America/Denver&temperature_unit=fahrenheit&wind_speed_unit=mph&precipitation_unit=inch&elevation=2255.52
Peek 'n Peak - NY|New York|Northeast|14724|1800|1600|1400|400|7|27|110|0.3|33|0.45|49.5|0.25|27.5|42.06|-79.74|487.68|America/New_York|USA|USD|79|79|70|estimate|https://www.onthesnow.com/new-york/peekn-peak/trailmap|https://archive-api.open-meteo.com/v1/archive?latitude=42.06&longitude=-79.74&start_date=1999-06-01&end_date=2026-05-31&hourly=temperature_2m,apparent_temperature,snowfall,snow_depth,rain,cloud_cover,cloud_cover_low,cloud_cover_mid,cloud_cover_high,weather_code,wind_direction_100m,wind_direction_10m,wind_speed_100m,wind_speed_10m,wind_gusts_10m,dew_point_2m,relative_humidity_2m,sunshine_duration,direct_normal_irradiance,diffuse_radiation,shortwave_radiation,terrestrial_radiation,direct_normal_irradiance_instant,diffuse_radiation_instant,shortwave_radiation_instant,terrestrial_radiation_instant,is_day&timezone=America/New_York&temperature_unit=fahrenheit&wind_speed_unit=mph&precipitation_unit=inch&elevation=487.68
Perfect North - IN|Indiana|Midwest|47025|800|600|400|400|11|23|100|0.2|20|0.5|50|0.3|30|39.15|-84.9|182.88|America/Indiana/Indianapolis|USA|USD|79|79|70|estimate|https://www.onthesnow.com/indiana/perfect-north-slopes/trailmap|https://archive-api.open-meteo.com/v1/archive?latitude=39.15&longitude=-84.9&start_date=1999-06-01&end_date=2026-05-31&hourly=temperature_2m,apparent_temperature,snowfall,snow_depth,rain,cloud_cover,cloud_cover_low,cloud_cover_mid,cloud_cover_high,weather_code,wind_direction_100m,wind_direction_10m,wind_speed_100m,wind_speed_10m,wind_gusts_10m,dew_point_2m,relative_humidity_2m,sunshine_duration,direct_normal_irradiance,diffuse_radiation,shortwave_radiation,terrestrial_radiation,direct_normal_irradiance_instant,diffuse_radiation_instant,shortwave_radiation_instant,terrestrial_radiation_instant,is_day&timezone=America/Indiana/Indianapolis&temperature_unit=fahrenheit&wind_speed_unit=mph&precipitation_unit=inch&elevation=182.88
Petoskey - MI|Michigan|Midwest|49770||||200|1|1||||||||45.36|-84.95||America/Detroit|USA|USD||||||https://archive-api.open-meteo.com/v1/archive?latitude=45.36&longitude=-84.95&start_date=1999-06-01&end_date=2026-05-31&hourly=temperature_2m,apparent_temperature,snowfall,snow_depth,rain,cloud_cover,cloud_cover_low,cloud_cover_mid,cloud_cover_high,weather_code,wind_direction_100m,wind_direction_10m,wind_speed_100m,wind_speed_10m,wind_gusts_10m,dew_point_2m,relative_humidity_2m,sunshine_duration,direct_normal_irradiance,diffuse_radiation,shortwave_radiation,terrestrial_radiation,direct_normal_irradiance_instant,diffuse_radiation_instant,shortwave_radiation_instant,terrestrial_radiation_instant,is_day&timezone=America/Detroit&temperature_unit=fahrenheit&wind_speed_unit=mph&precipitation_unit=inch&elevation=
Pico Mountain - VT|Vermont|Northeast|5701|3967|2983.5|2000|1967|7|58|267|0.16|42.72|0.44|117.48|0.41|109.47|43.66|-72.85|909.3708|America/New_York|USA|USD|99|99|87|estimate|https://www.onthesnow.com/vermont/pico-mountain-at-killington/trailmap|https://archive-api.open-meteo.com/v1/archive?latitude=43.66&longitude=-72.85&start_date=1999-06-01&end_date=2026-05-31&hourly=temperature_2m,apparent_temperature,snowfall,snow_depth,rain,cloud_cover,cloud_cover_low,cloud_cover_mid,cloud_cover_high,weather_code,wind_direction_100m,wind_direction_10m,wind_speed_100m,wind_speed_10m,wind_gusts_10m,dew_point_2m,relative_humidity_2m,sunshine_duration,direct_normal_irradiance,diffuse_radiation,shortwave_radiation,terrestrial_radiation,direct_normal_irradiance_instant,diffuse_radiation_instant,shortwave_radiation_instant,terrestrial_radiation_instant,is_day&timezone=America/New_York&temperature_unit=fahrenheit&wind_speed_unit=mph&precipitation_unit=inch&elevation=909.3708
Pico Mountain at Killington - VT|Vermont|Northeast|5751|3967|2983.5|2000|1967|5|58|267|0.16|42.72|0.44|117.48|0.4|106.8|43.65136|-72.840996|909.3708|America/New_York|USA|USD|129|129||published_2627|https://picomountain.com/mountain-report|https://archive-api.open-meteo.com/v1/archive?latitude=43.65136&longitude=-72.840996&start_date=1999-06-01&end_date=2026-05-31&hourly=temperature_2m,apparent_temperature,snowfall,snow_depth,rain,cloud_cover,cloud_cover_low,cloud_cover_mid,cloud_cover_high,weather_code,wind_direction_100m,wind_direction_10m,wind_speed_100m,wind_speed_10m,wind_gusts_10m,dew_point_2m,relative_humidity_2m,sunshine_duration,direct_normal_irradiance,diffuse_radiation,shortwave_radiation,terrestrial_radiation,direct_normal_irradiance_instant,diffuse_radiation_instant,shortwave_radiation_instant,terrestrial_radiation_instant,is_day&timezone=America/New_York&temperature_unit=fahrenheit&wind_speed_unit=mph&precipitation_unit=inch&elevation=909.3708
Pine Knob - MI|Michigan|Midwest|48346|1300|1150|1000|300|12|17|85|0.2|17|0.2|17|0.6|51|42.72|-83.35|350.52|America/Detroit|USA|USD|65|65|57|estimate|https://www.onthesnow.com/michigan/pine-knob-ski-resort/trailmap|https://archive-api.open-meteo.com/v1/archive?latitude=42.72&longitude=-83.35&start_date=1999-06-01&end_date=2026-05-31&hourly=temperature_2m,apparent_temperature,snowfall,snow_depth,rain,cloud_cover,cloud_cover_low,cloud_cover_mid,cloud_cover_high,weather_code,wind_direction_100m,wind_direction_10m,wind_speed_100m,wind_speed_10m,wind_gusts_10m,dew_point_2m,relative_humidity_2m,sunshine_duration,direct_normal_irradiance,diffuse_radiation,shortwave_radiation,terrestrial_radiation,direct_normal_irradiance_instant,diffuse_radiation_instant,shortwave_radiation_instant,terrestrial_radiation_instant,is_day&timezone=America/Detroit&temperature_unit=fahrenheit&wind_speed_unit=mph&precipitation_unit=inch&elevation=350.52
Pine Mountain - MI|Michigan|Midwest|49802|1650|1400|1150|500|5|27|220|1|220|0|0|0|0|45.82|-88.1|426.72|America/Menominee|USA|USD|69|69|61|estimate|https://www.onthesnow.com/michigan/pine-mountain/trailmap|https://archive-api.open-meteo.com/v1/archive?latitude=45.82&longitude=-88.1&start_date=1999-06-01&end_date=2026-05-31&hourly=temperature_2m,apparent_temperature,snowfall,snow_depth,rain,cloud_cover,cloud_cover_low,cloud_cover_mid,cloud_cover_high,weather_code,wind_direction_100m,wind_direction_10m,wind_speed_100m,wind_speed_10m,wind_gusts_10m,dew_point_2m,relative_humidity_2m,sunshine_duration,direct_normal_irradiance,diffuse_radiation,shortwave_radiation,terrestrial_radiation,direct_normal_irradiance_instant,diffuse_radiation_instant,shortwave_radiation_instant,terrestrial_radiation_instant,is_day&timezone=America/Menominee&temperature_unit=fahrenheit&wind_speed_unit=mph&precipitation_unit=inch&elevation=426.72
Plattekill Mountain - NY|New York|Northeast|12464|3300|2750|2200|1100|4|38|110|0.2|22|0.4|44|0.4|44|42.28|-74.65|838.2|America/New_York|USA|USD|79|79|70|estimate|https://www.onthesnow.com/new-york/plattekill-mountain/trailmap|https://archive-api.open-meteo.com/v1/archive?latitude=42.28&longitude=-74.65&start_date=1999-06-01&end_date=2026-05-31&hourly=temperature_2m,apparent_temperature,snowfall,snow_depth,rain,cloud_cover,cloud_cover_low,cloud_cover_mid,cloud_cover_high,weather_code,wind_direction_100m,wind_direction_10m,wind_speed_100m,wind_speed_10m,wind_gusts_10m,dew_point_2m,relative_humidity_2m,sunshine_duration,direct_normal_irradiance,diffuse_radiation,shortwave_radiation,terrestrial_radiation,direct_normal_irradiance_instant,diffuse_radiation_instant,shortwave_radiation_instant,terrestrial_radiation_instant,is_day&timezone=America/New_York&temperature_unit=fahrenheit&wind_speed_unit=mph&precipitation_unit=inch&elevation=838.2
Pomerelle Mountain - ID|Idaho|Northern Rockies||9000|8500|8000|1000|3|24|500|0.4|200|0.4|200|0.2|100|42.28|-113.6|2590.8|America/Denver|USA|USD|65|65|57|estimate|https://www.onthesnow.com/idaho/pomerelle-mountain-resort/trailmap|https://archive-api.open-meteo.com/v1/archive?latitude=42.28&longitude=-113.6&start_date=1999-06-01&end_date=2026-05-31&hourly=temperature_2m,apparent_temperature,snowfall,snow_depth,rain,cloud_cover,cloud_cover_low,cloud_cover_mid,cloud_cover_high,weather_code,wind_direction_100m,wind_direction_10m,wind_speed_100m,wind_speed_10m,wind_gusts_10m,dew_point_2m,relative_humidity_2m,sunshine_duration,direct_normal_irradiance,diffuse_radiation,shortwave_radiation,terrestrial_radiation,direct_normal_irradiance_instant,diffuse_radiation_instant,shortwave_radiation_instant,terrestrial_radiation_instant,is_day&timezone=America/Denver&temperature_unit=fahrenheit&wind_speed_unit=mph&precipitation_unit=inch&elevation=2590.8
Powder Mountain - UT|Utah|Colorado & Utah|84310|9422|8161|6900|2522|9|167|5000|1|5000|0|0|0|0|41.38|-111.78|2487.4728|America/Denver|USA|USD|155|155|116|estimate|https://www.onthesnow.com/utah/powder-mountain/trailmap|https://archive-api.open-meteo.com/v1/archive?latitude=41.38&longitude=-111.78&start_date=1999-06-01&end_date=2026-05-31&hourly=temperature_2m,apparent_temperature,snowfall,snow_depth,rain,cloud_cover,cloud_cover_low,cloud_cover_mid,cloud_cover_high,weather_code,wind_direction_100m,wind_direction_10m,wind_speed_100m,wind_speed_10m,wind_gusts_10m,dew_point_2m,relative_humidity_2m,sunshine_duration,direct_normal_irradiance,diffuse_radiation,shortwave_radiation,terrestrial_radiation,direct_normal_irradiance_instant,diffuse_radiation_instant,shortwave_radiation_instant,terrestrial_radiation_instant,is_day&timezone=America/Denver&temperature_unit=fahrenheit&wind_speed_unit=mph&precipitation_unit=inch&elevation=2487.4728
Powder Ridge - MN|Minnesota|Midwest|55353|1265|1110|955|310|6|15|60|1|60|0|0|0|0|45.42|-94.28|338.328|America/Chicago|USA|USD|65|65|57|estimate|https://www.onthesnow.com/minnesota/powder-ridge-ski-area/trailmap|https://archive-api.open-meteo.com/v1/archive?latitude=45.42&longitude=-94.28&start_date=1999-06-01&end_date=2026-05-31&hourly=temperature_2m,apparent_temperature,snowfall,snow_depth,rain,cloud_cover,cloud_cover_low,cloud_cover_mid,cloud_cover_high,weather_code,wind_direction_100m,wind_direction_10m,wind_speed_100m,wind_speed_10m,wind_gusts_10m,dew_point_2m,relative_humidity_2m,sunshine_duration,direct_normal_irradiance,diffuse_radiation,shortwave_radiation,terrestrial_radiation,direct_normal_irradiance_instant,diffuse_radiation_instant,shortwave_radiation_instant,terrestrial_radiation_instant,is_day&timezone=America/Chicago&temperature_unit=fahrenheit&wind_speed_unit=mph&precipitation_unit=inch&elevation=338.328
Powder Ridge Park - CT|Connecticut|Northeast|6455|720|445|170|550|6|20|80|0.45|36|0.4|32|0.15|12|41.500523|-72.740746|135.636|America/New_York|USA|USD|65|65||published_2627|https://www.onthesnow.com/connecticut/powder-ridge-park/trailmap|https://archive-api.open-meteo.com/v1/archive?latitude=41.500523&longitude=-72.740746&start_date=1999-06-01&end_date=2026-05-31&hourly=temperature_2m,apparent_temperature,snowfall,snow_depth,rain,cloud_cover,cloud_cover_low,cloud_cover_mid,cloud_cover_high,weather_code,wind_direction_100m,wind_direction_10m,wind_speed_100m,wind_speed_10m,wind_gusts_10m,dew_point_2m,relative_humidity_2m,sunshine_duration,direct_normal_irradiance,diffuse_radiation,shortwave_radiation,terrestrial_radiation,direct_normal_irradiance_instant,diffuse_radiation_instant,shortwave_radiation_instant,terrestrial_radiation_instant,is_day&timezone=America/New_York&temperature_unit=fahrenheit&wind_speed_unit=mph&precipitation_unit=inch&elevation=135.636
Powderhorn - CO|Colorado|Colorado & Utah|81520|9850|9025|8200|1650|4|63|1600|0.2|320|0.28|448|0.52|832|39.06|-108.15|2750.82|America/Denver|USA|USD|109|109|96|estimate|https://www.onthesnow.com/colorado/powderhorn/trailmap|https://archive-api.open-meteo.com/v1/archive?latitude=39.06&longitude=-108.15&start_date=1999-06-01&end_date=2026-05-31&hourly=temperature_2m,apparent_temperature,snowfall,snow_depth,rain,cloud_cover,cloud_cover_low,cloud_cover_mid,cloud_cover_high,weather_code,wind_direction_100m,wind_direction_10m,wind_speed_100m,wind_speed_10m,wind_gusts_10m,dew_point_2m,relative_humidity_2m,sunshine_duration,direct_normal_irradiance,diffuse_radiation,shortwave_radiation,terrestrial_radiation,direct_normal_irradiance_instant,diffuse_radiation_instant,shortwave_radiation_instant,terrestrial_radiation_instant,is_day&timezone=America/Denver&temperature_unit=fahrenheit&wind_speed_unit=mph&precipitation_unit=inch&elevation=2750.82
Purgatory - CO|Colorado|Colorado & Utah|81301|10822|9780.5|8739|2029|12|105|1650|0.22|363|0.36|594|0.42|693|37.63|-107.81|2981.0964|America/Denver|USA|USD|149|149|112|estimate|https://www.onthesnow.com/colorado/durango-mountain-resort/trailmap|https://archive-api.open-meteo.com/v1/archive?latitude=37.63&longitude=-107.81&start_date=1999-06-01&end_date=2026-05-31&hourly=temperature_2m,apparent_temperature,snowfall,snow_depth,rain,cloud_cover,cloud_cover_low,cloud_cover_mid,cloud_cover_high,weather_code,wind_direction_100m,wind_direction_10m,wind_speed_100m,wind_speed_10m,wind_gusts_10m,dew_point_2m,relative_humidity_2m,sunshine_duration,direct_normal_irradiance,diffuse_radiation,shortwave_radiation,terrestrial_radiation,direct_normal_irradiance_instant,diffuse_radiation_instant,shortwave_radiation_instant,terrestrial_radiation_instant,is_day&timezone=America/Denver&temperature_unit=fahrenheit&wind_speed_unit=mph&precipitation_unit=inch&elevation=2981.0964
Ragged Mountain - NH|New Hampshire|Northeast|3263|2250|1625|1000|1250|6|57|250|0.3|75|0.26|65|0.44|110|43.47|-71.83|495.3|America/New_York|USA|USD|89|89|78|estimate|https://www.onthesnow.com/new-hampshire/ragged-mountain-resort/trailmap|https://archive-api.open-meteo.com/v1/archive?latitude=43.47&longitude=-71.83&start_date=1999-06-01&end_date=2026-05-31&hourly=temperature_2m,apparent_temperature,snowfall,snow_depth,rain,cloud_cover,cloud_cover_low,cloud_cover_mid,cloud_cover_high,weather_code,wind_direction_100m,wind_direction_10m,wind_speed_100m,wind_speed_10m,wind_gusts_10m,dew_point_2m,relative_humidity_2m,sunshine_duration,direct_normal_irradiance,diffuse_radiation,shortwave_radiation,terrestrial_radiation,direct_normal_irradiance_instant,diffuse_radiation_instant,shortwave_radiation_instant,terrestrial_radiation_instant,is_day&timezone=America/New_York&temperature_unit=fahrenheit&wind_speed_unit=mph&precipitation_unit=inch&elevation=495.3
Red Lodge Mountain - MT|Montana|Northern Rockies|59068|9416|8216|7016|2400|7|70|1635|0.19|310.65|0.25|408.75|0.56|915.6|45.19|-109.35|2504.2368|America/Denver|USA|USD|99|99|87|estimate|https://www.onthesnow.com/montana/red-lodge-mountain/trailmap|https://archive-api.open-meteo.com/v1/archive?latitude=45.19&longitude=-109.35&start_date=1999-06-01&end_date=2026-05-31&hourly=temperature_2m,apparent_temperature,snowfall,snow_depth,rain,cloud_cover,cloud_cover_low,cloud_cover_mid,cloud_cover_high,weather_code,wind_direction_100m,wind_direction_10m,wind_speed_100m,wind_speed_10m,wind_gusts_10m,dew_point_2m,relative_humidity_2m,sunshine_duration,direct_normal_irradiance,diffuse_radiation,shortwave_radiation,terrestrial_radiation,direct_normal_irradiance_instant,diffuse_radiation_instant,shortwave_radiation_instant,terrestrial_radiation_instant,is_day&timezone=America/Denver&temperature_unit=fahrenheit&wind_speed_unit=mph&precipitation_unit=inch&elevation=2504.2368
Red Mountain - BC|British Columbia|Western Canada|V0G 1Y0|6807|5347|3887|2919|8|119|3850|0.17|654.5|0.34|1309|0.49|1886.5|49.1|-117.83|1629.7656|America/Vancouver|Canada|CAD|139|100|104|estimate|https://www.onthesnow.com/british-columbia/red-resort/trailmap|https://archive-api.open-meteo.com/v1/archive?latitude=49.1&longitude=-117.83&start_date=1999-06-01&end_date=2026-05-31&hourly=temperature_2m,apparent_temperature,snowfall,snow_depth,rain,cloud_cover,cloud_cover_low,cloud_cover_mid,cloud_cover_high,weather_code,wind_direction_100m,wind_direction_10m,wind_speed_100m,wind_speed_10m,wind_gusts_10m,dew_point_2m,relative_humidity_2m,sunshine_duration,direct_normal_irradiance,diffuse_radiation,shortwave_radiation,terrestrial_radiation,direct_normal_irradiance_instant,diffuse_radiation_instant,shortwave_radiation_instant,terrestrial_radiation_instant,is_day&timezone=America/Vancouver&temperature_unit=fahrenheit&wind_speed_unit=mph&precipitation_unit=inch&elevation=1629.7656
Red River - NM|New Mexico|Southwest|87558|10350|9550|8750|1600|7|64|285|0.31|88.35|0.31|88.35|0.38|108.3|36.71|-105.41|2910.84|America/Denver|USA|USD|119|119|105|estimate|https://www.onthesnow.com/new-mexico/red-river/trailmap|https://archive-api.open-meteo.com/v1/archive?latitude=36.71&longitude=-105.41&start_date=1999-06-01&end_date=2026-05-31&hourly=temperature_2m,apparent_temperature,snowfall,snow_depth,rain,cloud_cover,cloud_cover_low,cloud_cover_mid,cloud_cover_high,weather_code,wind_direction_100m,wind_direction_10m,wind_speed_100m,wind_speed_10m,wind_gusts_10m,dew_point_2m,relative_humidity_2m,sunshine_duration,direct_normal_irradiance,diffuse_radiation,shortwave_radiation,terrestrial_radiation,direct_normal_irradiance_instant,diffuse_radiation_instant,shortwave_radiation_instant,terrestrial_radiation_instant,is_day&timezone=America/Denver&temperature_unit=fahrenheit&wind_speed_unit=mph&precipitation_unit=inch&elevation=2910.84
Revelstoke - BC|British Columbia|Western Canada|V0E 2S0|7300|4490|1680|5620|5|75|3121|0.29|905.09|0.52|1622.92|0.19|592.99|50.96|-118.16|1368.552|America/Vancouver|Canada|CAD|199|143|149|estimate|https://www.onthesnow.com/british-columbia/revelstoke-mountain/trailmap|https://archive-api.open-meteo.com/v1/archive?latitude=50.96&longitude=-118.16&start_date=1999-06-01&end_date=2026-05-31&hourly=temperature_2m,apparent_temperature,snowfall,snow_depth,rain,cloud_cover,cloud_cover_low,cloud_cover_mid,cloud_cover_high,weather_code,wind_direction_100m,wind_direction_10m,wind_speed_100m,wind_speed_10m,wind_gusts_10m,dew_point_2m,relative_humidity_2m,sunshine_duration,direct_normal_irradiance,diffuse_radiation,shortwave_radiation,terrestrial_radiation,direct_normal_irradiance_instant,diffuse_radiation_instant,shortwave_radiation_instant,terrestrial_radiation_instant,is_day&timezone=America/Vancouver&temperature_unit=fahrenheit&wind_speed_unit=mph&precipitation_unit=inch&elevation=1368.552
Roundtop - PA|Pennsylvania|Mid-Atlantic|17019|1400|1100|800|600|9|20|103|0.28|28.84|0.22|22.66|0.5|51.5|40.08|-76.95|335.28|America/New_York|USA|USD|89|89|78|estimate|https://www.onthesnow.com/pennsylvania/roundtop-mountain-resort/trailmap|https://archive-api.open-meteo.com/v1/archive?latitude=40.08&longitude=-76.95&start_date=1999-06-01&end_date=2026-05-31&hourly=temperature_2m,apparent_temperature,snowfall,snow_depth,rain,cloud_cover,cloud_cover_low,cloud_cover_mid,cloud_cover_high,weather_code,wind_direction_100m,wind_direction_10m,wind_speed_100m,wind_speed_10m,wind_gusts_10m,dew_point_2m,relative_humidity_2m,sunshine_duration,direct_normal_irradiance,diffuse_radiation,shortwave_radiation,terrestrial_radiation,direct_normal_irradiance_instant,diffuse_radiation_instant,shortwave_radiation_instant,terrestrial_radiation_instant,is_day&timezone=America/New_York&temperature_unit=fahrenheit&wind_speed_unit=mph&precipitation_unit=inch&elevation=335.28
Royal Mountain - NY|New York|Northeast|13452|1800|1525|1250|550|3|13|70|0.31|21.7|0.21|14.7|0.48|33.6|43.04|-74.51|464.82|America/New_York|USA|USD|50|50|44|estimate|https://www.onthesnow.com/new-york/royal-mountain-ski-area/trailmap|https://archive-api.open-meteo.com/v1/archive?latitude=43.04&longitude=-74.51&start_date=1999-06-01&end_date=2026-05-31&hourly=temperature_2m,apparent_temperature,snowfall,snow_depth,rain,cloud_cover,cloud_cover_low,cloud_cover_mid,cloud_cover_high,weather_code,wind_direction_100m,wind_direction_10m,wind_speed_100m,wind_speed_10m,wind_gusts_10m,dew_point_2m,relative_humidity_2m,sunshine_duration,direct_normal_irradiance,diffuse_radiation,shortwave_radiation,terrestrial_radiation,direct_normal_irradiance_instant,diffuse_radiation_instant,shortwave_radiation_instant,terrestrial_radiation_instant,is_day&timezone=America/New_York&temperature_unit=fahrenheit&wind_speed_unit=mph&precipitation_unit=inch&elevation=464.82
Saddleback - ME|Maine|Northeast|4970|4120|3120|2120|2000|5|68|600|0.338235|202.941|0.294118|176.4708|0.367647|220.5882|44.94|-70.53|950.976|America/New_York|USA|USD|99|99|87|estimate|https://www.saddlebackmaine.com/trail-maps/|https://archive-api.open-meteo.com/v1/archive?latitude=44.94&longitude=-70.53&start_date=1999-06-01&end_date=2026-05-31&hourly=temperature_2m,apparent_temperature,snowfall,snow_depth,rain,cloud_cover,cloud_cover_low,cloud_cover_mid,cloud_cover_high,weather_code,wind_direction_100m,wind_direction_10m,wind_speed_100m,wind_speed_10m,wind_gusts_10m,dew_point_2m,relative_humidity_2m,sunshine_duration,direct_normal_irradiance,diffuse_radiation,shortwave_radiation,terrestrial_radiation,direct_normal_irradiance_instant,diffuse_radiation_instant,shortwave_radiation_instant,terrestrial_radiation_instant,is_day&timezone=America/New_York&temperature_unit=fahrenheit&wind_speed_unit=mph&precipitation_unit=inch&elevation=950.976
Sandia Peak - NM|New Mexico|Southwest|87122|10378|9528|8678|1700|4|35|300|0.23|69|0.49|147|0.29|87|35.21|-106.41|2904.1344|America/Denver|USA|USD|79|79|70|estimate|https://www.onthesnow.com/new-mexico/sandia-peak/trailmap|https://archive-api.open-meteo.com/v1/archive?latitude=35.21&longitude=-106.41&start_date=1999-06-01&end_date=2026-05-31&hourly=temperature_2m,apparent_temperature,snowfall,snow_depth,rain,cloud_cover,cloud_cover_low,cloud_cover_mid,cloud_cover_high,weather_code,wind_direction_100m,wind_direction_10m,wind_speed_100m,wind_speed_10m,wind_gusts_10m,dew_point_2m,relative_humidity_2m,sunshine_duration,direct_normal_irradiance,diffuse_radiation,shortwave_radiation,terrestrial_radiation,direct_normal_irradiance_instant,diffuse_radiation_instant,shortwave_radiation_instant,terrestrial_radiation_instant,is_day&timezone=America/Denver&temperature_unit=fahrenheit&wind_speed_unit=mph&precipitation_unit=inch&elevation=2904.1344
Sapphire Valley - NC|North Carolina|Southeast||3500|3400|3300|200|3|2|8|0.5|4|0.5|4|0|0|35.1|-83.03|1036.32|America/New_York|USA|USD|55|55|48|estimate|https://www.onthesnow.com/north-carolina/sapphire-valley/trailmap|https://archive-api.open-meteo.com/v1/archive?latitude=35.1&longitude=-83.03&start_date=1999-06-01&end_date=2026-05-31&hourly=temperature_2m,apparent_temperature,snowfall,snow_depth,rain,cloud_cover,cloud_cover_low,cloud_cover_mid,cloud_cover_high,weather_code,wind_direction_100m,wind_direction_10m,wind_speed_100m,wind_speed_10m,wind_gusts_10m,dew_point_2m,relative_humidity_2m,sunshine_duration,direct_normal_irradiance,diffuse_radiation,shortwave_radiation,terrestrial_radiation,direct_normal_irradiance_instant,diffuse_radiation_instant,shortwave_radiation_instant,terrestrial_radiation_instant,is_day&timezone=America/New_York&temperature_unit=fahrenheit&wind_speed_unit=mph&precipitation_unit=inch&elevation=1036.32
Sasquatch Mountain - BC|British Columbia|Western Canada||4570|3970|3370|1200|4|34|300|0.19|57|0.33|99|0.49|147|49.38|-121.94|1210.056|America/Vancouver|Canada|CAD|79|57|70|estimate|https://www.onthesnow.com/british-columbia/hemlock-valley-resort/trailmap|https://archive-api.open-meteo.com/v1/archive?latitude=49.38&longitude=-121.94&start_date=1999-06-01&end_date=2026-05-31&hourly=temperature_2m,apparent_temperature,snowfall,snow_depth,rain,cloud_cover,cloud_cover_low,cloud_cover_mid,cloud_cover_high,weather_code,wind_direction_100m,wind_direction_10m,wind_speed_100m,wind_speed_10m,wind_gusts_10m,dew_point_2m,relative_humidity_2m,sunshine_duration,direct_normal_irradiance,diffuse_radiation,shortwave_radiation,terrestrial_radiation,direct_normal_irradiance_instant,diffuse_radiation_instant,shortwave_radiation_instant,terrestrial_radiation_instant,is_day&timezone=America/Vancouver&temperature_unit=fahrenheit&wind_speed_unit=mph&precipitation_unit=inch&elevation=1210.056
Sawkill - NY|New York|Northeast|12586||||70|1|2||||||||41.6|-74.18||America/New_York|USA|USD||||||https://archive-api.open-meteo.com/v1/archive?latitude=41.6&longitude=-74.18&start_date=1999-06-01&end_date=2026-05-31&hourly=temperature_2m,apparent_temperature,snowfall,snow_depth,rain,cloud_cover,cloud_cover_low,cloud_cover_mid,cloud_cover_high,weather_code,wind_direction_100m,wind_direction_10m,wind_speed_100m,wind_speed_10m,wind_gusts_10m,dew_point_2m,relative_humidity_2m,sunshine_duration,direct_normal_irradiance,diffuse_radiation,shortwave_radiation,terrestrial_radiation,direct_normal_irradiance_instant,diffuse_radiation_instant,shortwave_radiation_instant,terrestrial_radiation_instant,is_day&timezone=America/New_York&temperature_unit=fahrenheit&wind_speed_unit=mph&precipitation_unit=inch&elevation=
Schweitzer - ID|Idaho|Pacific Northwest|83864|6400|5200|4000|2400|10|92|2900|0.1|290|0.4|1160|0.5|1450|48.37|-116.62|1584.96|America/Los_Angeles|USA|USD|145|145|109|estimate|https://www.onthesnow.com/idaho/schweitzer/trailmap|https://archive-api.open-meteo.com/v1/archive?latitude=48.37&longitude=-116.62&start_date=1999-06-01&end_date=2026-05-31&hourly=temperature_2m,apparent_temperature,snowfall,snow_depth,rain,cloud_cover,cloud_cover_low,cloud_cover_mid,cloud_cover_high,weather_code,wind_direction_100m,wind_direction_10m,wind_speed_100m,wind_speed_10m,wind_gusts_10m,dew_point_2m,relative_humidity_2m,sunshine_duration,direct_normal_irradiance,diffuse_radiation,shortwave_radiation,terrestrial_radiation,direct_normal_irradiance_instant,diffuse_radiation_instant,shortwave_radiation_instant,terrestrial_radiation_instant,is_day&timezone=America/Los_Angeles&temperature_unit=fahrenheit&wind_speed_unit=mph&precipitation_unit=inch&elevation=1584.96
Searchmont - ON|Ontario|Eastern Canada||1500|1150|800|700|4|24|60|0.2|12|0.6|36|0.2|12|46.79|-84.06|350.52|America/Toronto|Canada|CAD|79|57|70|estimate|https://www.onthesnow.com/ontario/searchmont-resort/trailmap|https://archive-api.open-meteo.com/v1/archive?latitude=46.79&longitude=-84.06&start_date=1999-06-01&end_date=2026-05-31&hourly=temperature_2m,apparent_temperature,snowfall,snow_depth,rain,cloud_cover,cloud_cover_low,cloud_cover_mid,cloud_cover_high,weather_code,wind_direction_100m,wind_direction_10m,wind_speed_100m,wind_speed_10m,wind_gusts_10m,dew_point_2m,relative_humidity_2m,sunshine_duration,direct_normal_irradiance,diffuse_radiation,shortwave_radiation,terrestrial_radiation,direct_normal_irradiance_instant,diffuse_radiation_instant,shortwave_radiation_instant,terrestrial_radiation_instant,is_day&timezone=America/Toronto&temperature_unit=fahrenheit&wind_speed_unit=mph&precipitation_unit=inch&elevation=350.52
Seven Oaks - IA|Iowa|Midwest|50039|1180|1042.5|905|275|4|11|35|0.25|8.75|0.5|17.5|0.25|8.75|41.83|-93.99|317.754|America/Chicago|USA|USD|55|55|48|estimate|https://www.onthesnow.com/iowa/seven-oaks/trailmap|https://archive-api.open-meteo.com/v1/archive?latitude=41.83&longitude=-93.99&start_date=1999-06-01&end_date=2026-05-31&hourly=temperature_2m,apparent_temperature,snowfall,snow_depth,rain,cloud_cover,cloud_cover_low,cloud_cover_mid,cloud_cover_high,weather_code,wind_direction_100m,wind_direction_10m,wind_speed_100m,wind_speed_10m,wind_gusts_10m,dew_point_2m,relative_humidity_2m,sunshine_duration,direct_normal_irradiance,diffuse_radiation,shortwave_radiation,terrestrial_radiation,direct_normal_irradiance_instant,diffuse_radiation_instant,shortwave_radiation_instant,terrestrial_radiation_instant,is_day&timezone=America/Chicago&temperature_unit=fahrenheit&wind_speed_unit=mph&precipitation_unit=inch&elevation=317.754
Seven Springs - PA|Pennsylvania|Mid-Atlantic|15622|2994|2617|2240|750|14|33|285|0.38|108.3|0.36|102.6|0.26|74.1|40.02|-79.29|797.6616|America/New_York|USA|USD|129|129|97|estimate|https://www.onthesnow.com/pennsylvania/seven-springs/trailmap|https://archive-api.open-meteo.com/v1/archive?latitude=40.02&longitude=-79.29&start_date=1999-06-01&end_date=2026-05-31&hourly=temperature_2m,apparent_temperature,snowfall,snow_depth,rain,cloud_cover,cloud_cover_low,cloud_cover_mid,cloud_cover_high,weather_code,wind_direction_100m,wind_direction_10m,wind_speed_100m,wind_speed_10m,wind_gusts_10m,dew_point_2m,relative_humidity_2m,sunshine_duration,direct_normal_irradiance,diffuse_radiation,shortwave_radiation,terrestrial_radiation,direct_normal_irradiance_instant,diffuse_radiation_instant,shortwave_radiation_instant,terrestrial_radiation_instant,is_day&timezone=America/New_York&temperature_unit=fahrenheit&wind_speed_unit=mph&precipitation_unit=inch&elevation=797.6616
Shanty Creek - MI|Michigan|Midwest|49615|1125|900|675|450|12|53|80|0.29|23.2|0.26|20.8|0.45|36|44.92|-85.18|274.32|America/Detroit|USA|USD|79|79|70|estimate|https://www.onthesnow.com/michigan/shanty-creek/trailmap|https://archive-api.open-meteo.com/v1/archive?latitude=44.92&longitude=-85.18&start_date=1999-06-01&end_date=2026-05-31&hourly=temperature_2m,apparent_temperature,snowfall,snow_depth,rain,cloud_cover,cloud_cover_low,cloud_cover_mid,cloud_cover_high,weather_code,wind_direction_100m,wind_direction_10m,wind_speed_100m,wind_speed_10m,wind_gusts_10m,dew_point_2m,relative_humidity_2m,sunshine_duration,direct_normal_irradiance,diffuse_radiation,shortwave_radiation,terrestrial_radiation,direct_normal_irradiance_instant,diffuse_radiation_instant,shortwave_radiation_instant,terrestrial_radiation_instant,is_day&timezone=America/Detroit&temperature_unit=fahrenheit&wind_speed_unit=mph&precipitation_unit=inch&elevation=274.32
Shawnee Mountain - PA|Pennsylvania|Mid-Atlantic|18356|1350|1000|650|700|9|27|125|0.43|53.75|0.3|37.5|0.26|32.5|41.03|-75.07|304.8|America/New_York|USA|USD|79|79|70|estimate|https://www.onthesnow.com/pennsylvania/shawnee-mountain-ski-area/trailmap|https://archive-api.open-meteo.com/v1/archive?latitude=41.03&longitude=-75.07&start_date=1999-06-01&end_date=2026-05-31&hourly=temperature_2m,apparent_temperature,snowfall,snow_depth,rain,cloud_cover,cloud_cover_low,cloud_cover_mid,cloud_cover_high,weather_code,wind_direction_100m,wind_direction_10m,wind_speed_100m,wind_speed_10m,wind_gusts_10m,dew_point_2m,relative_humidity_2m,sunshine_duration,direct_normal_irradiance,diffuse_radiation,shortwave_radiation,terrestrial_radiation,direct_normal_irradiance_instant,diffuse_radiation_instant,shortwave_radiation_instant,terrestrial_radiation_instant,is_day&timezone=America/New_York&temperature_unit=fahrenheit&wind_speed_unit=mph&precipitation_unit=inch&elevation=304.8
Shawnee Peak - ME|Maine|Northeast|4009|1900|1250|600|1350|5|40|239|0.25|59.75|0.45|107.55|0.3|71.7|44.058994|-70.815536|381|America/New_York|USA|USD|||||https://www.onthesnow.com/maine/pleasant-mountain/trailmap|https://archive-api.open-meteo.com/v1/archive?latitude=44.058994&longitude=-70.815536&start_date=1999-06-01&end_date=2026-05-31&hourly=temperature_2m,apparent_temperature,snowfall,snow_depth,rain,cloud_cover,cloud_cover_low,cloud_cover_mid,cloud_cover_high,weather_code,wind_direction_100m,wind_direction_10m,wind_speed_100m,wind_speed_10m,wind_gusts_10m,dew_point_2m,relative_humidity_2m,sunshine_duration,direct_normal_irradiance,diffuse_radiation,shortwave_radiation,terrestrial_radiation,direct_normal_irradiance_instant,diffuse_radiation_instant,shortwave_radiation_instant,terrestrial_radiation_instant,is_day&timezone=America/New_York&temperature_unit=fahrenheit&wind_speed_unit=mph&precipitation_unit=inch&elevation=381
Showdown Montana - MT|Montana|Northern Rockies||8200|7500|6800|1400|4|34|640|0.28|179.2|0.44|281.6|0.28|179.2|46.834595|-110.70396|2286|America/Denver|USA|USD|70|70||published_2526|https://www.onthesnow.com/montana/showdown-ski-area/trailmap|https://archive-api.open-meteo.com/v1/archive?latitude=46.834595&longitude=-110.70396&start_date=1999-06-01&end_date=2026-05-31&hourly=temperature_2m,apparent_temperature,snowfall,snow_depth,rain,cloud_cover,cloud_cover_low,cloud_cover_mid,cloud_cover_high,weather_code,wind_direction_100m,wind_direction_10m,wind_speed_100m,wind_speed_10m,wind_gusts_10m,dew_point_2m,relative_humidity_2m,sunshine_duration,direct_normal_irradiance,diffuse_radiation,shortwave_radiation,terrestrial_radiation,direct_normal_irradiance_instant,diffuse_radiation_instant,shortwave_radiation_instant,terrestrial_radiation_instant,is_day&timezone=America/Denver&temperature_unit=fahrenheit&wind_speed_unit=mph&precipitation_unit=inch&elevation=2286
Sierra-at-Tahoe - CA|California|Sierra Nevada|95735|8852|7746|6640|2212|12|46|2000|0.21|420|0.32|640|0.47|940|38.8|-120.08|2360.9808|America/Los_Angeles|USA|USD|159|159|119|estimate|https://www.onthesnow.com/california/sierra-at-tahoe/trailmap|https://archive-api.open-meteo.com/v1/archive?latitude=38.8&longitude=-120.08&start_date=1999-06-01&end_date=2026-05-31&hourly=temperature_2m,apparent_temperature,snowfall,snow_depth,rain,cloud_cover,cloud_cover_low,cloud_cover_mid,cloud_cover_high,weather_code,wind_direction_100m,wind_direction_10m,wind_speed_100m,wind_speed_10m,wind_gusts_10m,dew_point_2m,relative_humidity_2m,sunshine_duration,direct_normal_irradiance,diffuse_radiation,shortwave_radiation,terrestrial_radiation,direct_normal_irradiance_instant,diffuse_radiation_instant,shortwave_radiation_instant,terrestrial_radiation_instant,is_day&timezone=America/Los_Angeles&temperature_unit=fahrenheit&wind_speed_unit=mph&precipitation_unit=inch&elevation=2360.9808
Silver Mountain - ID|Idaho|Pacific Northwest|83837|6300|5200|4100|2200|7|73|1600|0.2|320|0.4|640|0.4|640|47.5|-116.14|1584.96|America/Los_Angeles|USA|USD|89|89|78|estimate|https://www.onthesnow.com/idaho/silver-mountain/trailmap|https://archive-api.open-meteo.com/v1/archive?latitude=47.5&longitude=-116.14&start_date=1999-06-01&end_date=2026-05-31&hourly=temperature_2m,apparent_temperature,snowfall,snow_depth,rain,cloud_cover,cloud_cover_low,cloud_cover_mid,cloud_cover_high,weather_code,wind_direction_100m,wind_direction_10m,wind_speed_100m,wind_speed_10m,wind_gusts_10m,dew_point_2m,relative_humidity_2m,sunshine_duration,direct_normal_irradiance,diffuse_radiation,shortwave_radiation,terrestrial_radiation,direct_normal_irradiance_instant,diffuse_radiation_instant,shortwave_radiation_instant,terrestrial_radiation_instant,is_day&timezone=America/Los_Angeles&temperature_unit=fahrenheit&wind_speed_unit=mph&precipitation_unit=inch&elevation=1584.96
SilverStar - BC|British Columbia|Western Canada|V1B 3M1|6280|5030|3780|2500|12|132|3304|0.11|363.44|0.41|1354.64|0.47|1552.88|50.36|-119.06|1533.144|America/Vancouver|Canada|CAD|145|104|89|published_2526|https://www.onthesnow.com/british-columbia/silver-star/trailmap|https://archive-api.open-meteo.com/v1/archive?latitude=50.36&longitude=-119.06&start_date=1999-06-01&end_date=2026-05-31&hourly=temperature_2m,apparent_temperature,snowfall,snow_depth,rain,cloud_cover,cloud_cover_low,cloud_cover_mid,cloud_cover_high,weather_code,wind_direction_100m,wind_direction_10m,wind_speed_100m,wind_speed_10m,wind_gusts_10m,dew_point_2m,relative_humidity_2m,sunshine_duration,direct_normal_irradiance,diffuse_radiation,shortwave_radiation,terrestrial_radiation,direct_normal_irradiance_instant,diffuse_radiation_instant,shortwave_radiation_instant,terrestrial_radiation_instant,is_day&timezone=America/Vancouver&temperature_unit=fahrenheit&wind_speed_unit=mph&precipitation_unit=inch&elevation=1533.144
Silverton Mountain - CO|Colorado|Colorado & Utah|81433|13487|11943.5|10400|3087|1|69|26819|0|0|0|0|1|26819|37.89|-107.66|3640.3788|America/Denver|USA|USD|199|199|149|estimate|https://www.onthesnow.com/colorado/silverton-mountain/trailmap|https://archive-api.open-meteo.com/v1/archive?latitude=37.89&longitude=-107.66&start_date=1999-06-01&end_date=2026-05-31&hourly=temperature_2m,apparent_temperature,snowfall,snow_depth,rain,cloud_cover,cloud_cover_low,cloud_cover_mid,cloud_cover_high,weather_code,wind_direction_100m,wind_direction_10m,wind_speed_100m,wind_speed_10m,wind_gusts_10m,dew_point_2m,relative_humidity_2m,sunshine_duration,direct_normal_irradiance,diffuse_radiation,shortwave_radiation,terrestrial_radiation,direct_normal_irradiance_instant,diffuse_radiation_instant,shortwave_radiation_instant,terrestrial_radiation_instant,is_day&timezone=America/Denver&temperature_unit=fahrenheit&wind_speed_unit=mph&precipitation_unit=inch&elevation=3640.3788
Sipapu - NM|New Mexico|Southwest|87579|9255|8727.5|8200|1055|5|41|200|0.2|40|0.4|80|0.4|80|36.14|-105.55|2660.142|America/Denver|USA|USD|79|79|70|estimate|https://www.onthesnow.com/new-mexico/sipapu-ski-and-summer-resort/trailmap|https://archive-api.open-meteo.com/v1/archive?latitude=36.14&longitude=-105.55&start_date=1999-06-01&end_date=2026-05-31&hourly=temperature_2m,apparent_temperature,snowfall,snow_depth,rain,cloud_cover,cloud_cover_low,cloud_cover_mid,cloud_cover_high,weather_code,wind_direction_100m,wind_direction_10m,wind_speed_100m,wind_speed_10m,wind_gusts_10m,dew_point_2m,relative_humidity_2m,sunshine_duration,direct_normal_irradiance,diffuse_radiation,shortwave_radiation,terrestrial_radiation,direct_normal_irradiance_instant,diffuse_radiation_instant,shortwave_radiation_instant,terrestrial_radiation_instant,is_day&timezone=America/Denver&temperature_unit=fahrenheit&wind_speed_unit=mph&precipitation_unit=inch&elevation=2660.142
Ski Apache - NM|New Mexico|Southwest|88345|11500|10550|9600|1900|9|55|750|1|750|0|0|0|0|33.4|-105.79|3215.64|America/Denver|USA|USD|109|109|96|estimate|https://www.onthesnow.com/new-mexico/ski-apache/trailmap|https://archive-api.open-meteo.com/v1/archive?latitude=33.4&longitude=-105.79&start_date=1999-06-01&end_date=2026-05-31&hourly=temperature_2m,apparent_temperature,snowfall,snow_depth,rain,cloud_cover,cloud_cover_low,cloud_cover_mid,cloud_cover_high,weather_code,wind_direction_100m,wind_direction_10m,wind_speed_100m,wind_speed_10m,wind_gusts_10m,dew_point_2m,relative_humidity_2m,sunshine_duration,direct_normal_irradiance,diffuse_radiation,shortwave_radiation,terrestrial_radiation,direct_normal_irradiance_instant,diffuse_radiation_instant,shortwave_radiation_instant,terrestrial_radiation_instant,is_day&timezone=America/Denver&temperature_unit=fahrenheit&wind_speed_unit=mph&precipitation_unit=inch&elevation=3215.64
Ski Big Bear - PA|Pennsylvania|Mid-Atlantic|18438|1600|1275|950|650|6|18|26|0.33|8.58|0.33|8.58|0.34|8.84|41.42|-75.25|388.62|America/New_York|USA|USD|55|55|48|estimate|https://www.onthesnow.com/pennsylvania/big-bear/trailmap|https://archive-api.open-meteo.com/v1/archive?latitude=41.42&longitude=-75.25&start_date=1999-06-01&end_date=2026-05-31&hourly=temperature_2m,apparent_temperature,snowfall,snow_depth,rain,cloud_cover,cloud_cover_low,cloud_cover_mid,cloud_cover_high,weather_code,wind_direction_100m,wind_direction_10m,wind_speed_100m,wind_speed_10m,wind_gusts_10m,dew_point_2m,relative_humidity_2m,sunshine_duration,direct_normal_irradiance,diffuse_radiation,shortwave_radiation,terrestrial_radiation,direct_normal_irradiance_instant,diffuse_radiation_instant,shortwave_radiation_instant,terrestrial_radiation_instant,is_day&timezone=America/New_York&temperature_unit=fahrenheit&wind_speed_unit=mph&precipitation_unit=inch&elevation=388.62
Ski Bluewood - WA|Washington|Pacific Northwest|99359|5670|5107.5|4545|1125|3|24|355|0.17|60.35|0.45|159.75|0.38|134.9|46.1|-117.83|1556.766|America/Los_Angeles|USA|USD|79|79|70|estimate|https://www.onthesnow.com/washington/bluewood/trailmap|https://archive-api.open-meteo.com/v1/archive?latitude=46.1&longitude=-117.83&start_date=1999-06-01&end_date=2026-05-31&hourly=temperature_2m,apparent_temperature,snowfall,snow_depth,rain,cloud_cover,cloud_cover_low,cloud_cover_mid,cloud_cover_high,weather_code,wind_direction_100m,wind_direction_10m,wind_speed_100m,wind_speed_10m,wind_gusts_10m,dew_point_2m,relative_humidity_2m,sunshine_duration,direct_normal_irradiance,diffuse_radiation,shortwave_radiation,terrestrial_radiation,direct_normal_irradiance_instant,diffuse_radiation_instant,shortwave_radiation_instant,terrestrial_radiation_instant,is_day&timezone=America/Los_Angeles&temperature_unit=fahrenheit&wind_speed_unit=mph&precipitation_unit=inch&elevation=1556.766
Ski Bradford - MA|Massachusetts|Northeast|1830|1548|1424|1300|248|10|15|48|0.1|4.8|0.8|38.4|0.1|4.8|42.79|-71.06|434.0352|America/New_York|USA|USD|79|79|70|estimate|https://www.onthesnow.com/massachusetts/bradford-ski-area/trailmap|https://archive-api.open-meteo.com/v1/archive?latitude=42.79&longitude=-71.06&start_date=1999-06-01&end_date=2026-05-31&hourly=temperature_2m,apparent_temperature,snowfall,snow_depth,rain,cloud_cover,cloud_cover_low,cloud_cover_mid,cloud_cover_high,weather_code,wind_direction_100m,wind_direction_10m,wind_speed_100m,wind_speed_10m,wind_gusts_10m,dew_point_2m,relative_humidity_2m,sunshine_duration,direct_normal_irradiance,diffuse_radiation,shortwave_radiation,terrestrial_radiation,direct_normal_irradiance_instant,diffuse_radiation_instant,shortwave_radiation_instant,terrestrial_radiation_instant,is_day&timezone=America/New_York&temperature_unit=fahrenheit&wind_speed_unit=mph&precipitation_unit=inch&elevation=434.0352
Ski Brule - MI|Michigan|Midwest|49927|1861|1611|1361|500|10|17|150|0.35|52.5|0.35|52.5|0.3|45|46.02|-88.65|491.0328|America/Menominee|USA|USD|79|79|70|estimate|https://www.onthesnow.com/michigan/ski-brule/trailmap|https://archive-api.open-meteo.com/v1/archive?latitude=46.02&longitude=-88.65&start_date=1999-06-01&end_date=2026-05-31&hourly=temperature_2m,apparent_temperature,snowfall,snow_depth,rain,cloud_cover,cloud_cover_low,cloud_cover_mid,cloud_cover_high,weather_code,wind_direction_100m,wind_direction_10m,wind_speed_100m,wind_speed_10m,wind_gusts_10m,dew_point_2m,relative_humidity_2m,sunshine_duration,direct_normal_irradiance,diffuse_radiation,shortwave_radiation,terrestrial_radiation,direct_normal_irradiance_instant,diffuse_radiation_instant,shortwave_radiation_instant,terrestrial_radiation_instant,is_day&timezone=America/Menominee&temperature_unit=fahrenheit&wind_speed_unit=mph&precipitation_unit=inch&elevation=491.0328
Ski Butternut - MA|Massachusetts|Northeast|1230|1800|1300|800|1000|10|22|100|0.36|36|0.36|36|0.27|27|42.16|-73.32|396.24|America/New_York|USA|USD|89|89|78|estimate|https://www.onthesnow.com/massachusetts/ski-butternut/trailmap|https://archive-api.open-meteo.com/v1/archive?latitude=42.16&longitude=-73.32&start_date=1999-06-01&end_date=2026-05-31&hourly=temperature_2m,apparent_temperature,snowfall,snow_depth,rain,cloud_cover,cloud_cover_low,cloud_cover_mid,cloud_cover_high,weather_code,wind_direction_100m,wind_direction_10m,wind_speed_100m,wind_speed_10m,wind_gusts_10m,dew_point_2m,relative_humidity_2m,sunshine_duration,direct_normal_irradiance,diffuse_radiation,shortwave_radiation,terrestrial_radiation,direct_normal_irradiance_instant,diffuse_radiation_instant,shortwave_radiation_instant,terrestrial_radiation_instant,is_day&timezone=America/New_York&temperature_unit=fahrenheit&wind_speed_unit=mph&precipitation_unit=inch&elevation=396.24
Ski Cooper - CO|Colorado|Colorado & Utah|80461|11700|11100|10500|1200|5|60|480|0.19|91.2|0.27|129.6|0.55|264|39.36|-106.3|3383.28|America/Denver|USA|USD|89|89|78|estimate|https://www.onthesnow.com/colorado/ski-cooper/trailmap|https://archive-api.open-meteo.com/v1/archive?latitude=39.36&longitude=-106.3&start_date=1999-06-01&end_date=2026-05-31&hourly=temperature_2m,apparent_temperature,snowfall,snow_depth,rain,cloud_cover,cloud_cover_low,cloud_cover_mid,cloud_cover_high,weather_code,wind_direction_100m,wind_direction_10m,wind_speed_100m,wind_speed_10m,wind_gusts_10m,dew_point_2m,relative_humidity_2m,sunshine_duration,direct_normal_irradiance,diffuse_radiation,shortwave_radiation,terrestrial_radiation,direct_normal_irradiance_instant,diffuse_radiation_instant,shortwave_radiation_instant,terrestrial_radiation_instant,is_day&timezone=America/Denver&temperature_unit=fahrenheit&wind_speed_unit=mph&precipitation_unit=inch&elevation=3383.28
Ski Denton - PA|Pennsylvania|Mid-Atlantic||2500|2175|1850|650|4|22||||||||41.72|-77.75|662.94|America/New_York|USA|USD|55|55|48|estimate||https://archive-api.open-meteo.com/v1/archive?latitude=41.72&longitude=-77.75&start_date=1999-06-01&end_date=2026-05-31&hourly=temperature_2m,apparent_temperature,snowfall,snow_depth,rain,cloud_cover,cloud_cover_low,cloud_cover_mid,cloud_cover_high,weather_code,wind_direction_100m,wind_direction_10m,wind_speed_100m,wind_speed_10m,wind_gusts_10m,dew_point_2m,relative_humidity_2m,sunshine_duration,direct_normal_irradiance,diffuse_radiation,shortwave_radiation,terrestrial_radiation,direct_normal_irradiance_instant,diffuse_radiation_instant,shortwave_radiation_instant,terrestrial_radiation_instant,is_day&timezone=America/New_York&temperature_unit=fahrenheit&wind_speed_unit=mph&precipitation_unit=inch&elevation=662.94
Ski Granby Ranch - CO|Colorado|Colorado & Utah|80446|9202|8702|8202|1000|5|40|406|0.31|125.86|0.42|170.52|0.27|109.62|40.05|-105.9|2652.3696|America/Denver|USA|USD|99|99|87|estimate|https://www.onthesnow.com/colorado/ski-granby-ranch/trailmap|https://archive-api.open-meteo.com/v1/archive?latitude=40.05&longitude=-105.9&start_date=1999-06-01&end_date=2026-05-31&hourly=temperature_2m,apparent_temperature,snowfall,snow_depth,rain,cloud_cover,cloud_cover_low,cloud_cover_mid,cloud_cover_high,weather_code,wind_direction_100m,wind_direction_10m,wind_speed_100m,wind_speed_10m,wind_gusts_10m,dew_point_2m,relative_humidity_2m,sunshine_duration,direct_normal_irradiance,diffuse_radiation,shortwave_radiation,terrestrial_radiation,direct_normal_irradiance_instant,diffuse_radiation_instant,shortwave_radiation_instant,terrestrial_radiation_instant,is_day&timezone=America/Denver&temperature_unit=fahrenheit&wind_speed_unit=mph&precipitation_unit=inch&elevation=2652.3696
Ski Santa Fe - NM|New Mexico|Southwest|87501|12075|11212.5|10350|1725|7|83|660|0.17|112.2|0.31|204.6|0.52|343.2|35.8|-105.8|3417.57|America/Denver|USA|USD|129|129|97|estimate|https://www.onthesnow.com/new-mexico/ski-santa-fe/trailmap|https://archive-api.open-meteo.com/v1/archive?latitude=35.8&longitude=-105.8&start_date=1999-06-01&end_date=2026-05-31&hourly=temperature_2m,apparent_temperature,snowfall,snow_depth,rain,cloud_cover,cloud_cover_low,cloud_cover_mid,cloud_cover_high,weather_code,wind_direction_100m,wind_direction_10m,wind_speed_100m,wind_speed_10m,wind_gusts_10m,dew_point_2m,relative_humidity_2m,sunshine_duration,direct_normal_irradiance,diffuse_radiation,shortwave_radiation,terrestrial_radiation,direct_normal_irradiance_instant,diffuse_radiation_instant,shortwave_radiation_instant,terrestrial_radiation_instant,is_day&timezone=America/Denver&temperature_unit=fahrenheit&wind_speed_unit=mph&precipitation_unit=inch&elevation=3417.57
Ski Sawmill - PA|Pennsylvania|Mid-Atlantic||2215|1957.5|1700|515|5|12|15|0.31|4.65|0.31|4.65|0.38|5.7|41.52|-77.29|596.646|America/New_York|USA|USD|45|45|40|estimate|https://www.onthesnow.com/pennsylvania/ski-sawmill/trailmap|https://archive-api.open-meteo.com/v1/archive?latitude=41.52&longitude=-77.29&start_date=1999-06-01&end_date=2026-05-31&hourly=temperature_2m,apparent_temperature,snowfall,snow_depth,rain,cloud_cover,cloud_cover_low,cloud_cover_mid,cloud_cover_high,weather_code,wind_direction_100m,wind_direction_10m,wind_speed_100m,wind_speed_10m,wind_gusts_10m,dew_point_2m,relative_humidity_2m,sunshine_duration,direct_normal_irradiance,diffuse_radiation,shortwave_radiation,terrestrial_radiation,direct_normal_irradiance_instant,diffuse_radiation_instant,shortwave_radiation_instant,terrestrial_radiation_instant,is_day&timezone=America/New_York&temperature_unit=fahrenheit&wind_speed_unit=mph&precipitation_unit=inch&elevation=596.646
Ski Sundown - CT|Connecticut|Northeast|6019|1075|762.5|450|625|5|16|70|0.53|37.1|0.24|16.8|0.24|16.8|41.88|-72.94|232.41|America/New_York|USA|USD|79|79|70|estimate|https://www.onthesnow.com/connecticut/ski-sundown/trailmap|https://archive-api.open-meteo.com/v1/archive?latitude=41.88&longitude=-72.94&start_date=1999-06-01&end_date=2026-05-31&hourly=temperature_2m,apparent_temperature,snowfall,snow_depth,rain,cloud_cover,cloud_cover_low,cloud_cover_mid,cloud_cover_high,weather_code,wind_direction_100m,wind_direction_10m,wind_speed_100m,wind_speed_10m,wind_gusts_10m,dew_point_2m,relative_humidity_2m,sunshine_duration,direct_normal_irradiance,diffuse_radiation,shortwave_radiation,terrestrial_radiation,direct_normal_irradiance_instant,diffuse_radiation_instant,shortwave_radiation_instant,terrestrial_radiation_instant,is_day&timezone=America/New_York&temperature_unit=fahrenheit&wind_speed_unit=mph&precipitation_unit=inch&elevation=232.41
Ski Ward - MA|Massachusetts|Northeast|1505|410|305|200|220|6|9|45|0.33|14.85|0.33|14.85|0.33|14.85|42.35|-71.72|92.964|America/New_York|USA|USD|55|55|48|estimate|https://www.onthesnow.com/massachusetts/ski-ward/trailmap|https://archive-api.open-meteo.com/v1/archive?latitude=42.35&longitude=-71.72&start_date=1999-06-01&end_date=2026-05-31&hourly=temperature_2m,apparent_temperature,snowfall,snow_depth,rain,cloud_cover,cloud_cover_low,cloud_cover_mid,cloud_cover_high,weather_code,wind_direction_100m,wind_direction_10m,wind_speed_100m,wind_speed_10m,wind_gusts_10m,dew_point_2m,relative_humidity_2m,sunshine_duration,direct_normal_irradiance,diffuse_radiation,shortwave_radiation,terrestrial_radiation,direct_normal_irradiance_instant,diffuse_radiation_instant,shortwave_radiation_instant,terrestrial_radiation_instant,is_day&timezone=America/New_York&temperature_unit=fahrenheit&wind_speed_unit=mph&precipitation_unit=inch&elevation=92.964
Sleeping Giant - WY|Wyoming|Northern Rockies||7428|7023.5|6619|810|2|49|184|0.16|29.44|0.37|68.08|0.47|86.48|44.52|-109.84|2140.7628|America/Denver|USA|USD|65|65|57|estimate|https://www.onthesnow.com/wyoming/sleeping-giant-ski-resort/trailmap|https://archive-api.open-meteo.com/v1/archive?latitude=44.52&longitude=-109.84&start_date=1999-06-01&end_date=2026-05-31&hourly=temperature_2m,apparent_temperature,snowfall,snow_depth,rain,cloud_cover,cloud_cover_low,cloud_cover_mid,cloud_cover_high,weather_code,wind_direction_100m,wind_direction_10m,wind_speed_100m,wind_speed_10m,wind_gusts_10m,dew_point_2m,relative_humidity_2m,sunshine_duration,direct_normal_irradiance,diffuse_radiation,shortwave_radiation,terrestrial_radiation,direct_normal_irradiance_instant,diffuse_radiation_instant,shortwave_radiation_instant,terrestrial_radiation_instant,is_day&timezone=America/Denver&temperature_unit=fahrenheit&wind_speed_unit=mph&precipitation_unit=inch&elevation=2140.7628
Smugglers' Notch - VT|Vermont|Northeast|5464|3640|2335|1030|2610|8|78|311|0.17|52.87|0.51|158.61|0.32|99.52|44.59|-72.79|711.708|America/New_York|USA|USD|109|109|96|estimate|https://www.onthesnow.com/vermont/smugglers-notch-resort/trailmap|https://archive-api.open-meteo.com/v1/archive?latitude=44.59&longitude=-72.79&start_date=1999-06-01&end_date=2026-05-31&hourly=temperature_2m,apparent_temperature,snowfall,snow_depth,rain,cloud_cover,cloud_cover_low,cloud_cover_mid,cloud_cover_high,weather_code,wind_direction_100m,wind_direction_10m,wind_speed_100m,wind_speed_10m,wind_gusts_10m,dew_point_2m,relative_humidity_2m,sunshine_duration,direct_normal_irradiance,diffuse_radiation,shortwave_radiation,terrestrial_radiation,direct_normal_irradiance_instant,diffuse_radiation_instant,shortwave_radiation_instant,terrestrial_radiation_instant,is_day&timezone=America/New_York&temperature_unit=fahrenheit&wind_speed_unit=mph&precipitation_unit=inch&elevation=711.708
Snow Creek - MO|Missouri|Midwest|64429|1100|975|850|300|6|12|30|0.33|9.9|0.58|17.4|0.08|2.4|39.44|-94.87|297.18|America/Chicago|USA|USD|79|79|70|estimate|https://www.onthesnow.com/missouri/snow-creek/trailmap|https://archive-api.open-meteo.com/v1/archive?latitude=39.44&longitude=-94.87&start_date=1999-06-01&end_date=2026-05-31&hourly=temperature_2m,apparent_temperature,snowfall,snow_depth,rain,cloud_cover,cloud_cover_low,cloud_cover_mid,cloud_cover_high,weather_code,wind_direction_100m,wind_direction_10m,wind_speed_100m,wind_speed_10m,wind_gusts_10m,dew_point_2m,relative_humidity_2m,sunshine_duration,direct_normal_irradiance,diffuse_radiation,shortwave_radiation,terrestrial_radiation,direct_normal_irradiance_instant,diffuse_radiation_instant,shortwave_radiation_instant,terrestrial_radiation_instant,is_day&timezone=America/Chicago&temperature_unit=fahrenheit&wind_speed_unit=mph&precipitation_unit=inch&elevation=297.18
Snow King - WY|Wyoming|Northern Rockies|83001|7808|7022.5|6237|1571|5|32|500|0.18|90|0.24|120|0.59|295|43.46|-110.76|2140.458|America/Denver|USA|USD|99|99|87|estimate|https://www.onthesnow.com/wyoming/snow-king-resort/trailmap|https://archive-api.open-meteo.com/v1/archive?latitude=43.46&longitude=-110.76&start_date=1999-06-01&end_date=2026-05-31&hourly=temperature_2m,apparent_temperature,snowfall,snow_depth,rain,cloud_cover,cloud_cover_low,cloud_cover_mid,cloud_cover_high,weather_code,wind_direction_100m,wind_direction_10m,wind_speed_100m,wind_speed_10m,wind_gusts_10m,dew_point_2m,relative_humidity_2m,sunshine_duration,direct_normal_irradiance,diffuse_radiation,shortwave_radiation,terrestrial_radiation,direct_normal_irradiance_instant,diffuse_radiation_instant,shortwave_radiation_instant,terrestrial_radiation_instant,is_day&timezone=America/Denver&temperature_unit=fahrenheit&wind_speed_unit=mph&precipitation_unit=inch&elevation=2140.458
Snow Ridge - NY|New York|Northeast|13473|1850|1600|1350|500|6|22|130|0.08|10.4|0.33|42.9|0.58|75.4|43.63|-75.44|487.68|America/New_York|USA|USD|65|65|57|estimate|https://www.onthesnow.com/new-york/snow-ridge/trailmap|https://archive-api.open-meteo.com/v1/archive?latitude=43.63&longitude=-75.44&start_date=1999-06-01&end_date=2026-05-31&hourly=temperature_2m,apparent_temperature,snowfall,snow_depth,rain,cloud_cover,cloud_cover_low,cloud_cover_mid,cloud_cover_high,weather_code,wind_direction_100m,wind_direction_10m,wind_speed_100m,wind_speed_10m,wind_gusts_10m,dew_point_2m,relative_humidity_2m,sunshine_duration,direct_normal_irradiance,diffuse_radiation,shortwave_radiation,terrestrial_radiation,direct_normal_irradiance_instant,diffuse_radiation_instant,shortwave_radiation_instant,terrestrial_radiation_instant,is_day&timezone=America/New_York&temperature_unit=fahrenheit&wind_speed_unit=mph&precipitation_unit=inch&elevation=487.68
Snow Snake - MI|Michigan|Midwest|48625|1230|1125|1020|210|6|12|40|0.33|13.2|0.22|8.8|0.44|17.6|43.99|-84.78|342.9|America/Detroit|USA|USD|55|55|48|estimate|https://www.onthesnow.com/michigan/snow-snake-mountain-ski-area/trailmap|https://archive-api.open-meteo.com/v1/archive?latitude=43.99&longitude=-84.78&start_date=1999-06-01&end_date=2026-05-31&hourly=temperature_2m,apparent_temperature,snowfall,snow_depth,rain,cloud_cover,cloud_cover_low,cloud_cover_mid,cloud_cover_high,weather_code,wind_direction_100m,wind_direction_10m,wind_speed_100m,wind_speed_10m,wind_gusts_10m,dew_point_2m,relative_humidity_2m,sunshine_duration,direct_normal_irradiance,diffuse_radiation,shortwave_radiation,terrestrial_radiation,direct_normal_irradiance_instant,diffuse_radiation_instant,shortwave_radiation_instant,terrestrial_radiation_instant,is_day&timezone=America/Detroit&temperature_unit=fahrenheit&wind_speed_unit=mph&precipitation_unit=inch&elevation=342.9
Snow Summit - CA|California|Sierra Nevada|92315|8200|7600|7000|1200|10|33|240|0.24|57.6|0.49|117.6|0.27|64.8|34.220562|-116.89253|2316.48|America/Los_Angeles|USA|USD|||||https://www.onthesnow.com/california/snow-summit/trailmap|https://archive-api.open-meteo.com/v1/archive?latitude=34.220562&longitude=-116.89253&start_date=1999-06-01&end_date=2026-05-31&hourly=temperature_2m,apparent_temperature,snowfall,snow_depth,rain,cloud_cover,cloud_cover_low,cloud_cover_mid,cloud_cover_high,weather_code,wind_direction_100m,wind_direction_10m,wind_speed_100m,wind_speed_10m,wind_gusts_10m,dew_point_2m,relative_humidity_2m,sunshine_duration,direct_normal_irradiance,diffuse_radiation,shortwave_radiation,terrestrial_radiation,direct_normal_irradiance_instant,diffuse_radiation_instant,shortwave_radiation_instant,terrestrial_radiation_instant,is_day&timezone=America/Los_Angeles&temperature_unit=fahrenheit&wind_speed_unit=mph&precipitation_unit=inch&elevation=2316.48
Snow Trails - OH|Ohio|Midwest|44903|1475|1324.5|1174|300|7|17|40|1|40|0|0|0|0|40.71|-82.55|403.7076|America/New_York|USA|USD|79|79|70|estimate|https://www.onthesnow.com/ohio/snow-trails/trailmap|https://archive-api.open-meteo.com/v1/archive?latitude=40.71&longitude=-82.55&start_date=1999-06-01&end_date=2026-05-31&hourly=temperature_2m,apparent_temperature,snowfall,snow_depth,rain,cloud_cover,cloud_cover_low,cloud_cover_mid,cloud_cover_high,weather_code,wind_direction_100m,wind_direction_10m,wind_speed_100m,wind_speed_10m,wind_gusts_10m,dew_point_2m,relative_humidity_2m,sunshine_duration,direct_normal_irradiance,diffuse_radiation,shortwave_radiation,terrestrial_radiation,direct_normal_irradiance_instant,diffuse_radiation_instant,shortwave_radiation_instant,terrestrial_radiation_instant,is_day&timezone=America/New_York&temperature_unit=fahrenheit&wind_speed_unit=mph&precipitation_unit=inch&elevation=403.7076
Snow Valley - CA|California|Sierra Nevada|92382|7841|7320.5|6800|1041|11|28|240|0.09|21.6|0.47|112.8|0.43|103.2|34.22488|-117.03618|2231.2884|America/Los_Angeles|USA|USD|||||https://www.onthesnow.com/california/snow-valley/trailmap|https://archive-api.open-meteo.com/v1/archive?latitude=34.22488&longitude=-117.03618&start_date=1999-06-01&end_date=2026-05-31&hourly=temperature_2m,apparent_temperature,snowfall,snow_depth,rain,cloud_cover,cloud_cover_low,cloud_cover_mid,cloud_cover_high,weather_code,wind_direction_100m,wind_direction_10m,wind_speed_100m,wind_speed_10m,wind_gusts_10m,dew_point_2m,relative_humidity_2m,sunshine_duration,direct_normal_irradiance,diffuse_radiation,shortwave_radiation,terrestrial_radiation,direct_normal_irradiance_instant,diffuse_radiation_instant,shortwave_radiation_instant,terrestrial_radiation_instant,is_day&timezone=America/Los_Angeles&temperature_unit=fahrenheit&wind_speed_unit=mph&precipitation_unit=inch&elevation=2231.2884
Snowbasin - UT|Utah|Colorado & Utah|84317|9350|7900|6450|2900|12|113|3000|0.08|240|0.32|960|0.6|1800|41.22|-111.86|2407.92|America/Denver|USA|USD|189|189|142|estimate|https://www.onthesnow.com/utah/snowbasin/trailmap|https://archive-api.open-meteo.com/v1/archive?latitude=41.22&longitude=-111.86&start_date=1999-06-01&end_date=2026-05-31&hourly=temperature_2m,apparent_temperature,snowfall,snow_depth,rain,cloud_cover,cloud_cover_low,cloud_cover_mid,cloud_cover_high,weather_code,wind_direction_100m,wind_direction_10m,wind_speed_100m,wind_speed_10m,wind_gusts_10m,dew_point_2m,relative_humidity_2m,sunshine_duration,direct_normal_irradiance,diffuse_radiation,shortwave_radiation,terrestrial_radiation,direct_normal_irradiance_instant,diffuse_radiation_instant,shortwave_radiation_instant,terrestrial_radiation_instant,is_day&timezone=America/Denver&temperature_unit=fahrenheit&wind_speed_unit=mph&precipitation_unit=inch&elevation=2407.92
Snowbird - UT|Utah|Colorado & Utah|84092|11000|9380|7760|3240|14|140|2500|0.08|200|0.22|550|0.7|1750|40.58|-111.66|2859.024|America/Denver|USA|USD|219|219|164|estimate|https://www.onthesnow.com/utah/snowbird/trailmap|https://archive-api.open-meteo.com/v1/archive?latitude=40.58&longitude=-111.66&start_date=1999-06-01&end_date=2026-05-31&hourly=temperature_2m,apparent_temperature,snowfall,snow_depth,rain,cloud_cover,cloud_cover_low,cloud_cover_mid,cloud_cover_high,weather_code,wind_direction_100m,wind_direction_10m,wind_speed_100m,wind_speed_10m,wind_gusts_10m,dew_point_2m,relative_humidity_2m,sunshine_duration,direct_normal_irradiance,diffuse_radiation,shortwave_radiation,terrestrial_radiation,direct_normal_irradiance_instant,diffuse_radiation_instant,shortwave_radiation_instant,terrestrial_radiation_instant,is_day&timezone=America/Denver&temperature_unit=fahrenheit&wind_speed_unit=mph&precipitation_unit=inch&elevation=2859.024
Snowhaven - ID|Idaho|Northern Rockies||5600|5400|5200|400|2|9|40|0.75|30|0.25|10|0|0|45.83|-116.11|1645.92|America/Los_Angeles|USA|USD|35|35|31|estimate||https://archive-api.open-meteo.com/v1/archive?latitude=45.83&longitude=-116.11&start_date=1999-06-01&end_date=2026-05-31&hourly=temperature_2m,apparent_temperature,snowfall,snow_depth,rain,cloud_cover,cloud_cover_low,cloud_cover_mid,cloud_cover_high,weather_code,wind_direction_100m,wind_direction_10m,wind_speed_100m,wind_speed_10m,wind_gusts_10m,dew_point_2m,relative_humidity_2m,sunshine_duration,direct_normal_irradiance,diffuse_radiation,shortwave_radiation,terrestrial_radiation,direct_normal_irradiance_instant,diffuse_radiation_instant,shortwave_radiation_instant,terrestrial_radiation_instant,is_day&timezone=America/Los_Angeles&temperature_unit=fahrenheit&wind_speed_unit=mph&precipitation_unit=inch&elevation=1645.92
Snowmass - CO|Colorado|Colorado & Utah|81615|12510|10307|8104|4406|20|98|3342|0.05|167.1|0.48|1604.16|0.47|1570.74|39.21|-106.95|3141.5736|America/Denver|USA|USD|264|264|198|estimate|https://www.aspensnowmass.com/four-mountains/snowmass/trail-maps|https://archive-api.open-meteo.com/v1/archive?latitude=39.21&longitude=-106.95&start_date=1999-06-01&end_date=2026-05-31&hourly=temperature_2m,apparent_temperature,snowfall,snow_depth,rain,cloud_cover,cloud_cover_low,cloud_cover_mid,cloud_cover_high,weather_code,wind_direction_100m,wind_direction_10m,wind_speed_100m,wind_speed_10m,wind_gusts_10m,dew_point_2m,relative_humidity_2m,sunshine_duration,direct_normal_irradiance,diffuse_radiation,shortwave_radiation,terrestrial_radiation,direct_normal_irradiance_instant,diffuse_radiation_instant,shortwave_radiation_instant,terrestrial_radiation_instant,is_day&timezone=America/Denver&temperature_unit=fahrenheit&wind_speed_unit=mph&precipitation_unit=inch&elevation=3141.5736
Snowshoe Mountain - WV|West Virginia|Southeast|26209|4848|4098|3348|1500|14|61|257|0.4|102.8|0.33|84.81|0.27|69.39|38.41|-79.99|1249.0704|America/New_York|USA|USD|159|159|119|estimate|https://www.onthesnow.com/west-virginia/snowshoe-mountain-resort/trailmap|https://archive-api.open-meteo.com/v1/archive?latitude=38.41&longitude=-79.99&start_date=1999-06-01&end_date=2026-05-31&hourly=temperature_2m,apparent_temperature,snowfall,snow_depth,rain,cloud_cover,cloud_cover_low,cloud_cover_mid,cloud_cover_high,weather_code,wind_direction_100m,wind_direction_10m,wind_speed_100m,wind_speed_10m,wind_gusts_10m,dew_point_2m,relative_humidity_2m,sunshine_duration,direct_normal_irradiance,diffuse_radiation,shortwave_radiation,terrestrial_radiation,direct_normal_irradiance_instant,diffuse_radiation_instant,shortwave_radiation_instant,terrestrial_radiation_instant,is_day&timezone=America/New_York&temperature_unit=fahrenheit&wind_speed_unit=mph&precipitation_unit=inch&elevation=1249.0704
Snowstar - IL|Illinois|Midwest|61284|790|659|528|262|6|14|28|0.13|3.64|0.2|5.6|0.67|18.76|41.42|-90.72|200.8632|America/Chicago|USA|USD|55|55|48|estimate|https://www.onthesnow.com/illinois/ski-snowstar-winter-sports-park/trailmap|https://archive-api.open-meteo.com/v1/archive?latitude=41.42&longitude=-90.72&start_date=1999-06-01&end_date=2026-05-31&hourly=temperature_2m,apparent_temperature,snowfall,snow_depth,rain,cloud_cover,cloud_cover_low,cloud_cover_mid,cloud_cover_high,weather_code,wind_direction_100m,wind_direction_10m,wind_speed_100m,wind_speed_10m,wind_gusts_10m,dew_point_2m,relative_humidity_2m,sunshine_duration,direct_normal_irradiance,diffuse_radiation,shortwave_radiation,terrestrial_radiation,direct_normal_irradiance_instant,diffuse_radiation_instant,shortwave_radiation_instant,terrestrial_radiation_instant,is_day&timezone=America/Chicago&temperature_unit=fahrenheit&wind_speed_unit=mph&precipitation_unit=inch&elevation=200.8632
Snowy Range - WY|Wyoming|Northern Rockies||10000|9500|9000|1000|5|33|75|0.3|22.5|0.4|30|0.3|22.5|41.34|-106.32|2895.6|America/Denver|USA|USD|79|79|70|estimate|https://www.onthesnow.com/wyoming/snowy-range-ski-recreation-area/trailmap|https://archive-api.open-meteo.com/v1/archive?latitude=41.34&longitude=-106.32&start_date=1999-06-01&end_date=2026-05-31&hourly=temperature_2m,apparent_temperature,snowfall,snow_depth,rain,cloud_cover,cloud_cover_low,cloud_cover_mid,cloud_cover_high,weather_code,wind_direction_100m,wind_direction_10m,wind_speed_100m,wind_speed_10m,wind_gusts_10m,dew_point_2m,relative_humidity_2m,sunshine_duration,direct_normal_irradiance,diffuse_radiation,shortwave_radiation,terrestrial_radiation,direct_normal_irradiance_instant,diffuse_radiation_instant,shortwave_radiation_instant,terrestrial_radiation_instant,is_day&timezone=America/Denver&temperature_unit=fahrenheit&wind_speed_unit=mph&precipitation_unit=inch&elevation=2895.6
Soda Springs - CA|California|Sierra Nevada|95728|7300|7025|6750|550|5|15|200|0.53|106|0.16|32|0.32|64|39.323238|-120.37993|2141.22|America/Los_Angeles|USA|USD|||||https://www.onthesnow.com/california/soda-springs/trailmap|https://archive-api.open-meteo.com/v1/archive?latitude=39.323238&longitude=-120.37993&start_date=1999-06-01&end_date=2026-05-31&hourly=temperature_2m,apparent_temperature,snowfall,snow_depth,rain,cloud_cover,cloud_cover_low,cloud_cover_mid,cloud_cover_high,weather_code,wind_direction_100m,wind_direction_10m,wind_speed_100m,wind_speed_10m,wind_gusts_10m,dew_point_2m,relative_humidity_2m,sunshine_duration,direct_normal_irradiance,diffuse_radiation,shortwave_radiation,terrestrial_radiation,direct_normal_irradiance_instant,diffuse_radiation_instant,shortwave_radiation_instant,terrestrial_radiation_instant,is_day&timezone=America/Los_Angeles&temperature_unit=fahrenheit&wind_speed_unit=mph&precipitation_unit=inch&elevation=2141.22
Soldier Mountain - ID|Idaho|Northern Rockies|83333|7177|6472|5767|1410|3|36|1142|0.2|228.4|0.5|571|0.3|342.6|43.5|-114.87|1972.6656|America/Denver|USA|USD|69|69|61|estimate|https://www.onthesnow.com/idaho/soldier-mountain-ski-area/trailmap|https://archive-api.open-meteo.com/v1/archive?latitude=43.5&longitude=-114.87&start_date=1999-06-01&end_date=2026-05-31&hourly=temperature_2m,apparent_temperature,snowfall,snow_depth,rain,cloud_cover,cloud_cover_low,cloud_cover_mid,cloud_cover_high,weather_code,wind_direction_100m,wind_direction_10m,wind_speed_100m,wind_speed_10m,wind_gusts_10m,dew_point_2m,relative_humidity_2m,sunshine_duration,direct_normal_irradiance,diffuse_radiation,shortwave_radiation,terrestrial_radiation,direct_normal_irradiance_instant,diffuse_radiation_instant,shortwave_radiation_instant,terrestrial_radiation_instant,is_day&timezone=America/Denver&temperature_unit=fahrenheit&wind_speed_unit=mph&precipitation_unit=inch&elevation=1972.6656
Solitude - UT|Utah|Colorado & Utah|84121|10035|9011.5|7988|2047|8|82|1200|1|1200|0|0|0|0|40.62|-111.59|2746.7052|America/Denver|USA|USD|189|189|142|estimate|https://www.onthesnow.com/utah/solitude-mountain-resort/trailmap|https://archive-api.open-meteo.com/v1/archive?latitude=40.62&longitude=-111.59&start_date=1999-06-01&end_date=2026-05-31&hourly=temperature_2m,apparent_temperature,snowfall,snow_depth,rain,cloud_cover,cloud_cover_low,cloud_cover_mid,cloud_cover_high,weather_code,wind_direction_100m,wind_direction_10m,wind_speed_100m,wind_speed_10m,wind_gusts_10m,dew_point_2m,relative_humidity_2m,sunshine_duration,direct_normal_irradiance,diffuse_radiation,shortwave_radiation,terrestrial_radiation,direct_normal_irradiance_instant,diffuse_radiation_instant,shortwave_radiation_instant,terrestrial_radiation_instant,is_day&timezone=America/Denver&temperature_unit=fahrenheit&wind_speed_unit=mph&precipitation_unit=inch&elevation=2746.7052
Song Mountain - NY|New York|Northeast|13159|1940|1590|1240|700|5|24|93|0.5|46.5|0.29|26.97|0.21|19.53|42.79|-76.17|484.632|America/New_York|USA|USD|65|65|57|estimate|https://www.onthesnow.com/new-york/song-mountain/trailmap|https://archive-api.open-meteo.com/v1/archive?latitude=42.79&longitude=-76.17&start_date=1999-06-01&end_date=2026-05-31&hourly=temperature_2m,apparent_temperature,snowfall,snow_depth,rain,cloud_cover,cloud_cover_low,cloud_cover_mid,cloud_cover_high,weather_code,wind_direction_100m,wind_direction_10m,wind_speed_100m,wind_speed_10m,wind_gusts_10m,dew_point_2m,relative_humidity_2m,sunshine_duration,direct_normal_irradiance,diffuse_radiation,shortwave_radiation,terrestrial_radiation,direct_normal_irradiance_instant,diffuse_radiation_instant,shortwave_radiation_instant,terrestrial_radiation_instant,is_day&timezone=America/New_York&temperature_unit=fahrenheit&wind_speed_unit=mph&precipitation_unit=inch&elevation=484.632
Spirit Mountain - MN|Minnesota|Midwest|55810|1320|970|620|700|8|22|175|0.33|57.75|0.38|66.5|0.29|50.75|46.72|-92.22|295.656|America/Chicago|USA|USD|79|79|70|estimate|https://www.onthesnow.com/minnesota/spirit-mountain/trailmap|https://archive-api.open-meteo.com/v1/archive?latitude=46.72&longitude=-92.22&start_date=1999-06-01&end_date=2026-05-31&hourly=temperature_2m,apparent_temperature,snowfall,snow_depth,rain,cloud_cover,cloud_cover_low,cloud_cover_mid,cloud_cover_high,weather_code,wind_direction_100m,wind_direction_10m,wind_speed_100m,wind_speed_10m,wind_gusts_10m,dew_point_2m,relative_humidity_2m,sunshine_duration,direct_normal_irradiance,diffuse_radiation,shortwave_radiation,terrestrial_radiation,direct_normal_irradiance_instant,diffuse_radiation_instant,shortwave_radiation_instant,terrestrial_radiation_instant,is_day&timezone=America/Chicago&temperature_unit=fahrenheit&wind_speed_unit=mph&precipitation_unit=inch&elevation=295.656
Spout Springs - OR|Oregon|Pacific Northwest||5500|5175|4850|635|2|16|200|0.35|70|0.35|70|0.3|60|45.75|-118.05|1577.34|America/Los_Angeles|USA|USD|55|55|48|estimate|https://www.onthesnow.com/oregon/spout-springs/trailmap|https://archive-api.open-meteo.com/v1/archive?latitude=45.75&longitude=-118.05&start_date=1999-06-01&end_date=2026-05-31&hourly=temperature_2m,apparent_temperature,snowfall,snow_depth,rain,cloud_cover,cloud_cover_low,cloud_cover_mid,cloud_cover_high,weather_code,wind_direction_100m,wind_direction_10m,wind_speed_100m,wind_speed_10m,wind_gusts_10m,dew_point_2m,relative_humidity_2m,sunshine_duration,direct_normal_irradiance,diffuse_radiation,shortwave_radiation,terrestrial_radiation,direct_normal_irradiance_instant,diffuse_radiation_instant,shortwave_radiation_instant,terrestrial_radiation_instant,is_day&timezone=America/Los_Angeles&temperature_unit=fahrenheit&wind_speed_unit=mph&precipitation_unit=inch&elevation=1577.34
Spring Mountain - PA|Pennsylvania|Mid-Atlantic|19473|528|318|108|420|4|8|45|0.37|16.65|0.5|22.5|0.13|5.85|40.26|-75.45|96.9264|America/New_York|USA|USD|55|55|48|estimate|https://www.onthesnow.com/pennsylvania/spring-mountain-ski-area/trailmap|https://archive-api.open-meteo.com/v1/archive?latitude=40.26&longitude=-75.45&start_date=1999-06-01&end_date=2026-05-31&hourly=temperature_2m,apparent_temperature,snowfall,snow_depth,rain,cloud_cover,cloud_cover_low,cloud_cover_mid,cloud_cover_high,weather_code,wind_direction_100m,wind_direction_10m,wind_speed_100m,wind_speed_10m,wind_gusts_10m,dew_point_2m,relative_humidity_2m,sunshine_duration,direct_normal_irradiance,diffuse_radiation,shortwave_radiation,terrestrial_radiation,direct_normal_irradiance_instant,diffuse_radiation_instant,shortwave_radiation_instant,terrestrial_radiation_instant,is_day&timezone=America/New_York&temperature_unit=fahrenheit&wind_speed_unit=mph&precipitation_unit=inch&elevation=96.9264
Standing Rocks - WI|Wisconsin|Midwest|54482||||125|3|5||||||||44.43|-89.41||America/Chicago|USA|USD||||||https://archive-api.open-meteo.com/v1/archive?latitude=44.43&longitude=-89.41&start_date=1999-06-01&end_date=2026-05-31&hourly=temperature_2m,apparent_temperature,snowfall,snow_depth,rain,cloud_cover,cloud_cover_low,cloud_cover_mid,cloud_cover_high,weather_code,wind_direction_100m,wind_direction_10m,wind_speed_100m,wind_speed_10m,wind_gusts_10m,dew_point_2m,relative_humidity_2m,sunshine_duration,direct_normal_irradiance,diffuse_radiation,shortwave_radiation,terrestrial_radiation,direct_normal_irradiance_instant,diffuse_radiation_instant,shortwave_radiation_instant,terrestrial_radiation_instant,is_day&timezone=America/Chicago&temperature_unit=fahrenheit&wind_speed_unit=mph&precipitation_unit=inch&elevation=
Steamboat - CO|Colorado|Colorado & Utah|80487|10568|8734|6900|3668|23|180|3741|0.12|448.92|0.38|1421.58|0.5|1870.5|40.46|-106.8|2662.1232|America/Denver|USA|USD|279|279|209|estimate|https://www.onthesnow.com/colorado/steamboat/trailmap|https://archive-api.open-meteo.com/v1/archive?latitude=40.46&longitude=-106.8&start_date=1999-06-01&end_date=2026-05-31&hourly=temperature_2m,apparent_temperature,snowfall,snow_depth,rain,cloud_cover,cloud_cover_low,cloud_cover_mid,cloud_cover_high,weather_code,wind_direction_100m,wind_direction_10m,wind_speed_100m,wind_speed_10m,wind_gusts_10m,dew_point_2m,relative_humidity_2m,sunshine_duration,direct_normal_irradiance,diffuse_radiation,shortwave_radiation,terrestrial_radiation,direct_normal_irradiance_instant,diffuse_radiation_instant,shortwave_radiation_instant,terrestrial_radiation_instant,is_day&timezone=America/Denver&temperature_unit=fahrenheit&wind_speed_unit=mph&precipitation_unit=inch&elevation=2662.1232
Stevens Pass - WA|Washington|Pacific Northwest|98288|5845|4945|4045|1800|10|52|1125|1|1125|0|0|0|0|47.74|-121.09|1507.236|America/Los_Angeles|USA|USD|189|189|142|estimate|https://www.onthesnow.com/washington/stevens-pass-resort/trailmap|https://archive-api.open-meteo.com/v1/archive?latitude=47.74&longitude=-121.09&start_date=1999-06-01&end_date=2026-05-31&hourly=temperature_2m,apparent_temperature,snowfall,snow_depth,rain,cloud_cover,cloud_cover_low,cloud_cover_mid,cloud_cover_high,weather_code,wind_direction_100m,wind_direction_10m,wind_speed_100m,wind_speed_10m,wind_gusts_10m,dew_point_2m,relative_humidity_2m,sunshine_duration,direct_normal_irradiance,diffuse_radiation,shortwave_radiation,terrestrial_radiation,direct_normal_irradiance_instant,diffuse_radiation_instant,shortwave_radiation_instant,terrestrial_radiation_instant,is_day&timezone=America/Los_Angeles&temperature_unit=fahrenheit&wind_speed_unit=mph&precipitation_unit=inch&elevation=1507.236
Stoneham - QC|Quebec|Eastern Canada|G3C 1B4|2075|1365|655|1420|10|43|333|0.19|63.27|0.26|86.58|0.56|186.48|47.02|-71.38|416.052|America/Toronto|Canada|CAD|99|71|87|estimate|https://www.onthesnow.com/quebec/stoneham/trailmap|https://archive-api.open-meteo.com/v1/archive?latitude=47.02&longitude=-71.38&start_date=1999-06-01&end_date=2026-05-31&hourly=temperature_2m,apparent_temperature,snowfall,snow_depth,rain,cloud_cover,cloud_cover_low,cloud_cover_mid,cloud_cover_high,weather_code,wind_direction_100m,wind_direction_10m,wind_speed_100m,wind_speed_10m,wind_gusts_10m,dew_point_2m,relative_humidity_2m,sunshine_duration,direct_normal_irradiance,diffuse_radiation,shortwave_radiation,terrestrial_radiation,direct_normal_irradiance_instant,diffuse_radiation_instant,shortwave_radiation_instant,terrestrial_radiation_instant,is_day&timezone=America/Toronto&temperature_unit=fahrenheit&wind_speed_unit=mph&precipitation_unit=inch&elevation=416.052
Stowe Mountain - VT|Vermont|Northeast|5672|3640|2460|1280|2360|13|116|545|0.17|92.65|0.53|288.85|0.29|158.05|44.53|-72.78|749.808|America/New_York|USA|USD|209|209|157|estimate|https://www.onthesnow.com/vermont/stowe-mountain-resort/trailmap|https://archive-api.open-meteo.com/v1/archive?latitude=44.53&longitude=-72.78&start_date=1999-06-01&end_date=2026-05-31&hourly=temperature_2m,apparent_temperature,snowfall,snow_depth,rain,cloud_cover,cloud_cover_low,cloud_cover_mid,cloud_cover_high,weather_code,wind_direction_100m,wind_direction_10m,wind_speed_100m,wind_speed_10m,wind_gusts_10m,dew_point_2m,relative_humidity_2m,sunshine_duration,direct_normal_irradiance,diffuse_radiation,shortwave_radiation,terrestrial_radiation,direct_normal_irradiance_instant,diffuse_radiation_instant,shortwave_radiation_instant,terrestrial_radiation_instant,is_day&timezone=America/New_York&temperature_unit=fahrenheit&wind_speed_unit=mph&precipitation_unit=inch&elevation=749.808
Stratton Mountain - VT|Vermont|Northeast|5155|3875|2873.5|1872|2003|11|99|670|0.41|274.7|0.31|207.7|0.28|187.6|43.11|-72.91|875.8428|America/New_York|USA|USD|179|179|134|estimate|https://www.onthesnow.com/vermont/stratton-mountain/trailmap|https://archive-api.open-meteo.com/v1/archive?latitude=43.11&longitude=-72.91&start_date=1999-06-01&end_date=2026-05-31&hourly=temperature_2m,apparent_temperature,snowfall,snow_depth,rain,cloud_cover,cloud_cover_low,cloud_cover_mid,cloud_cover_high,weather_code,wind_direction_100m,wind_direction_10m,wind_speed_100m,wind_speed_10m,wind_gusts_10m,dew_point_2m,relative_humidity_2m,sunshine_duration,direct_normal_irradiance,diffuse_radiation,shortwave_radiation,terrestrial_radiation,direct_normal_irradiance_instant,diffuse_radiation_instant,shortwave_radiation_instant,terrestrial_radiation_instant,is_day&timezone=America/New_York&temperature_unit=fahrenheit&wind_speed_unit=mph&precipitation_unit=inch&elevation=875.8428
Sugar Bowl - CA|California|Sierra Nevada|95724|8383|7633|6883|1500|12|103|1650|0.15|247.5|0.41|676.5|0.43|709.5|39.3|-120.33|2326.5384|America/Los_Angeles|USA|USD|179|179|134|estimate|https://www.onthesnow.com/california/sugar-bowl-resort/trailmap|https://archive-api.open-meteo.com/v1/archive?latitude=39.3&longitude=-120.33&start_date=1999-06-01&end_date=2026-05-31&hourly=temperature_2m,apparent_temperature,snowfall,snow_depth,rain,cloud_cover,cloud_cover_low,cloud_cover_mid,cloud_cover_high,weather_code,wind_direction_100m,wind_direction_10m,wind_speed_100m,wind_speed_10m,wind_gusts_10m,dew_point_2m,relative_humidity_2m,sunshine_duration,direct_normal_irradiance,diffuse_radiation,shortwave_radiation,terrestrial_radiation,direct_normal_irradiance_instant,diffuse_radiation_instant,shortwave_radiation_instant,terrestrial_radiation_instant,is_day&timezone=America/Los_Angeles&temperature_unit=fahrenheit&wind_speed_unit=mph&precipitation_unit=inch&elevation=2326.5384
Sugar Mountain - NC|North Carolina|Southeast|28604|5300|4700|4100|1200|8|21|125|0.4|50|0.4|50|0.2|25|36.12|-81.86|1432.56|America/New_York|USA|USD|99|99|87|estimate|https://www.onthesnow.com/north-carolina/sugar-mountain-resort/trailmap|https://archive-api.open-meteo.com/v1/archive?latitude=36.12&longitude=-81.86&start_date=1999-06-01&end_date=2026-05-31&hourly=temperature_2m,apparent_temperature,snowfall,snow_depth,rain,cloud_cover,cloud_cover_low,cloud_cover_mid,cloud_cover_high,weather_code,wind_direction_100m,wind_direction_10m,wind_speed_100m,wind_speed_10m,wind_gusts_10m,dew_point_2m,relative_humidity_2m,sunshine_duration,direct_normal_irradiance,diffuse_radiation,shortwave_radiation,terrestrial_radiation,direct_normal_irradiance_instant,diffuse_radiation_instant,shortwave_radiation_instant,terrestrial_radiation_instant,is_day&timezone=America/New_York&temperature_unit=fahrenheit&wind_speed_unit=mph&precipitation_unit=inch&elevation=1432.56
Sugarbush - VT|Vermont|Northeast|5674|4083|2783|1483|2600|16|111|484|0.23|111.32|0.42|203.28|0.34|164.56|44.14|-72.9|848.2584|America/New_York|USA|USD|179|179|134|estimate|https://www.onthesnow.com/vermont/sugarbush/trailmap|https://archive-api.open-meteo.com/v1/archive?latitude=44.14&longitude=-72.9&start_date=1999-06-01&end_date=2026-05-31&hourly=temperature_2m,apparent_temperature,snowfall,snow_depth,rain,cloud_cover,cloud_cover_low,cloud_cover_mid,cloud_cover_high,weather_code,wind_direction_100m,wind_direction_10m,wind_speed_100m,wind_speed_10m,wind_gusts_10m,dew_point_2m,relative_humidity_2m,sunshine_duration,direct_normal_irradiance,diffuse_radiation,shortwave_radiation,terrestrial_radiation,direct_normal_irradiance_instant,diffuse_radiation_instant,shortwave_radiation_instant,terrestrial_radiation_instant,is_day&timezone=America/New_York&temperature_unit=fahrenheit&wind_speed_unit=mph&precipitation_unit=inch&elevation=848.2584
Sugarloaf - ME|Maine|Northeast|4947|4237|2827|1417|2820|13|162|1360|0.25|340|0.31|421.6|0.44|598.4|45.03|-70.31|861.6696|America/New_York|USA|USD|149|149|129|published_2526|https://www.onthesnow.com/maine/sugarloaf/trailmap|https://archive-api.open-meteo.com/v1/archive?latitude=45.03&longitude=-70.31&start_date=1999-06-01&end_date=2026-05-31&hourly=temperature_2m,apparent_temperature,snowfall,snow_depth,rain,cloud_cover,cloud_cover_low,cloud_cover_mid,cloud_cover_high,weather_code,wind_direction_100m,wind_direction_10m,wind_speed_100m,wind_speed_10m,wind_gusts_10m,dew_point_2m,relative_humidity_2m,sunshine_duration,direct_normal_irradiance,diffuse_radiation,shortwave_radiation,terrestrial_radiation,direct_normal_irradiance_instant,diffuse_radiation_instant,shortwave_radiation_instant,terrestrial_radiation_instant,is_day&timezone=America/New_York&temperature_unit=fahrenheit&wind_speed_unit=mph&precipitation_unit=inch&elevation=861.6696
Suicide Six - VT|Vermont|Northeast|5067|1200|875|550|650|3|24|100|0.18|18|0.5|50|0.32|32|43.67|-72.53|266.7|America/New_York|USA|USD|89|89|78|estimate|https://www.onthesnow.com/vermont/suicide-six/trailmap|https://archive-api.open-meteo.com/v1/archive?latitude=43.67&longitude=-72.53&start_date=1999-06-01&end_date=2026-05-31&hourly=temperature_2m,apparent_temperature,snowfall,snow_depth,rain,cloud_cover,cloud_cover_low,cloud_cover_mid,cloud_cover_high,weather_code,wind_direction_100m,wind_direction_10m,wind_speed_100m,wind_speed_10m,wind_gusts_10m,dew_point_2m,relative_humidity_2m,sunshine_duration,direct_normal_irradiance,diffuse_radiation,shortwave_radiation,terrestrial_radiation,direct_normal_irradiance_instant,diffuse_radiation_instant,shortwave_radiation_instant,terrestrial_radiation_instant,is_day&timezone=America/New_York&temperature_unit=fahrenheit&wind_speed_unit=mph&precipitation_unit=inch&elevation=266.7
Summit Ski Area - OR|Oregon|Pacific Northwest|97028|4306|4153|4000|306|2|6|70|0.75|52.5|0.25|17.5|0|0|45.3|-121.74|1265.8344|America/Los_Angeles|USA|USD|55|55|48|estimate||https://archive-api.open-meteo.com/v1/archive?latitude=45.3&longitude=-121.74&start_date=1999-06-01&end_date=2026-05-31&hourly=temperature_2m,apparent_temperature,snowfall,snow_depth,rain,cloud_cover,cloud_cover_low,cloud_cover_mid,cloud_cover_high,weather_code,wind_direction_100m,wind_direction_10m,wind_speed_100m,wind_speed_10m,wind_gusts_10m,dew_point_2m,relative_humidity_2m,sunshine_duration,direct_normal_irradiance,diffuse_radiation,shortwave_radiation,terrestrial_radiation,direct_normal_irradiance_instant,diffuse_radiation_instant,shortwave_radiation_instant,terrestrial_radiation_instant,is_day&timezone=America/Los_Angeles&temperature_unit=fahrenheit&wind_speed_unit=mph&precipitation_unit=inch&elevation=1265.8344
Sun Peaks - BC|British Columbia|Western Canada|V0E 5N0|6824|5377|3930|2894|13|138|4400|0.16|704|0.44|1936|0.4|1760|50.88|-119.89|1638.9096|America/Vancouver|Canada|CAD|159|114|119|estimate|https://www.onthesnow.com/british-columbia/sun-peaks/trailmap|https://archive-api.open-meteo.com/v1/archive?latitude=50.88&longitude=-119.89&start_date=1999-06-01&end_date=2026-05-31&hourly=temperature_2m,apparent_temperature,snowfall,snow_depth,rain,cloud_cover,cloud_cover_low,cloud_cover_mid,cloud_cover_high,weather_code,wind_direction_100m,wind_direction_10m,wind_speed_100m,wind_speed_10m,wind_gusts_10m,dew_point_2m,relative_humidity_2m,sunshine_duration,direct_normal_irradiance,diffuse_radiation,shortwave_radiation,terrestrial_radiation,direct_normal_irradiance_instant,diffuse_radiation_instant,shortwave_radiation_instant,terrestrial_radiation_instant,is_day&timezone=America/Vancouver&temperature_unit=fahrenheit&wind_speed_unit=mph&precipitation_unit=inch&elevation=1638.9096
Sun Valley - ID|Idaho|Northern Rockies|83353|9150|7450|5750|3400|18|121|2829|0.36|1018.44|0.42|1188.18|0.22|622.38|43.67|-114.37|2270.76|America/Denver|USA|USD|219|219|164|estimate|https://www.onthesnow.com/idaho/sun-valley/trailmap|https://archive-api.open-meteo.com/v1/archive?latitude=43.67&longitude=-114.37&start_date=1999-06-01&end_date=2026-05-31&hourly=temperature_2m,apparent_temperature,snowfall,snow_depth,rain,cloud_cover,cloud_cover_low,cloud_cover_mid,cloud_cover_high,weather_code,wind_direction_100m,wind_direction_10m,wind_speed_100m,wind_speed_10m,wind_gusts_10m,dew_point_2m,relative_humidity_2m,sunshine_duration,direct_normal_irradiance,diffuse_radiation,shortwave_radiation,terrestrial_radiation,direct_normal_irradiance_instant,diffuse_radiation_instant,shortwave_radiation_instant,terrestrial_radiation_instant,is_day&timezone=America/Denver&temperature_unit=fahrenheit&wind_speed_unit=mph&precipitation_unit=inch&elevation=2270.76
Sunburst - WI|Wisconsin|Midwest|53090|1100|983|866|214|9|12|37|0.18|6.66|0.55|20.35|0.27|9.99|43.44|-88.19|299.6184|America/Chicago|USA|USD|55|55|48|estimate|https://www.onthesnow.com/wisconsin/sunburst/trailmap|https://archive-api.open-meteo.com/v1/archive?latitude=43.44&longitude=-88.19&start_date=1999-06-01&end_date=2026-05-31&hourly=temperature_2m,apparent_temperature,snowfall,snow_depth,rain,cloud_cover,cloud_cover_low,cloud_cover_mid,cloud_cover_high,weather_code,wind_direction_100m,wind_direction_10m,wind_speed_100m,wind_speed_10m,wind_gusts_10m,dew_point_2m,relative_humidity_2m,sunshine_duration,direct_normal_irradiance,diffuse_radiation,shortwave_radiation,terrestrial_radiation,direct_normal_irradiance_instant,diffuse_radiation_instant,shortwave_radiation_instant,terrestrial_radiation_instant,is_day&timezone=America/Chicago&temperature_unit=fahrenheit&wind_speed_unit=mph&precipitation_unit=inch&elevation=299.6184
Sundance - UT|Utah|Colorado & Utah|84604|8250|7175|6100|2150|4|45|540|0.21|113.4|0.32|172.8|0.47|253.8|40.39|-111.58|2186.94|America/Denver|USA|USD|149|149|112|estimate|https://www.onthesnow.com/utah/sundance/trailmap|https://archive-api.open-meteo.com/v1/archive?latitude=40.39&longitude=-111.58&start_date=1999-06-01&end_date=2026-05-31&hourly=temperature_2m,apparent_temperature,snowfall,snow_depth,rain,cloud_cover,cloud_cover_low,cloud_cover_mid,cloud_cover_high,weather_code,wind_direction_100m,wind_direction_10m,wind_speed_100m,wind_speed_10m,wind_gusts_10m,dew_point_2m,relative_humidity_2m,sunshine_duration,direct_normal_irradiance,diffuse_radiation,shortwave_radiation,terrestrial_radiation,direct_normal_irradiance_instant,diffuse_radiation_instant,shortwave_radiation_instant,terrestrial_radiation_instant,is_day&timezone=America/Denver&temperature_unit=fahrenheit&wind_speed_unit=mph&precipitation_unit=inch&elevation=2186.94
Sunday River - ME|Maine|Northeast|4217|3140|1970|800|2340|18|139|884|0.31|274.04|0.32|282.88|0.37|327.08|44.47|-70.86|600.456|America/New_York|USA|USD|169|169|127|estimate|https://www.onthesnow.com/maine/sunday-river/trailmap|https://archive-api.open-meteo.com/v1/archive?latitude=44.47&longitude=-70.86&start_date=1999-06-01&end_date=2026-05-31&hourly=temperature_2m,apparent_temperature,snowfall,snow_depth,rain,cloud_cover,cloud_cover_low,cloud_cover_mid,cloud_cover_high,weather_code,wind_direction_100m,wind_direction_10m,wind_speed_100m,wind_speed_10m,wind_gusts_10m,dew_point_2m,relative_humidity_2m,sunshine_duration,direct_normal_irradiance,diffuse_radiation,shortwave_radiation,terrestrial_radiation,direct_normal_irradiance_instant,diffuse_radiation_instant,shortwave_radiation_instant,terrestrial_radiation_instant,is_day&timezone=America/New_York&temperature_unit=fahrenheit&wind_speed_unit=mph&precipitation_unit=inch&elevation=600.456
Sundown Mountain - IA|Iowa|Midwest|52002|1059|821.5|584|475|6|21|55|0.3|16.5|0.6|33|0.1|5.5|42.51|-90.79|250.3932|America/Chicago|USA|USD|55|55|48|estimate|https://www.onthesnow.com/iowa/sundown-mountain/trailmap|https://archive-api.open-meteo.com/v1/archive?latitude=42.51&longitude=-90.79&start_date=1999-06-01&end_date=2026-05-31&hourly=temperature_2m,apparent_temperature,snowfall,snow_depth,rain,cloud_cover,cloud_cover_low,cloud_cover_mid,cloud_cover_high,weather_code,wind_direction_100m,wind_direction_10m,wind_speed_100m,wind_speed_10m,wind_gusts_10m,dew_point_2m,relative_humidity_2m,sunshine_duration,direct_normal_irradiance,diffuse_radiation,shortwave_radiation,terrestrial_radiation,direct_normal_irradiance_instant,diffuse_radiation_instant,shortwave_radiation_instant,terrestrial_radiation_instant,is_day&timezone=America/Chicago&temperature_unit=fahrenheit&wind_speed_unit=mph&precipitation_unit=inch&elevation=250.3932
Sunlight - CO|Colorado|Colorado & Utah|81601|9895|8890|7885|2010|4|72|730|0.16|116.8|0.29|211.7|0.54|394.2|39.4|-107.34|2709.672|America/Denver|USA|USD|99|99|87|estimate|https://www.onthesnow.com/colorado/sunlight-mountain-resort/trailmap|https://archive-api.open-meteo.com/v1/archive?latitude=39.4&longitude=-107.34&start_date=1999-06-01&end_date=2026-05-31&hourly=temperature_2m,apparent_temperature,snowfall,snow_depth,rain,cloud_cover,cloud_cover_low,cloud_cover_mid,cloud_cover_high,weather_code,wind_direction_100m,wind_direction_10m,wind_speed_100m,wind_speed_10m,wind_gusts_10m,dew_point_2m,relative_humidity_2m,sunshine_duration,direct_normal_irradiance,diffuse_radiation,shortwave_radiation,terrestrial_radiation,direct_normal_irradiance_instant,diffuse_radiation_instant,shortwave_radiation_instant,terrestrial_radiation_instant,is_day&timezone=America/Denver&temperature_unit=fahrenheit&wind_speed_unit=mph&precipitation_unit=inch&elevation=2709.672
Sunrise Park - AZ|Arizona|Southwest|85929|11000|10100|9200|1800|7|65|1200|0.46|552|0.28|336|0.27|324|34.02|-109.53|3078.48|America/Phoenix|USA|USD|89|89|78|estimate|https://www.onthesnow.com/arizona/sunrise-park-resort/trailmap|https://archive-api.open-meteo.com/v1/archive?latitude=34.02&longitude=-109.53&start_date=1999-06-01&end_date=2026-05-31&hourly=temperature_2m,apparent_temperature,snowfall,snow_depth,rain,cloud_cover,cloud_cover_low,cloud_cover_mid,cloud_cover_high,weather_code,wind_direction_100m,wind_direction_10m,wind_speed_100m,wind_speed_10m,wind_gusts_10m,dew_point_2m,relative_humidity_2m,sunshine_duration,direct_normal_irradiance,diffuse_radiation,shortwave_radiation,terrestrial_radiation,direct_normal_irradiance_instant,diffuse_radiation_instant,shortwave_radiation_instant,terrestrial_radiation_instant,is_day&timezone=America/Phoenix&temperature_unit=fahrenheit&wind_speed_unit=mph&precipitation_unit=inch&elevation=3078.48
Swain - NY|New York|Northeast|14884|1970|1645|1320|650|5|35|130|0.31|40.3|0.37|48.1|0.31|40.3|42.49|-77.87|501.396|America/New_York|USA|USD|69|69|61|estimate|https://www.onthesnow.com/new-york/swain/trailmap|https://archive-api.open-meteo.com/v1/archive?latitude=42.49&longitude=-77.87&start_date=1999-06-01&end_date=2026-05-31&hourly=temperature_2m,apparent_temperature,snowfall,snow_depth,rain,cloud_cover,cloud_cover_low,cloud_cover_mid,cloud_cover_high,weather_code,wind_direction_100m,wind_direction_10m,wind_speed_100m,wind_speed_10m,wind_gusts_10m,dew_point_2m,relative_humidity_2m,sunshine_duration,direct_normal_irradiance,diffuse_radiation,shortwave_radiation,terrestrial_radiation,direct_normal_irradiance_instant,diffuse_radiation_instant,shortwave_radiation_instant,terrestrial_radiation_instant,is_day&timezone=America/New_York&temperature_unit=fahrenheit&wind_speed_unit=mph&precipitation_unit=inch&elevation=501.396
Swiss Valley - MI|Michigan|Midwest|49031|1200|1087.5|975|225|7|11|60|0.3|18|0.3|18|0.4|24|41.94|-85.98|331.47|America/Detroit|USA|USD|55|55|48|estimate|https://www.onthesnow.com/michigan/swiss-valley/trailmap|https://archive-api.open-meteo.com/v1/archive?latitude=41.94&longitude=-85.98&start_date=1999-06-01&end_date=2026-05-31&hourly=temperature_2m,apparent_temperature,snowfall,snow_depth,rain,cloud_cover,cloud_cover_low,cloud_cover_mid,cloud_cover_high,weather_code,wind_direction_100m,wind_direction_10m,wind_speed_100m,wind_speed_10m,wind_gusts_10m,dew_point_2m,relative_humidity_2m,sunshine_duration,direct_normal_irradiance,diffuse_radiation,shortwave_radiation,terrestrial_radiation,direct_normal_irradiance_instant,diffuse_radiation_instant,shortwave_radiation_instant,terrestrial_radiation_instant,is_day&timezone=America/Detroit&temperature_unit=fahrenheit&wind_speed_unit=mph&precipitation_unit=inch&elevation=331.47
Tahoe Donner - CA|California|Sierra Nevada|96161|7250|7000|6750|600|5|17|120|0.4|48|0.5|60|0.1|12|39.354889|-120.259|2133.6|America/Los_Angeles|USA|USD|||||https://www.onthesnow.com/california/tahoe-donner/trailmap|https://archive-api.open-meteo.com/v1/archive?latitude=39.354889&longitude=-120.259000&start_date=1999-06-01&end_date=2026-05-31&hourly=temperature_2m,apparent_temperature,snowfall,snow_depth,rain,cloud_cover,cloud_cover_low,cloud_cover_mid,cloud_cover_high,weather_code,wind_direction_100m,wind_direction_10m,wind_speed_100m,wind_speed_10m,wind_gusts_10m,dew_point_2m,relative_humidity_2m,sunshine_duration,direct_normal_irradiance,diffuse_radiation,shortwave_radiation,terrestrial_radiation,direct_normal_irradiance_instant,diffuse_radiation_instant,shortwave_radiation_instant,terrestrial_radiation_instant,is_day&timezone=America/Los_Angeles&temperature_unit=fahrenheit&wind_speed_unit=mph&precipitation_unit=inch&elevation=2133.6
Tamarack - ID|Idaho|Northern Rockies|83615|7700|6300|4900|2800|7|50|1610|0.19|305.9|0.34|547.4|0.47|756.7|44.65|-116.13|1920.24|America/Denver|USA|USD|135|135|101|estimate|https://www.onthesnow.com/idaho/tamarack-resort/trailmap|https://archive-api.open-meteo.com/v1/archive?latitude=44.65&longitude=-116.13&start_date=1999-06-01&end_date=2026-05-31&hourly=temperature_2m,apparent_temperature,snowfall,snow_depth,rain,cloud_cover,cloud_cover_low,cloud_cover_mid,cloud_cover_high,weather_code,wind_direction_100m,wind_direction_10m,wind_speed_100m,wind_speed_10m,wind_gusts_10m,dew_point_2m,relative_humidity_2m,sunshine_duration,direct_normal_irradiance,diffuse_radiation,shortwave_radiation,terrestrial_radiation,direct_normal_irradiance_instant,diffuse_radiation_instant,shortwave_radiation_instant,terrestrial_radiation_instant,is_day&timezone=America/Denver&temperature_unit=fahrenheit&wind_speed_unit=mph&precipitation_unit=inch&elevation=1920.24
Taos Ski Valley - NM|New Mexico|Southwest|87525|12481|10844|9207|3274|15|110|1294|0.13|168.22|0.16|207.04|0.72|931.68|36.6|-105.45|3305.2512|America/Denver|USA|USD|169|169|127|estimate|https://www.onthesnow.com/new-mexico/taos-ski-valley/trailmap|https://archive-api.open-meteo.com/v1/archive?latitude=36.6&longitude=-105.45&start_date=1999-06-01&end_date=2026-05-31&hourly=temperature_2m,apparent_temperature,snowfall,snow_depth,rain,cloud_cover,cloud_cover_low,cloud_cover_mid,cloud_cover_high,weather_code,wind_direction_100m,wind_direction_10m,wind_speed_100m,wind_speed_10m,wind_gusts_10m,dew_point_2m,relative_humidity_2m,sunshine_duration,direct_normal_irradiance,diffuse_radiation,shortwave_radiation,terrestrial_radiation,direct_normal_irradiance_instant,diffuse_radiation_instant,shortwave_radiation_instant,terrestrial_radiation_instant,is_day&timezone=America/Denver&temperature_unit=fahrenheit&wind_speed_unit=mph&precipitation_unit=inch&elevation=3305.2512
Telluride - CO|Colorado|Colorado & Utah|81435|13150|10937.5|8725|4425|18|148|2000|0.16|320|0.3|600|0.55|1100|37.94|-107.85|3333.75|America/Denver|USA|USD|269|269|202|estimate|https://www.onthesnow.com/colorado/telluride/trailmap|https://archive-api.open-meteo.com/v1/archive?latitude=37.94&longitude=-107.85&start_date=1999-06-01&end_date=2026-05-31&hourly=temperature_2m,apparent_temperature,snowfall,snow_depth,rain,cloud_cover,cloud_cover_low,cloud_cover_mid,cloud_cover_high,weather_code,wind_direction_100m,wind_direction_10m,wind_speed_100m,wind_speed_10m,wind_gusts_10m,dew_point_2m,relative_humidity_2m,sunshine_duration,direct_normal_irradiance,diffuse_radiation,shortwave_radiation,terrestrial_radiation,direct_normal_irradiance_instant,diffuse_radiation_instant,shortwave_radiation_instant,terrestrial_radiation_instant,is_day&timezone=America/Denver&temperature_unit=fahrenheit&wind_speed_unit=mph&precipitation_unit=inch&elevation=3333.75
Terry Peak - SD|South Dakota|Midwest|57754|7000|6450|5900|1100|5|30|450|0.2|90|0.5|225|0.3|135|44.33|-103.83|1965.96|America/Denver|USA|USD|89|89|78|estimate|https://www.onthesnow.com/south-dakota/terry-peak-ski-area/trailmap|https://archive-api.open-meteo.com/v1/archive?latitude=44.33&longitude=-103.83&start_date=1999-06-01&end_date=2026-05-31&hourly=temperature_2m,apparent_temperature,snowfall,snow_depth,rain,cloud_cover,cloud_cover_low,cloud_cover_mid,cloud_cover_high,weather_code,wind_direction_100m,wind_direction_10m,wind_speed_100m,wind_speed_10m,wind_gusts_10m,dew_point_2m,relative_humidity_2m,sunshine_duration,direct_normal_irradiance,diffuse_radiation,shortwave_radiation,terrestrial_radiation,direct_normal_irradiance_instant,diffuse_radiation_instant,shortwave_radiation_instant,terrestrial_radiation_instant,is_day&timezone=America/Denver&temperature_unit=fahrenheit&wind_speed_unit=mph&precipitation_unit=inch&elevation=1965.96
Teton Pass - MT|Montana|Northern Rockies||8600|7900|7200|1400|2|36|330|0.15|49.5|0.35|115.5|0.5|165|47.97|-112.85|2407.92|America/Denver|USA|USD|60|60|53|estimate|https://www.onthesnow.com/montana/teton-pass-ski-area/trailmap|https://archive-api.open-meteo.com/v1/archive?latitude=47.97&longitude=-112.85&start_date=1999-06-01&end_date=2026-05-31&hourly=temperature_2m,apparent_temperature,snowfall,snow_depth,rain,cloud_cover,cloud_cover_low,cloud_cover_mid,cloud_cover_high,weather_code,wind_direction_100m,wind_direction_10m,wind_speed_100m,wind_speed_10m,wind_gusts_10m,dew_point_2m,relative_humidity_2m,sunshine_duration,direct_normal_irradiance,diffuse_radiation,shortwave_radiation,terrestrial_radiation,direct_normal_irradiance_instant,diffuse_radiation_instant,shortwave_radiation_instant,terrestrial_radiation_instant,is_day&timezone=America/Denver&temperature_unit=fahrenheit&wind_speed_unit=mph&precipitation_unit=inch&elevation=2407.92
The Homestead - MI|Michigan|Midwest|49636|875|687.5|500|375|5|15|16|0.27|4.32|0.47|7.52|0.27|4.32|44.88|-85.98|209.55|America/Detroit|USA|USD|65|65|57|estimate|https://www.onthesnow.com/michigan/the-homestead/trailmap|https://archive-api.open-meteo.com/v1/archive?latitude=44.88&longitude=-85.98&start_date=1999-06-01&end_date=2026-05-31&hourly=temperature_2m,apparent_temperature,snowfall,snow_depth,rain,cloud_cover,cloud_cover_low,cloud_cover_mid,cloud_cover_high,weather_code,wind_direction_100m,wind_direction_10m,wind_speed_100m,wind_speed_10m,wind_gusts_10m,dew_point_2m,relative_humidity_2m,sunshine_duration,direct_normal_irradiance,diffuse_radiation,shortwave_radiation,terrestrial_radiation,direct_normal_irradiance_instant,diffuse_radiation_instant,shortwave_radiation_instant,terrestrial_radiation_instant,is_day&timezone=America/Detroit&temperature_unit=fahrenheit&wind_speed_unit=mph&precipitation_unit=inch&elevation=209.55
The Homestead - VA|Virginia|Southeast|24445|3200|2850|2500|700|5|9|42|0.3|12.6|0.5|21|0.2|8.4|37.99|-79.83|868.68|America/New_York|USA|USD|89|89|78|estimate|https://www.onthesnow.com/virginia/the-homestead-ski-area/trailmap|https://archive-api.open-meteo.com/v1/archive?latitude=37.99&longitude=-79.83&start_date=1999-06-01&end_date=2026-05-31&hourly=temperature_2m,apparent_temperature,snowfall,snow_depth,rain,cloud_cover,cloud_cover_low,cloud_cover_mid,cloud_cover_high,weather_code,wind_direction_100m,wind_direction_10m,wind_speed_100m,wind_speed_10m,wind_gusts_10m,dew_point_2m,relative_humidity_2m,sunshine_duration,direct_normal_irradiance,diffuse_radiation,shortwave_radiation,terrestrial_radiation,direct_normal_irradiance_instant,diffuse_radiation_instant,shortwave_radiation_instant,terrestrial_radiation_instant,is_day&timezone=America/New_York&temperature_unit=fahrenheit&wind_speed_unit=mph&precipitation_unit=inch&elevation=868.68
The Rock - WI|Wisconsin|Midwest|53546|290|267.5|245|60|5|8||||||||42.62|-89.01|81.534|America/Chicago|USA|USD||||||https://archive-api.open-meteo.com/v1/archive?latitude=42.62&longitude=-89.01&start_date=1999-06-01&end_date=2026-05-31&hourly=temperature_2m,apparent_temperature,snowfall,snow_depth,rain,cloud_cover,cloud_cover_low,cloud_cover_mid,cloud_cover_high,weather_code,wind_direction_100m,wind_direction_10m,wind_speed_100m,wind_speed_10m,wind_gusts_10m,dew_point_2m,relative_humidity_2m,sunshine_duration,direct_normal_irradiance,diffuse_radiation,shortwave_radiation,terrestrial_radiation,direct_normal_irradiance_instant,diffuse_radiation_instant,shortwave_radiation_instant,terrestrial_radiation_instant,is_day&timezone=America/Chicago&temperature_unit=fahrenheit&wind_speed_unit=mph&precipitation_unit=inch&elevation=81.534
The Summit at Snoqualmie - WA|Washington|Pacific Northwest|98068|5420|4280|3140|2280|25|110|1994|0.16|319.04|0.39|777.66|0.45|897.3|47.42|-121.41|1304.544|America/Los_Angeles|USA|USD|149|149|112|estimate|https://www.onthesnow.com/washington/the-summit-at-snoqualmie/trailmap|https://archive-api.open-meteo.com/v1/archive?latitude=47.42&longitude=-121.41&start_date=1999-06-01&end_date=2026-05-31&hourly=temperature_2m,apparent_temperature,snowfall,snow_depth,rain,cloud_cover,cloud_cover_low,cloud_cover_mid,cloud_cover_high,weather_code,wind_direction_100m,wind_direction_10m,wind_speed_100m,wind_speed_10m,wind_gusts_10m,dew_point_2m,relative_humidity_2m,sunshine_duration,direct_normal_irradiance,diffuse_radiation,shortwave_radiation,terrestrial_radiation,direct_normal_irradiance_instant,diffuse_radiation_instant,shortwave_radiation_instant,terrestrial_radiation_instant,is_day&timezone=America/Los_Angeles&temperature_unit=fahrenheit&wind_speed_unit=mph&precipitation_unit=inch&elevation=1304.544
Thunder Ridge - NY|New York|Northeast|12563|1300|1000|700|600|5|30|100|0.4|40|0.4|40|0.2|20|41.51|-73.63|304.8|America/New_York|USA|USD|65|65|57|estimate|https://www.onthesnow.com/new-york/thunder-ridge/trailmap|https://archive-api.open-meteo.com/v1/archive?latitude=41.51&longitude=-73.63&start_date=1999-06-01&end_date=2026-05-31&hourly=temperature_2m,apparent_temperature,snowfall,snow_depth,rain,cloud_cover,cloud_cover_low,cloud_cover_mid,cloud_cover_high,weather_code,wind_direction_100m,wind_direction_10m,wind_speed_100m,wind_speed_10m,wind_gusts_10m,dew_point_2m,relative_humidity_2m,sunshine_duration,direct_normal_irradiance,diffuse_radiation,shortwave_radiation,terrestrial_radiation,direct_normal_irradiance_instant,diffuse_radiation_instant,shortwave_radiation_instant,terrestrial_radiation_instant,is_day&timezone=America/New_York&temperature_unit=fahrenheit&wind_speed_unit=mph&precipitation_unit=inch&elevation=304.8
Timber Ridge - MI|Michigan|Midwest|49071|1100|980|860|240|10|15|50|0.53|26.5|0.26|13|0.21|10.5|42.21|-85.72|298.704|America/Detroit|USA|USD|55|55|48|estimate|https://www.onthesnow.com/michigan/timber-ridge/trailmap|https://archive-api.open-meteo.com/v1/archive?latitude=42.21&longitude=-85.72&start_date=1999-06-01&end_date=2026-05-31&hourly=temperature_2m,apparent_temperature,snowfall,snow_depth,rain,cloud_cover,cloud_cover_low,cloud_cover_mid,cloud_cover_high,weather_code,wind_direction_100m,wind_direction_10m,wind_speed_100m,wind_speed_10m,wind_gusts_10m,dew_point_2m,relative_humidity_2m,sunshine_duration,direct_normal_irradiance,diffuse_radiation,shortwave_radiation,terrestrial_radiation,direct_normal_irradiance_instant,diffuse_radiation_instant,shortwave_radiation_instant,terrestrial_radiation_instant,is_day&timezone=America/Detroit&temperature_unit=fahrenheit&wind_speed_unit=mph&precipitation_unit=inch&elevation=298.704
Timberline Lodge - OR|Oregon|Pacific Northwest|97028|8540|6695|4850|3690|7|41|1415|0.25|353.75|0.5|707.5|0.25|353.75|45.33|-121.71|2040.636|America/Los_Angeles|USA|USD|129|129|97|estimate|https://www.onthesnow.com/oregon/timberline-lodge/trailmap|https://archive-api.open-meteo.com/v1/archive?latitude=45.33&longitude=-121.71&start_date=1999-06-01&end_date=2026-05-31&hourly=temperature_2m,apparent_temperature,snowfall,snow_depth,rain,cloud_cover,cloud_cover_low,cloud_cover_mid,cloud_cover_high,weather_code,wind_direction_100m,wind_direction_10m,wind_speed_100m,wind_speed_10m,wind_gusts_10m,dew_point_2m,relative_humidity_2m,sunshine_duration,direct_normal_irradiance,diffuse_radiation,shortwave_radiation,terrestrial_radiation,direct_normal_irradiance_instant,diffuse_radiation_instant,shortwave_radiation_instant,terrestrial_radiation_instant,is_day&timezone=America/Los_Angeles&temperature_unit=fahrenheit&wind_speed_unit=mph&precipitation_unit=inch&elevation=2040.636
Timberline Mountain - WV|West Virginia|Southeast|26260|4268|3768|3268|1000|4|40|100|0.5|50|0.3|30|0.2|20|39.06|-79.4|1148.4864|America/New_York|USA|USD|89|89|78|estimate|https://www.onthesnow.com/west-virginia/timberline-four-seasons/trailmap|https://archive-api.open-meteo.com/v1/archive?latitude=39.06&longitude=-79.4&start_date=1999-06-01&end_date=2026-05-31&hourly=temperature_2m,apparent_temperature,snowfall,snow_depth,rain,cloud_cover,cloud_cover_low,cloud_cover_mid,cloud_cover_high,weather_code,wind_direction_100m,wind_direction_10m,wind_speed_100m,wind_speed_10m,wind_gusts_10m,dew_point_2m,relative_humidity_2m,sunshine_duration,direct_normal_irradiance,diffuse_radiation,shortwave_radiation,terrestrial_radiation,direct_normal_irradiance_instant,diffuse_radiation_instant,shortwave_radiation_instant,terrestrial_radiation_instant,is_day&timezone=America/New_York&temperature_unit=fahrenheit&wind_speed_unit=mph&precipitation_unit=inch&elevation=1148.4864
Titcomb Mountain - ME|Maine|Northeast|4992|750|575|400|350|2|16|45|0.23|10.35|0.25|11.25|0.52|23.4|44.66|-70.16|175.26|America/New_York|USA|USD|45|45|40|estimate||https://archive-api.open-meteo.com/v1/archive?latitude=44.66&longitude=-70.16&start_date=1999-06-01&end_date=2026-05-31&hourly=temperature_2m,apparent_temperature,snowfall,snow_depth,rain,cloud_cover,cloud_cover_low,cloud_cover_mid,cloud_cover_high,weather_code,wind_direction_100m,wind_direction_10m,wind_speed_100m,wind_speed_10m,wind_gusts_10m,dew_point_2m,relative_humidity_2m,sunshine_duration,direct_normal_irradiance,diffuse_radiation,shortwave_radiation,terrestrial_radiation,direct_normal_irradiance_instant,diffuse_radiation_instant,shortwave_radiation_instant,terrestrial_radiation_instant,is_day&timezone=America/New_York&temperature_unit=fahrenheit&wind_speed_unit=mph&precipitation_unit=inch&elevation=175.26
Titus Mountain - NY|New York|Northeast|12953|2440|1840|1240|1200|9|50|380|0.34|129.2|0.38|144.4|0.28|106.4|44.79|-74.24|560.832|America/New_York|USA|USD|65|65|57|estimate|https://www.onthesnow.com/new-york/titus-mountain/trailmap|https://archive-api.open-meteo.com/v1/archive?latitude=44.79&longitude=-74.24&start_date=1999-06-01&end_date=2026-05-31&hourly=temperature_2m,apparent_temperature,snowfall,snow_depth,rain,cloud_cover,cloud_cover_low,cloud_cover_mid,cloud_cover_high,weather_code,wind_direction_100m,wind_direction_10m,wind_speed_100m,wind_speed_10m,wind_gusts_10m,dew_point_2m,relative_humidity_2m,sunshine_duration,direct_normal_irradiance,diffuse_radiation,shortwave_radiation,terrestrial_radiation,direct_normal_irradiance_instant,diffuse_radiation_instant,shortwave_radiation_instant,terrestrial_radiation_instant,is_day&timezone=America/New_York&temperature_unit=fahrenheit&wind_speed_unit=mph&precipitation_unit=inch&elevation=560.832
Treetops - MI|Michigan|Midwest||1345|1232.5|1120|225|5|23|80|0.14|11.2|0.29|23.2|0.57|45.6|45.09|-84.61|375.666|America/Detroit|USA|USD|65|65|57|estimate|https://www.onthesnow.com/michigan/treetops-resort/trailmap|https://archive-api.open-meteo.com/v1/archive?latitude=45.09&longitude=-84.61&start_date=1999-06-01&end_date=2026-05-31&hourly=temperature_2m,apparent_temperature,snowfall,snow_depth,rain,cloud_cover,cloud_cover_low,cloud_cover_mid,cloud_cover_high,weather_code,wind_direction_100m,wind_direction_10m,wind_speed_100m,wind_speed_10m,wind_gusts_10m,dew_point_2m,relative_humidity_2m,sunshine_duration,direct_normal_irradiance,diffuse_radiation,shortwave_radiation,terrestrial_radiation,direct_normal_irradiance_instant,diffuse_radiation_instant,shortwave_radiation_instant,terrestrial_radiation_instant,is_day&timezone=America/Detroit&temperature_unit=fahrenheit&wind_speed_unit=mph&precipitation_unit=inch&elevation=375.666
Trollhaugen - WI|Wisconsin|Midwest|54810|1200|1070|940|260|10|24|86|0.22|18.92|0.37|31.82|0.41|35.26|45.29|-92.62|326.136|America/Chicago|USA|USD|69|69|61|estimate|https://www.onthesnow.com/wisconsin/trollhaugen/trailmap|https://archive-api.open-meteo.com/v1/archive?latitude=45.29&longitude=-92.62&start_date=1999-06-01&end_date=2026-05-31&hourly=temperature_2m,apparent_temperature,snowfall,snow_depth,rain,cloud_cover,cloud_cover_low,cloud_cover_mid,cloud_cover_high,weather_code,wind_direction_100m,wind_direction_10m,wind_speed_100m,wind_speed_10m,wind_gusts_10m,dew_point_2m,relative_humidity_2m,sunshine_duration,direct_normal_irradiance,diffuse_radiation,shortwave_radiation,terrestrial_radiation,direct_normal_irradiance_instant,diffuse_radiation_instant,shortwave_radiation_instant,terrestrial_radiation_instant,is_day&timezone=America/Chicago&temperature_unit=fahrenheit&wind_speed_unit=mph&precipitation_unit=inch&elevation=326.136
Turner Mountain - MT|Montana|Northern Rockies||5952|4897|3842|2110|1|25||0.1||0.3||0.6||48.61|-115.67|1492.6056|America/Denver|USA|USD|55|55|48|estimate||https://archive-api.open-meteo.com/v1/archive?latitude=48.61&longitude=-115.67&start_date=1999-06-01&end_date=2026-05-31&hourly=temperature_2m,apparent_temperature,snowfall,snow_depth,rain,cloud_cover,cloud_cover_low,cloud_cover_mid,cloud_cover_high,weather_code,wind_direction_100m,wind_direction_10m,wind_speed_100m,wind_speed_10m,wind_gusts_10m,dew_point_2m,relative_humidity_2m,sunshine_duration,direct_normal_irradiance,diffuse_radiation,shortwave_radiation,terrestrial_radiation,direct_normal_irradiance_instant,diffuse_radiation_instant,shortwave_radiation_instant,terrestrial_radiation_instant,is_day&timezone=America/Denver&temperature_unit=fahrenheit&wind_speed_unit=mph&precipitation_unit=inch&elevation=1492.6056
Tussey Mountain - PA|Pennsylvania|Mid-Atlantic|16827|1810|1560|1310|500|5|8|38|1|38|0|0|0|0|40.79|-77.75|475.488|America/New_York|USA|USD|55|55|48|estimate|https://www.onthesnow.com/pennsylvania/tussey-mountain/trailmap|https://archive-api.open-meteo.com/v1/archive?latitude=40.79&longitude=-77.75&start_date=1999-06-01&end_date=2026-05-31&hourly=temperature_2m,apparent_temperature,snowfall,snow_depth,rain,cloud_cover,cloud_cover_low,cloud_cover_mid,cloud_cover_high,weather_code,wind_direction_100m,wind_direction_10m,wind_speed_100m,wind_speed_10m,wind_gusts_10m,dew_point_2m,relative_humidity_2m,sunshine_duration,direct_normal_irradiance,diffuse_radiation,shortwave_radiation,terrestrial_radiation,direct_normal_irradiance_instant,diffuse_radiation_instant,shortwave_radiation_instant,terrestrial_radiation_instant,is_day&timezone=America/New_York&temperature_unit=fahrenheit&wind_speed_unit=mph&precipitation_unit=inch&elevation=475.488
Tyrol Basin - WI|Wisconsin|Midwest||1160|1010|860|300|6|18|32|0.33|10.56|0.25|8|0.42|13.44|43.06|-89.75|307.848|America/Chicago|USA|USD|65|65|57|estimate|https://www.onthesnow.com/wisconsin/tyrol-basin/trailmap|https://archive-api.open-meteo.com/v1/archive?latitude=43.06&longitude=-89.75&start_date=1999-06-01&end_date=2026-05-31&hourly=temperature_2m,apparent_temperature,snowfall,snow_depth,rain,cloud_cover,cloud_cover_low,cloud_cover_mid,cloud_cover_high,weather_code,wind_direction_100m,wind_direction_10m,wind_speed_100m,wind_speed_10m,wind_gusts_10m,dew_point_2m,relative_humidity_2m,sunshine_duration,direct_normal_irradiance,diffuse_radiation,shortwave_radiation,terrestrial_radiation,direct_normal_irradiance_instant,diffuse_radiation_instant,shortwave_radiation_instant,terrestrial_radiation_instant,is_day&timezone=America/Chicago&temperature_unit=fahrenheit&wind_speed_unit=mph&precipitation_unit=inch&elevation=307.848
Vail - CO|Colorado|Colorado & Utah|81657|11570|9845|8120|3450|31|195|5317|0.23|1222.91|0.34|1807.78|0.44|2339.48|39.64|-106.37|3000.756|America/Denver|USA|USD|330|330|248|published_2526|https://www.onthesnow.com/colorado/vail/trailmap|https://archive-api.open-meteo.com/v1/archive?latitude=39.64&longitude=-106.37&start_date=1999-06-01&end_date=2026-05-31&hourly=temperature_2m,apparent_temperature,snowfall,snow_depth,rain,cloud_cover,cloud_cover_low,cloud_cover_mid,cloud_cover_high,weather_code,wind_direction_100m,wind_direction_10m,wind_speed_100m,wind_speed_10m,wind_gusts_10m,dew_point_2m,relative_humidity_2m,sunshine_duration,direct_normal_irradiance,diffuse_radiation,shortwave_radiation,terrestrial_radiation,direct_normal_irradiance_instant,diffuse_radiation_instant,shortwave_radiation_instant,terrestrial_radiation_instant,is_day&timezone=America/Denver&temperature_unit=fahrenheit&wind_speed_unit=mph&precipitation_unit=inch&elevation=3000.756
Villa Olivia - IL|Illinois|Midwest|60123|900|810|720|180|7|7|15|0.4|6|0.4|6|0.2|3|42.02|-88.3|246.888|America/Chicago|USA|USD|55|55|48|estimate|https://www.onthesnow.com/illinois/villa-olivia/trailmap|https://archive-api.open-meteo.com/v1/archive?latitude=42.02&longitude=-88.3&start_date=1999-06-01&end_date=2026-05-31&hourly=temperature_2m,apparent_temperature,snowfall,snow_depth,rain,cloud_cover,cloud_cover_low,cloud_cover_mid,cloud_cover_high,weather_code,wind_direction_100m,wind_direction_10m,wind_speed_100m,wind_speed_10m,wind_gusts_10m,dew_point_2m,relative_humidity_2m,sunshine_duration,direct_normal_irradiance,diffuse_radiation,shortwave_radiation,terrestrial_radiation,direct_normal_irradiance_instant,diffuse_radiation_instant,shortwave_radiation_instant,terrestrial_radiation_instant,is_day&timezone=America/Chicago&temperature_unit=fahrenheit&wind_speed_unit=mph&precipitation_unit=inch&elevation=246.888
Vorlage - QC|Quebec|Eastern Canada|J0X 3G0|1198|963|728|466|4|20|60|0.2|12|0.53|31.8|0.27|16.2|45.644726|-75.934586|293.5224|America/Toronto|Canada|CAD|||||https://www.onthesnow.com/quebec/vorlage/trailmap|https://archive-api.open-meteo.com/v1/archive?latitude=45.644726&longitude=-75.934586&start_date=1999-06-01&end_date=2026-05-31&hourly=temperature_2m,apparent_temperature,snowfall,snow_depth,rain,cloud_cover,cloud_cover_low,cloud_cover_mid,cloud_cover_high,weather_code,wind_direction_100m,wind_direction_10m,wind_speed_100m,wind_speed_10m,wind_gusts_10m,dew_point_2m,relative_humidity_2m,sunshine_duration,direct_normal_irradiance,diffuse_radiation,shortwave_radiation,terrestrial_radiation,direct_normal_irradiance_instant,diffuse_radiation_instant,shortwave_radiation_instant,terrestrial_radiation_instant,is_day&timezone=America/Toronto&temperature_unit=fahrenheit&wind_speed_unit=mph&precipitation_unit=inch&elevation=293.5224
Wachusett Mountain - MA|Massachusetts|Northeast|1474|2006|1498|990|1000|8|27|125|0.19|23.75|0.63|78.75|0.19|23.75|42.5|-71.89|456.5904|America/New_York|USA|USD|99|99|87|estimate|https://www.onthesnow.com/massachusetts/wachusett-mountain-ski-area/trailmap|https://archive-api.open-meteo.com/v1/archive?latitude=42.5&longitude=-71.89&start_date=1999-06-01&end_date=2026-05-31&hourly=temperature_2m,apparent_temperature,snowfall,snow_depth,rain,cloud_cover,cloud_cover_low,cloud_cover_mid,cloud_cover_high,weather_code,wind_direction_100m,wind_direction_10m,wind_speed_100m,wind_speed_10m,wind_gusts_10m,dew_point_2m,relative_humidity_2m,sunshine_duration,direct_normal_irradiance,diffuse_radiation,shortwave_radiation,terrestrial_radiation,direct_normal_irradiance_instant,diffuse_radiation_instant,shortwave_radiation_instant,terrestrial_radiation_instant,is_day&timezone=America/New_York&temperature_unit=fahrenheit&wind_speed_unit=mph&precipitation_unit=inch&elevation=456.5904
Warner Canyon - OR|Oregon|Pacific Northwest||6720|6220|5720|1000|1|22||0.52||0.24||0.24||42.27|-120.28|1895.856|America/Los_Angeles|USA|USD|40|40|35|estimate||https://archive-api.open-meteo.com/v1/archive?latitude=42.27&longitude=-120.28&start_date=1999-06-01&end_date=2026-05-31&hourly=temperature_2m,apparent_temperature,snowfall,snow_depth,rain,cloud_cover,cloud_cover_low,cloud_cover_mid,cloud_cover_high,weather_code,wind_direction_100m,wind_direction_10m,wind_speed_100m,wind_speed_10m,wind_gusts_10m,dew_point_2m,relative_humidity_2m,sunshine_duration,direct_normal_irradiance,diffuse_radiation,shortwave_radiation,terrestrial_radiation,direct_normal_irradiance_instant,diffuse_radiation_instant,shortwave_radiation_instant,terrestrial_radiation_instant,is_day&timezone=America/Los_Angeles&temperature_unit=fahrenheit&wind_speed_unit=mph&precipitation_unit=inch&elevation=1895.856
Waterville Valley - NH|New Hampshire|Northeast|3215|4004|2994|1984|2020|11|62|265|0.16|42.4|0.56|148.4|0.28|74.2|43.96|-71.5|912.5712|America/New_York|USA|USD|129|129|97|estimate|https://www.onthesnow.com/new-hampshire/waterville-valley/trailmap|https://archive-api.open-meteo.com/v1/archive?latitude=43.96&longitude=-71.5&start_date=1999-06-01&end_date=2026-05-31&hourly=temperature_2m,apparent_temperature,snowfall,snow_depth,rain,cloud_cover,cloud_cover_low,cloud_cover_mid,cloud_cover_high,weather_code,wind_direction_100m,wind_direction_10m,wind_speed_100m,wind_speed_10m,wind_gusts_10m,dew_point_2m,relative_humidity_2m,sunshine_duration,direct_normal_irradiance,diffuse_radiation,shortwave_radiation,terrestrial_radiation,direct_normal_irradiance_instant,diffuse_radiation_instant,shortwave_radiation_instant,terrestrial_radiation_instant,is_day&timezone=America/New_York&temperature_unit=fahrenheit&wind_speed_unit=mph&precipitation_unit=inch&elevation=912.5712
Welch Village - MN|Minnesota|Midwest|55089|1060|880|700|360|9|60|125|0.31|38.75|0.5|62.5|0.19|23.75|44.56|-92.74|268.224|America/Chicago|USA|USD|69|69|61|estimate|https://www.onthesnow.com/minnesota/welch-village/trailmap|https://archive-api.open-meteo.com/v1/archive?latitude=44.56&longitude=-92.74&start_date=1999-06-01&end_date=2026-05-31&hourly=temperature_2m,apparent_temperature,snowfall,snow_depth,rain,cloud_cover,cloud_cover_low,cloud_cover_mid,cloud_cover_high,weather_code,wind_direction_100m,wind_direction_10m,wind_speed_100m,wind_speed_10m,wind_gusts_10m,dew_point_2m,relative_humidity_2m,sunshine_duration,direct_normal_irradiance,diffuse_radiation,shortwave_radiation,terrestrial_radiation,direct_normal_irradiance_instant,diffuse_radiation_instant,shortwave_radiation_instant,terrestrial_radiation_instant,is_day&timezone=America/Chicago&temperature_unit=fahrenheit&wind_speed_unit=mph&precipitation_unit=inch&elevation=268.224
West Mountain - NY|New York|Northeast|12804|1470|965|460|1010|8|40|124|0.36|44.64|0.55|68.2|0.09|11.16|43.3|-73.72|294.132|America/New_York|USA|USD|69|69|61|estimate|https://www.onthesnow.com/new-york/west-mountain/trailmap|https://archive-api.open-meteo.com/v1/archive?latitude=43.3&longitude=-73.72&start_date=1999-06-01&end_date=2026-05-31&hourly=temperature_2m,apparent_temperature,snowfall,snow_depth,rain,cloud_cover,cloud_cover_low,cloud_cover_mid,cloud_cover_high,weather_code,wind_direction_100m,wind_direction_10m,wind_speed_100m,wind_speed_10m,wind_gusts_10m,dew_point_2m,relative_humidity_2m,sunshine_duration,direct_normal_irradiance,diffuse_radiation,shortwave_radiation,terrestrial_radiation,direct_normal_irradiance_instant,diffuse_radiation_instant,shortwave_radiation_instant,terrestrial_radiation_instant,is_day&timezone=America/New_York&temperature_unit=fahrenheit&wind_speed_unit=mph&precipitation_unit=inch&elevation=294.132
Whaleback - NH|New Hampshire|Northeast|3766|1800|1450|1100|700|2|30|85|0.23|19.55|0.41|34.85|0.36|30.6|43.63|-72.2|441.96|America/New_York|USA|USD|55|55|48|estimate|https://www.onthesnow.com/new-hampshire/whaleback-mountain/trailmap|https://archive-api.open-meteo.com/v1/archive?latitude=43.63&longitude=-72.2&start_date=1999-06-01&end_date=2026-05-31&hourly=temperature_2m,apparent_temperature,snowfall,snow_depth,rain,cloud_cover,cloud_cover_low,cloud_cover_mid,cloud_cover_high,weather_code,wind_direction_100m,wind_direction_10m,wind_speed_100m,wind_speed_10m,wind_gusts_10m,dew_point_2m,relative_humidity_2m,sunshine_duration,direct_normal_irradiance,diffuse_radiation,shortwave_radiation,terrestrial_radiation,direct_normal_irradiance_instant,diffuse_radiation_instant,shortwave_radiation_instant,terrestrial_radiation_instant,is_day&timezone=America/New_York&temperature_unit=fahrenheit&wind_speed_unit=mph&precipitation_unit=inch&elevation=441.96
Whistler Blackcomb - BC|British Columbia|Western Canada|V0N 1B4|7494|4854|2214|5280|37|200|8171|0.18|1470.78|0.4|3268.4|0.42|3431.82|50.11|-122.95|1479.4992|America/Vancouver|Canada|CAD|349|251|262|estimate|https://www.onthesnow.com/british-columbia/whistler-blackcomb/trailmap|https://archive-api.open-meteo.com/v1/archive?latitude=50.11&longitude=-122.95&start_date=1999-06-01&end_date=2026-05-31&hourly=temperature_2m,apparent_temperature,snowfall,snow_depth,rain,cloud_cover,cloud_cover_low,cloud_cover_mid,cloud_cover_high,weather_code,wind_direction_100m,wind_direction_10m,wind_speed_100m,wind_speed_10m,wind_gusts_10m,dew_point_2m,relative_humidity_2m,sunshine_duration,direct_normal_irradiance,diffuse_radiation,shortwave_radiation,terrestrial_radiation,direct_normal_irradiance_instant,diffuse_radiation_instant,shortwave_radiation_instant,terrestrial_radiation_instant,is_day&timezone=America/Vancouver&temperature_unit=fahrenheit&wind_speed_unit=mph&precipitation_unit=inch&elevation=1479.4992
White Pass - WA|Washington|Pacific Northwest|98937|6550|5525|4500|2050|8|53|1402|0.2|280.4|0.6|841.2|0.2|280.4|46.64|-121.39|1684.02|America/Los_Angeles|USA|USD|119|119|89|published_2526|https://www.onthesnow.com/washington/white-pass/trailmap|https://archive-api.open-meteo.com/v1/archive?latitude=46.64&longitude=-121.39&start_date=1999-06-01&end_date=2026-05-31&hourly=temperature_2m,apparent_temperature,snowfall,snow_depth,rain,cloud_cover,cloud_cover_low,cloud_cover_mid,cloud_cover_high,weather_code,wind_direction_100m,wind_direction_10m,wind_speed_100m,wind_speed_10m,wind_gusts_10m,dew_point_2m,relative_humidity_2m,sunshine_duration,direct_normal_irradiance,diffuse_radiation,shortwave_radiation,terrestrial_radiation,direct_normal_irradiance_instant,diffuse_radiation_instant,shortwave_radiation_instant,terrestrial_radiation_instant,is_day&timezone=America/Los_Angeles&temperature_unit=fahrenheit&wind_speed_unit=mph&precipitation_unit=inch&elevation=1684.02
White Pine - WY|Wyoming|Northern Rockies||9500|8950|8400|1100|2|25|370|0.26|96.2|0.33|122.1|0.41|151.7|43.05|-109.79|2727.96|America/Denver|USA|USD|65|65|57|estimate|https://www.onthesnow.com/wyoming/white-pine-ski-area/trailmap|https://archive-api.open-meteo.com/v1/archive?latitude=43.05&longitude=-109.79&start_date=1999-06-01&end_date=2026-05-31&hourly=temperature_2m,apparent_temperature,snowfall,snow_depth,rain,cloud_cover,cloud_cover_low,cloud_cover_mid,cloud_cover_high,weather_code,wind_direction_100m,wind_direction_10m,wind_speed_100m,wind_speed_10m,wind_gusts_10m,dew_point_2m,relative_humidity_2m,sunshine_duration,direct_normal_irradiance,diffuse_radiation,shortwave_radiation,terrestrial_radiation,direct_normal_irradiance_instant,diffuse_radiation_instant,shortwave_radiation_instant,terrestrial_radiation_instant,is_day&timezone=America/Denver&temperature_unit=fahrenheit&wind_speed_unit=mph&precipitation_unit=inch&elevation=2727.96
Whitecap Mountains - WI|Wisconsin|Midwest|54536|1750|1550|1350|400|7|43|400|0.33|132|0.28|112|0.4|160|46.32|-90.35|472.44|America/Chicago|USA|USD|69|69|61|estimate|https://www.onthesnow.com/wisconsin/whitecap-mountain/trailmap|https://archive-api.open-meteo.com/v1/archive?latitude=46.32&longitude=-90.35&start_date=1999-06-01&end_date=2026-05-31&hourly=temperature_2m,apparent_temperature,snowfall,snow_depth,rain,cloud_cover,cloud_cover_low,cloud_cover_mid,cloud_cover_high,weather_code,wind_direction_100m,wind_direction_10m,wind_speed_100m,wind_speed_10m,wind_gusts_10m,dew_point_2m,relative_humidity_2m,sunshine_duration,direct_normal_irradiance,diffuse_radiation,shortwave_radiation,terrestrial_radiation,direct_normal_irradiance_instant,diffuse_radiation_instant,shortwave_radiation_instant,terrestrial_radiation_instant,is_day&timezone=America/Chicago&temperature_unit=fahrenheit&wind_speed_unit=mph&precipitation_unit=inch&elevation=472.44
Whiteface Mountain - NY|New York|Northeast|12946|4650|2935|1220|3430|11|90|290|0.23|66.7|0.46|133.4|0.31|89.9|44.37|-73.9|894.588|America/New_York|USA|USD|119|119|105|estimate|https://www.onthesnow.com/new-york/whiteface-mountain-resort/trailmap|https://archive-api.open-meteo.com/v1/archive?latitude=44.37&longitude=-73.9&start_date=1999-06-01&end_date=2026-05-31&hourly=temperature_2m,apparent_temperature,snowfall,snow_depth,rain,cloud_cover,cloud_cover_low,cloud_cover_mid,cloud_cover_high,weather_code,wind_direction_100m,wind_direction_10m,wind_speed_100m,wind_speed_10m,wind_gusts_10m,dew_point_2m,relative_humidity_2m,sunshine_duration,direct_normal_irradiance,diffuse_radiation,shortwave_radiation,terrestrial_radiation,direct_normal_irradiance_instant,diffuse_radiation_instant,shortwave_radiation_instant,terrestrial_radiation_instant,is_day&timezone=America/New_York&temperature_unit=fahrenheit&wind_speed_unit=mph&precipitation_unit=inch&elevation=894.588
Whitefish Mountain - MT|Montana|Northern Rockies|59937|6817|5640.5|4464|2353|15|111|3000|0.15|450|0.35|1050|0.5|1500|48.48|-114.35|1719.2244|America/Denver|USA|USD|145|145|109|estimate|https://www.onthesnow.com/montana/whitefish-mountain-resort/trailmap|https://archive-api.open-meteo.com/v1/archive?latitude=48.48&longitude=-114.35&start_date=1999-06-01&end_date=2026-05-31&hourly=temperature_2m,apparent_temperature,snowfall,snow_depth,rain,cloud_cover,cloud_cover_low,cloud_cover_mid,cloud_cover_high,weather_code,wind_direction_100m,wind_direction_10m,wind_speed_100m,wind_speed_10m,wind_gusts_10m,dew_point_2m,relative_humidity_2m,sunshine_duration,direct_normal_irradiance,diffuse_radiation,shortwave_radiation,terrestrial_radiation,direct_normal_irradiance_instant,diffuse_radiation_instant,shortwave_radiation_instant,terrestrial_radiation_instant,is_day&timezone=America/Denver&temperature_unit=fahrenheit&wind_speed_unit=mph&precipitation_unit=inch&elevation=1719.2244
Whitetail - PA|Pennsylvania|Mid-Atlantic|17268|1800|1332.5|865|935|7|23|120|0.32|38.4|0.5|60|0.18|21.6|39.75|-77.86|406.146|America/New_York|USA|USD|99|99|87|estimate|https://www.onthesnow.com/pennsylvania/whitetail-resort/trailmap|https://archive-api.open-meteo.com/v1/archive?latitude=39.75&longitude=-77.86&start_date=1999-06-01&end_date=2026-05-31&hourly=temperature_2m,apparent_temperature,snowfall,snow_depth,rain,cloud_cover,cloud_cover_low,cloud_cover_mid,cloud_cover_high,weather_code,wind_direction_100m,wind_direction_10m,wind_speed_100m,wind_speed_10m,wind_gusts_10m,dew_point_2m,relative_humidity_2m,sunshine_duration,direct_normal_irradiance,diffuse_radiation,shortwave_radiation,terrestrial_radiation,direct_normal_irradiance_instant,diffuse_radiation_instant,shortwave_radiation_instant,terrestrial_radiation_instant,is_day&timezone=America/New_York&temperature_unit=fahrenheit&wind_speed_unit=mph&precipitation_unit=inch&elevation=406.146
Whitewater - BC|British Columbia|Western Canada|V1L 6K1|7444|6422|5400|2044|4|82|2367|0.09|213.03|0.25|591.75|0.66|1562.22|49.41|-117.15|1957.4256|America/Vancouver|Canada|CAD|119|86|105|estimate|https://www.onthesnow.com/british-columbia/whitewater/trailmap|https://archive-api.open-meteo.com/v1/archive?latitude=49.41&longitude=-117.15&start_date=1999-06-01&end_date=2026-05-31&hourly=temperature_2m,apparent_temperature,snowfall,snow_depth,rain,cloud_cover,cloud_cover_low,cloud_cover_mid,cloud_cover_high,weather_code,wind_direction_100m,wind_direction_10m,wind_speed_100m,wind_speed_10m,wind_gusts_10m,dew_point_2m,relative_humidity_2m,sunshine_duration,direct_normal_irradiance,diffuse_radiation,shortwave_radiation,terrestrial_radiation,direct_normal_irradiance_instant,diffuse_radiation_instant,shortwave_radiation_instant,terrestrial_radiation_instant,is_day&timezone=America/Vancouver&temperature_unit=fahrenheit&wind_speed_unit=mph&precipitation_unit=inch&elevation=1957.4256
Wild Mountain - MN|Minnesota|Midwest|55084|1113|963|813|300|7|26|100|0.31|31|0.35|35|0.35|35|45.48|-92.72|293.5224|America/Chicago|USA|USD|65|65|57|estimate|https://www.onthesnow.com/minnesota/wild-mountain-ski-snowboard-area/trailmap|https://archive-api.open-meteo.com/v1/archive?latitude=45.48&longitude=-92.72&start_date=1999-06-01&end_date=2026-05-31&hourly=temperature_2m,apparent_temperature,snowfall,snow_depth,rain,cloud_cover,cloud_cover_low,cloud_cover_mid,cloud_cover_high,weather_code,wind_direction_100m,wind_direction_10m,wind_speed_100m,wind_speed_10m,wind_gusts_10m,dew_point_2m,relative_humidity_2m,sunshine_duration,direct_normal_irradiance,diffuse_radiation,shortwave_radiation,terrestrial_radiation,direct_normal_irradiance_instant,diffuse_radiation_instant,shortwave_radiation_instant,terrestrial_radiation_instant,is_day&timezone=America/Chicago&temperature_unit=fahrenheit&wind_speed_unit=mph&precipitation_unit=inch&elevation=293.5224
Wildcat Mountain - NH|New Hampshire|Northeast|3846|4062|3006|1950|2112|4|48|225|0.21|47.25|0.46|103.5|0.33|74.25|44.27|-71.21|916.2288|America/New_York|USA|USD|129|129|97|estimate|https://www.onthesnow.com/new-hampshire/wildcat-mountain/trailmap|https://archive-api.open-meteo.com/v1/archive?latitude=44.27&longitude=-71.21&start_date=1999-06-01&end_date=2026-05-31&hourly=temperature_2m,apparent_temperature,snowfall,snow_depth,rain,cloud_cover,cloud_cover_low,cloud_cover_mid,cloud_cover_high,weather_code,wind_direction_100m,wind_direction_10m,wind_speed_100m,wind_speed_10m,wind_gusts_10m,dew_point_2m,relative_humidity_2m,sunshine_duration,direct_normal_irradiance,diffuse_radiation,shortwave_radiation,terrestrial_radiation,direct_normal_irradiance_instant,diffuse_radiation_instant,shortwave_radiation_instant,terrestrial_radiation_instant,is_day&timezone=America/New_York&temperature_unit=fahrenheit&wind_speed_unit=mph&precipitation_unit=inch&elevation=916.2288
Willamette Pass - OR|Oregon|Pacific Northwest|97425|6683|5901.5|5120|1563|5|29|555|0.17|94.35|0.47|260.85|0.37|205.35|43.6|-122.03|1798.7772|America/Los_Angeles|USA|USD|89|89|78|estimate|https://www.onthesnow.com/oregon/willamette-pass/trailmap|https://archive-api.open-meteo.com/v1/archive?latitude=43.6&longitude=-122.03&start_date=1999-06-01&end_date=2026-05-31&hourly=temperature_2m,apparent_temperature,snowfall,snow_depth,rain,cloud_cover,cloud_cover_low,cloud_cover_mid,cloud_cover_high,weather_code,wind_direction_100m,wind_direction_10m,wind_speed_100m,wind_speed_10m,wind_gusts_10m,dew_point_2m,relative_humidity_2m,sunshine_duration,direct_normal_irradiance,diffuse_radiation,shortwave_radiation,terrestrial_radiation,direct_normal_irradiance_instant,diffuse_radiation_instant,shortwave_radiation_instant,terrestrial_radiation_instant,is_day&timezone=America/Los_Angeles&temperature_unit=fahrenheit&wind_speed_unit=mph&precipitation_unit=inch&elevation=1798.7772
Willard Mountain - NY|New York|Northeast|12834|1415|1162.5|910|505|4|17|50|1|50|0|0|0|0|43.07|-73.51|354.33|America/New_York|USA|USD|55|55|48|estimate|https://www.onthesnow.com/new-york/willard-mountain/trailmap|https://archive-api.open-meteo.com/v1/archive?latitude=43.07&longitude=-73.51&start_date=1999-06-01&end_date=2026-05-31&hourly=temperature_2m,apparent_temperature,snowfall,snow_depth,rain,cloud_cover,cloud_cover_low,cloud_cover_mid,cloud_cover_high,weather_code,wind_direction_100m,wind_direction_10m,wind_speed_100m,wind_speed_10m,wind_gusts_10m,dew_point_2m,relative_humidity_2m,sunshine_duration,direct_normal_irradiance,diffuse_radiation,shortwave_radiation,terrestrial_radiation,direct_normal_irradiance_instant,diffuse_radiation_instant,shortwave_radiation_instant,terrestrial_radiation_instant,is_day&timezone=America/New_York&temperature_unit=fahrenheit&wind_speed_unit=mph&precipitation_unit=inch&elevation=354.33
Wilmot Mountain - WI|Wisconsin|Midwest|53192|1030|915|800|230|7|25|135|0.33|44.55|0.33|44.55|0.33|44.55|42.51|-88.18|278.892|America/Chicago|USA|USD|89|89|78|estimate|https://www.onthesnow.com/wisconsin/wilmot-mountain/trailmap|https://archive-api.open-meteo.com/v1/archive?latitude=42.51&longitude=-88.18&start_date=1999-06-01&end_date=2026-05-31&hourly=temperature_2m,apparent_temperature,snowfall,snow_depth,rain,cloud_cover,cloud_cover_low,cloud_cover_mid,cloud_cover_high,weather_code,wind_direction_100m,wind_direction_10m,wind_speed_100m,wind_speed_10m,wind_gusts_10m,dew_point_2m,relative_humidity_2m,sunshine_duration,direct_normal_irradiance,diffuse_radiation,shortwave_radiation,terrestrial_radiation,direct_normal_irradiance_instant,diffuse_radiation_instant,shortwave_radiation_instant,terrestrial_radiation_instant,is_day&timezone=America/Chicago&temperature_unit=fahrenheit&wind_speed_unit=mph&precipitation_unit=inch&elevation=278.892
Windham Mountain - NY|New York|Northeast|12496|3100|2300|1500|1600|12|54|285|0.2|57|0.48|136.8|0.32|91.2|42.3|-74.26|701.04|America/New_York|USA|USD|129|129|97|estimate|https://www.onthesnow.com/new-york/windham-mountain/trailmap|https://archive-api.open-meteo.com/v1/archive?latitude=42.3&longitude=-74.26&start_date=1999-06-01&end_date=2026-05-31&hourly=temperature_2m,apparent_temperature,snowfall,snow_depth,rain,cloud_cover,cloud_cover_low,cloud_cover_mid,cloud_cover_high,weather_code,wind_direction_100m,wind_direction_10m,wind_speed_100m,wind_speed_10m,wind_gusts_10m,dew_point_2m,relative_humidity_2m,sunshine_duration,direct_normal_irradiance,diffuse_radiation,shortwave_radiation,terrestrial_radiation,direct_normal_irradiance_instant,diffuse_radiation_instant,shortwave_radiation_instant,terrestrial_radiation_instant,is_day&timezone=America/New_York&temperature_unit=fahrenheit&wind_speed_unit=mph&precipitation_unit=inch&elevation=701.04
Winter Park - CO|Colorado|Colorado & Utah|80482|12060|10530|9000|3060|25|169|3081|0.23|708.63|0.38|1170.78|0.39|1201.59|39.89|-105.76|3209.544|America/Denver|USA|USD|239|239|179|estimate|https://www.onthesnow.com/colorado/winter-park-resort/trailmap|https://archive-api.open-meteo.com/v1/archive?latitude=39.89&longitude=-105.76&start_date=1999-06-01&end_date=2026-05-31&hourly=temperature_2m,apparent_temperature,snowfall,snow_depth,rain,cloud_cover,cloud_cover_low,cloud_cover_mid,cloud_cover_high,weather_code,wind_direction_100m,wind_direction_10m,wind_speed_100m,wind_speed_10m,wind_gusts_10m,dew_point_2m,relative_humidity_2m,sunshine_duration,direct_normal_irradiance,diffuse_radiation,shortwave_radiation,terrestrial_radiation,direct_normal_irradiance_instant,diffuse_radiation_instant,shortwave_radiation_instant,terrestrial_radiation_instant,is_day&timezone=America/Denver&temperature_unit=fahrenheit&wind_speed_unit=mph&precipitation_unit=inch&elevation=3209.544
Wintergreen - VA|Virginia|Southeast|22958|3515|3013.5|2512|1003|6|26|129|0.23|29.67|0.35|45.15|0.42|54.18|37.92|-78.92|918.5148|America/New_York|USA|USD|109|109|96|estimate|https://www.onthesnow.com/virginia/wintergreen-resort/trailmap|https://archive-api.open-meteo.com/v1/archive?latitude=37.92&longitude=-78.92&start_date=1999-06-01&end_date=2026-05-31&hourly=temperature_2m,apparent_temperature,snowfall,snow_depth,rain,cloud_cover,cloud_cover_low,cloud_cover_mid,cloud_cover_high,weather_code,wind_direction_100m,wind_direction_10m,wind_speed_100m,wind_speed_10m,wind_gusts_10m,dew_point_2m,relative_humidity_2m,sunshine_duration,direct_normal_irradiance,diffuse_radiation,shortwave_radiation,terrestrial_radiation,direct_normal_irradiance_instant,diffuse_radiation_instant,shortwave_radiation_instant,terrestrial_radiation_instant,is_day&timezone=America/New_York&temperature_unit=fahrenheit&wind_speed_unit=mph&precipitation_unit=inch&elevation=918.5148
Winterplace - WV|West Virginia|Southeast|25918|3600|3298.5|2997|603|9|28|90|0.37|33.3|0.4|36|0.23|20.7|37.6|-81.11|1005.3828|America/New_York|USA|USD|79|79|70|estimate|https://www.onthesnow.com/west-virginia/winterplace-ski-resort/trailmap|https://archive-api.open-meteo.com/v1/archive?latitude=37.6&longitude=-81.11&start_date=1999-06-01&end_date=2026-05-31&hourly=temperature_2m,apparent_temperature,snowfall,snow_depth,rain,cloud_cover,cloud_cover_low,cloud_cover_mid,cloud_cover_high,weather_code,wind_direction_100m,wind_direction_10m,wind_speed_100m,wind_speed_10m,wind_gusts_10m,dew_point_2m,relative_humidity_2m,sunshine_duration,direct_normal_irradiance,diffuse_radiation,shortwave_radiation,terrestrial_radiation,direct_normal_irradiance_instant,diffuse_radiation_instant,shortwave_radiation_instant,terrestrial_radiation_instant,is_day&timezone=America/New_York&temperature_unit=fahrenheit&wind_speed_unit=mph&precipitation_unit=inch&elevation=1005.3828
Wisp - MD|Maryland|Mid-Atlantic|21561|3115|2765|2415|700|11|34|172|0.27|46.44|0.42|72.24|0.3|51.6|39.56|-79.34|842.772|America/New_York|USA|USD|99|99|87|estimate|https://www.onthesnow.com/maryland/wisp/trailmap|https://archive-api.open-meteo.com/v1/archive?latitude=39.56&longitude=-79.34&start_date=1999-06-01&end_date=2026-05-31&hourly=temperature_2m,apparent_temperature,snowfall,snow_depth,rain,cloud_cover,cloud_cover_low,cloud_cover_mid,cloud_cover_high,weather_code,wind_direction_100m,wind_direction_10m,wind_speed_100m,wind_speed_10m,wind_gusts_10m,dew_point_2m,relative_humidity_2m,sunshine_duration,direct_normal_irradiance,diffuse_radiation,shortwave_radiation,terrestrial_radiation,direct_normal_irradiance_instant,diffuse_radiation_instant,shortwave_radiation_instant,terrestrial_radiation_instant,is_day&timezone=America/New_York&temperature_unit=fahrenheit&wind_speed_unit=mph&precipitation_unit=inch&elevation=842.772
Wolf Creek - CO|Colorado|Colorado & Utah|81147|11904|11102|10300|1604|9|133|1600|0.2|320|0.35|560|0.45|720|37.47|-106.79|3383.8896|America/Denver|USA|USD|99|99|87|estimate|https://www.onthesnow.com/colorado/wolf-creek-ski-area/trailmap|https://archive-api.open-meteo.com/v1/archive?latitude=37.47&longitude=-106.79&start_date=1999-06-01&end_date=2026-05-31&hourly=temperature_2m,apparent_temperature,snowfall,snow_depth,rain,cloud_cover,cloud_cover_low,cloud_cover_mid,cloud_cover_high,weather_code,wind_direction_100m,wind_direction_10m,wind_speed_100m,wind_speed_10m,wind_gusts_10m,dew_point_2m,relative_humidity_2m,sunshine_duration,direct_normal_irradiance,diffuse_radiation,shortwave_radiation,terrestrial_radiation,direct_normal_irradiance_instant,diffuse_radiation_instant,shortwave_radiation_instant,terrestrial_radiation_instant,is_day&timezone=America/Denver&temperature_unit=fahrenheit&wind_speed_unit=mph&precipitation_unit=inch&elevation=3383.8896
Wolf Mt - UT|Utah|Colorado & Utah||6400|5900|5400|1000|4|22|300|0.2|60|0.3|90|0.51|153|40.48|-111.02|1798.32|America/Denver|USA|USD||||||https://archive-api.open-meteo.com/v1/archive?latitude=40.48&longitude=-111.02&start_date=1999-06-01&end_date=2026-05-31&hourly=temperature_2m,apparent_temperature,snowfall,snow_depth,rain,cloud_cover,cloud_cover_low,cloud_cover_mid,cloud_cover_high,weather_code,wind_direction_100m,wind_direction_10m,wind_speed_100m,wind_speed_10m,wind_gusts_10m,dew_point_2m,relative_humidity_2m,sunshine_duration,direct_normal_irradiance,diffuse_radiation,shortwave_radiation,terrestrial_radiation,direct_normal_irradiance_instant,diffuse_radiation_instant,shortwave_radiation_instant,terrestrial_radiation_instant,is_day&timezone=America/Denver&temperature_unit=fahrenheit&wind_speed_unit=mph&precipitation_unit=inch&elevation=1798.32
Wolf Ridge - NC|North Carolina|Southeast|28754|4700|4350|4000|700|5|22|54|0.19|10.26|0.52|28.08|0.28|15.12|35.95|-82.5|1325.88|America/New_York|USA|USD|79|79|70|estimate|https://www.onthesnow.com/north-carolina/wolf-ridge-ski-resort/trailmap|https://archive-api.open-meteo.com/v1/archive?latitude=35.95&longitude=-82.5&start_date=1999-06-01&end_date=2026-05-31&hourly=temperature_2m,apparent_temperature,snowfall,snow_depth,rain,cloud_cover,cloud_cover_low,cloud_cover_mid,cloud_cover_high,weather_code,wind_direction_100m,wind_direction_10m,wind_speed_100m,wind_speed_10m,wind_gusts_10m,dew_point_2m,relative_humidity_2m,sunshine_duration,direct_normal_irradiance,diffuse_radiation,shortwave_radiation,terrestrial_radiation,direct_normal_irradiance_instant,diffuse_radiation_instant,shortwave_radiation_instant,terrestrial_radiation_instant,is_day&timezone=America/New_York&temperature_unit=fahrenheit&wind_speed_unit=mph&precipitation_unit=inch&elevation=1325.88
Woodbury - CT|Connecticut|Northeast|6798|850|700|550|300|6|15|50|0.25|12.5|0.25|12.5|0.5|25|41.55|-73.22|213.36|America/New_York|USA|USD|55|55|48|estimate|https://www.onthesnow.com/connecticut/woodbury-ski-area/trailmap|https://archive-api.open-meteo.com/v1/archive?latitude=41.55&longitude=-73.22&start_date=1999-06-01&end_date=2026-05-31&hourly=temperature_2m,apparent_temperature,snowfall,snow_depth,rain,cloud_cover,cloud_cover_low,cloud_cover_mid,cloud_cover_high,weather_code,wind_direction_100m,wind_direction_10m,wind_speed_100m,wind_speed_10m,wind_gusts_10m,dew_point_2m,relative_humidity_2m,sunshine_duration,direct_normal_irradiance,diffuse_radiation,shortwave_radiation,terrestrial_radiation,direct_normal_irradiance_instant,diffuse_radiation_instant,shortwave_radiation_instant,terrestrial_radiation_instant,is_day&timezone=America/New_York&temperature_unit=fahrenheit&wind_speed_unit=mph&precipitation_unit=inch&elevation=213.36
Woods Valley - NY|New York|Northeast|13303|1400|1150|900|500|3|11|25|0.2|5|0.6|15|0.2|5|43.3|-75.42|350.52|America/New_York|USA|USD|50|50|44|estimate|https://www.onthesnow.com/new-york/woods-valley-ski-area/trailmap|https://archive-api.open-meteo.com/v1/archive?latitude=43.3&longitude=-75.42&start_date=1999-06-01&end_date=2026-05-31&hourly=temperature_2m,apparent_temperature,snowfall,snow_depth,rain,cloud_cover,cloud_cover_low,cloud_cover_mid,cloud_cover_high,weather_code,wind_direction_100m,wind_direction_10m,wind_speed_100m,wind_speed_10m,wind_gusts_10m,dew_point_2m,relative_humidity_2m,sunshine_duration,direct_normal_irradiance,diffuse_radiation,shortwave_radiation,terrestrial_radiation,direct_normal_irradiance_instant,diffuse_radiation_instant,shortwave_radiation_instant,terrestrial_radiation_instant,is_day&timezone=America/New_York&temperature_unit=fahrenheit&wind_speed_unit=mph&precipitation_unit=inch&elevation=350.52
Yawgoo Valley - RI|Rhode Island|Northeast|2892|315|192.5|70|245|4|12|30|0.3|9|0.4|12|0.3|9|41.52|-71.57|58.674|America/New_York|USA|USD|65|65|57|estimate|https://www.onthesnow.com/rhode-island/yawgoo-valley/trailmap|https://archive-api.open-meteo.com/v1/archive?latitude=41.52&longitude=-71.57&start_date=1999-06-01&end_date=2026-05-31&hourly=temperature_2m,apparent_temperature,snowfall,snow_depth,rain,cloud_cover,cloud_cover_low,cloud_cover_mid,cloud_cover_high,weather_code,wind_direction_100m,wind_direction_10m,wind_speed_100m,wind_speed_10m,wind_gusts_10m,dew_point_2m,relative_humidity_2m,sunshine_duration,direct_normal_irradiance,diffuse_radiation,shortwave_radiation,terrestrial_radiation,direct_normal_irradiance_instant,diffuse_radiation_instant,shortwave_radiation_instant,terrestrial_radiation_instant,is_day&timezone=America/New_York&temperature_unit=fahrenheit&wind_speed_unit=mph&precipitation_unit=inch&elevation=58.674
Yosemite Ski Snowboard Area - CA|California|Sierra Nevada|95389|8000|7600|7200|800|5|10|88|0.35|30.8|0.5|44|0.15|13.2|37.662658|-119.66122|2316.48|America/Los_Angeles|USA|USD|||||https://www.onthesnow.com/california/badger-pass/trailmap|https://archive-api.open-meteo.com/v1/archive?latitude=37.662658&longitude=-119.66122&start_date=1999-06-01&end_date=2026-05-31&hourly=temperature_2m,apparent_temperature,snowfall,snow_depth,rain,cloud_cover,cloud_cover_low,cloud_cover_mid,cloud_cover_high,weather_code,wind_direction_100m,wind_direction_10m,wind_speed_100m,wind_speed_10m,wind_gusts_10m,dew_point_2m,relative_humidity_2m,sunshine_duration,direct_normal_irradiance,diffuse_radiation,shortwave_radiation,terrestrial_radiation,direct_normal_irradiance_instant,diffuse_radiation_instant,shortwave_radiation_instant,terrestrial_radiation_instant,is_day&timezone=America/Los_Angeles&temperature_unit=fahrenheit&wind_speed_unit=mph&precipitation_unit=inch&elevation=2316.48
